request_id,arrival_time,month,day,hour,type,required_units,duration,assigned_cluster,completed,unit_price,revenue
208,2,1,1,2,standard,9,6.48,5,True,8,72
781,2,1,1,2,economy,5,7.937,10,False,4,0
749,5,1,1,5,economy,3,14.717,9,True,4,12
127,6,1,1,6,standard,7,9.985,9,True,8,56
314,8,1,1,8,standard,9,8.352,10,True,8,72
515,10,1,1,10,economy,5,13.558,5,True,4,20
561,10,1,1,10,economy,5,7.616,10,True,4,20
310,10,1,1,10,standard,9,4.789,3,True,8,72
596,11,1,1,11,economy,3,30.606,6,True,4,12
703,11,1,1,11,economy,7,15.857,5,True,4,28
520,11,1,1,11,economy,3,16.785,10,False,4,0
238,13,1,1,13,standard,7,7.366,8,True,8,56
366,15,1,1,15,standard,7,3.723,6,True,8,56
682,19,1,1,19,economy,5,14.899,2,False,4,0
281,20,1,1,20,standard,12,6.458,8,True,8,96
251,20,1,1,20,standard,5,5.52,8,True,8,40
607,21,1,1,21,economy,3,26.027,8,True,4,12
414,22,1,1,22,standard,12,7.02,8,True,8,96
146,22,1,1,22,standard,12,13.987,1,False,8,0
244,22,1,1,22,standard,7,16.759,6,True,8,56
418,22,1,1,22,standard,7,14.112,1,False,8,0
764,23,1,1,23,economy,7,8.013,2,True,4,28
770,23,1,1,23,economy,5,16.296,4,True,4,20
788,23,1,1,23,economy,5,7.103,6,False,4,0
203,23,1,1,23,standard,7,20.923,4,False,8,0
342,24,1,2,0,standard,7,6.562,1,True,8,56
114,25,1,2,1,standard,5,2.953,4,True,8,40
666,25,1,2,1,economy,5,21.274,2,True,4,20
30,27,1,2,3,VIP,12,2.038,6,True,14,168
260,27,1,2,3,standard,7,9.087,2,True,8,56
772,28,1,2,4,economy,5,7.979,1,True,4,20
578,29,1,2,5,economy,3,38.93,2,False,4,0
239,30,1,2,6,standard,5,5.433,3,True,8,40
227,31,1,2,7,standard,12,11.243,9,True,8,96
258,31,1,2,7,standard,5,24.355,2,True,8,40
191,31,1,2,7,standard,12,8.741,6,True,8,96
661,32,1,2,8,economy,7,16.035,3,True,4,28
312,32,1,2,8,standard,7,1.996,8,False,8,0
745,33,1,2,9,economy,5,15.418,8,True,4,20
743,34,1,2,10,economy,5,17.885,1,True,4,20
509,35,1,2,11,economy,3,9.216,9,True,4,12
711,38,1,2,14,economy,9,22.656,4,True,4,36
353,38,1,2,14,standard,9,4.46,7,True,8,72
437,40,1,2,16,economy,5,15.572,9,True,4,20
213,43,1,2,19,standard,7,14.598,2,True,8,56
287,44,1,2,20,standard,9,4.014,10,True,8,72
130,46,1,2,22,standard,5,3.811,10,True,8,40
717,47,1,2,23,economy,9,9.726,9,True,4,36
694,48,1,3,0,economy,3,24.757,5,False,4,0
237,48,1,3,0,standard,9,0.637,5,True,8,72
423,50,1,3,2,standard,5,4.997,5,True,8,40
299,51,1,3,3,standard,9,12.854,7,False,8,0
663,52,1,3,4,economy,3,43.469,3,True,4,12
295,53,1,3,5,standard,9,7.185,2,True,8,72
429,53,1,3,5,standard,5,7.306,2,True,8,40
780,54,1,3,6,economy,3,15.671,1,True,4,12
18,56,1,3,8,VIP,18,5.595,7,True,14,252
233,57,1,3,9,standard,5,5.033,9,True,8,40
20,58,1,3,10,VIP,12,0.708,10,True,14,168
301,62,1,3,14,standard,9,7.401,2,False,8,0
81,62,1,3,14,standard,5,6.764,4,True,8,40
501,63,1,3,15,economy,5,2.805,8,True,4,20
282,65,1,3,17,standard,7,11.688,1,True,8,56
567,65,1,3,17,economy,7,7.869,4,True,4,28
155,65,1,3,17,standard,9,10.043,8,True,8,72
598,66,1,3,18,economy,3,23.747,4,False,4,0
513,66,1,3,18,economy,5,15.949,5,False,4,0
82,66,1,3,18,standard,12,4.305,2,True,8,96
402,67,1,3,19,standard,9,7.601,10,True,8,72
550,67,1,3,19,economy,7,4.766,7,True,4,28
627,68,1,3,20,economy,5,27.61,4,True,4,20
147,69,1,3,21,standard,7,2.805,5,True,8,56
574,70,1,3,22,economy,7,20.657,8,True,4,28
648,72,1,4,0,economy,3,8.93,6,True,4,12
53,73,1,4,1,VIP,18,0.692,7,True,14,252
329,73,1,4,1,standard,7,12.247,6,False,8,0
92,73,1,4,1,standard,9,9.837,1,True,8,72
469,75,1,4,3,economy,5,2.804,4,True,4,20
719,76,1,4,4,economy,7,3.85,4,True,4,28
119,78,1,4,6,standard,12,2.713,5,True,8,96
542,79,1,4,7,economy,7,13.159,1,False,4,0
160,79,1,4,7,standard,9,3.119,2,True,8,72
347,80,1,4,8,standard,9,8.105,3,True,8,72
245,81,1,4,9,standard,9,8.909,10,True,8,72
318,81,1,4,9,standard,12,16.141,1,True,8,96
525,82,1,4,10,economy,3,42.805,3,True,4,12
315,83,1,4,11,standard,7,9.113,9,False,8,0
121,85,1,4,13,standard,12,2.275,5,True,8,96
634,86,1,4,14,economy,5,12.295,4,True,4,20
397,86,1,4,14,standard,9,3.955,8,True,8,72
187,87,1,4,15,standard,9,9.923,2,True,8,72
74,87,1,4,15,VIP,15,4.629,10,True,14,210
408,88,1,4,16,standard,7,4.325,8,True,8,56
547,88,1,4,16,economy,5,16.251,9,True,4,20
276,88,1,4,16,standard,9,5.628,6,True,8,72
42,89,1,4,17,VIP,12,18.717,2,True,14,168
752,93,1,4,21,economy,5,11.594,7,True,4,20
378,94,1,4,22,standard,9,7.817,3,False,8,0
660,95,1,4,23,economy,5,59.08,4,True,4,20
506,96,1,5,0,economy,7,6.44,1,True,4,28
697,96,1,5,0,economy,5,45.721,9,True,4,20
735,97,1,5,1,economy,3,33.436,5,False,4,0
68,98,1,5,2,VIP,12,3.776,10,True,14,168
393,99,1,5,3,standard,7,13.569,4,True,8,56
676,99,1,5,3,economy,5,57.332,10,True,4,20
653,100,1,5,4,economy,3,34.207,5,True,4,12
362,100,1,5,4,standard,5,8.972,7,True,8,40
149,101,1,5,5,standard,12,7.728,6,True,8,96
111,102,1,5,6,standard,9,1.415,10,True,8,72
417,102,1,5,6,standard,5,6.323,9,False,8,0
28,103,1,5,7,VIP,10,2.786,6,True,14,140
454,105,1,5,9,economy,5,16.876,6,True,4,20
457,105,1,5,9,economy,3,15.234,6,True,4,12
446,105,1,5,9,economy,5,10.274,2,True,4,20
373,106,1,5,10,standard,7,0.265,10,True,8,56
151,106,1,5,10,standard,7,6.386,5,True,8,56
763,107,1,5,11,economy,5,57.95,4,False,4,0
532,107,1,5,11,economy,5,8.183,10,True,4,20
32,108,1,5,12,VIP,12,1.253,1,True,14,168
636,111,1,5,15,economy,7,43.557,8,True,4,28
553,113,1,5,17,economy,5,12.715,6,False,4,0
185,113,1,5,17,standard,7,8.286,5,True,8,56
303,113,1,5,17,standard,7,11.933,7,True,8,56
786,113,1,5,17,economy,3,36.531,5,True,4,12
180,114,1,5,18,standard,7,11.684,7,True,8,56
428,115,1,5,19,standard,9,8.528,9,True,8,72
48,117,1,5,21,VIP,12,3.067,10,True,14,168
658,117,1,5,21,economy,7,9.982,5,False,4,0
140,117,1,5,21,standard,12,7.567,8,True,8,96
714,119,1,5,23,economy,3,21.205,6,True,4,12
62,119,1,5,23,VIP,18,11.195,10,True,14,252
25,119,1,5,23,VIP,12,5.263,7,True,14,168
560,120,1,6,0,economy,5,15.459,10,True,4,20
341,120,1,6,0,standard,7,4.356,7,True,8,56
106,120,1,6,0,standard,5,6.61,4,True,8,40
80,120,1,6,0,standard,9,22.596,3,True,8,72
519,122,1,6,2,economy,5,28.398,5,True,4,20
137,123,1,6,3,standard,5,6.462,10,True,8,40
64,123,1,6,3,VIP,15,0.284,8,True,14,210
736,123,1,6,3,economy,5,20.45,3,True,4,20
551,123,1,6,3,economy,3,19.7,2,True,4,12
684,126,1,6,6,economy,3,20.562,1,False,4,0
24,127,1,6,7,VIP,15,1.116,10,True,14,210
279,127,1,6,7,standard,7,7.901,9,True,8,56
545,127,1,6,7,economy,3,19.162,7,True,4,12
601,128,1,6,8,economy,5,18.093,2,True,4,20
705,128,1,6,8,economy,9,8.532,8,True,4,36
247,129,1,6,9,standard,9,24.319,10,True,8,72
23,131,1,6,11,VIP,12,5.428,8,True,14,168
549,131,1,6,11,economy,5,9.966,5,False,4,0
566,131,1,6,11,economy,3,30.399,10,True,4,12
340,132,1,6,12,standard,7,0.798,9,True,8,56
432,132,1,6,12,standard,7,11.958,2,True,8,56
773,134,1,6,14,economy,5,8.251,2,True,4,20
537,134,1,6,14,economy,3,56.486,8,True,4,12
527,134,1,6,14,economy,7,8.461,6,True,4,28
235,134,1,6,14,standard,9,20.441,2,True,8,72
605,136,1,6,16,economy,5,8.818,2,True,4,20
436,138,1,6,18,economy,3,12.494,8,True,4,12
138,139,1,6,19,standard,5,0.555,1,True,8,40
477,140,1,6,20,economy,9,23.498,1,True,4,36
600,145,1,7,1,economy,3,21.483,10,True,4,12
790,146,1,7,2,economy,5,11.588,8,True,4,20
88,146,1,7,2,standard,7,5.375,6,True,8,56
518,146,1,7,2,economy,5,10.682,3,True,4,20
530,147,1,7,3,economy,3,22.326,9,True,4,12
296,148,1,7,4,standard,7,10.856,2,False,8,0
637,151,1,7,7,economy,7,28.756,2,True,4,28
413,151,1,7,7,standard,7,4.442,9,True,8,56
643,151,1,7,7,economy,5,13.285,5,False,4,0
154,152,1,7,8,standard,9,7.67,5,True,8,72
133,153,1,7,9,standard,5,12.359,2,True,8,40
246,154,1,7,10,standard,5,1.025,2,False,8,0
211,156,1,7,12,standard,9,22.572,7,True,8,72
139,158,1,7,14,standard,9,8.09,5,True,8,72
379,158,1,7,14,standard,9,22.615,9,True,8,72
748,159,1,7,15,economy,3,8.131,6,True,4,12
212,159,1,7,15,standard,5,10.598,8,True,8,40
356,161,1,7,17,standard,12,17.804,5,True,8,96
136,161,1,7,17,standard,12,2.635,4,True,8,96
234,162,1,7,18,standard,9,6.849,6,False,8,0
522,164,1,7,20,economy,5,15.317,7,True,4,20
222,165,1,7,21,standard,5,5.015,1,True,8,40
778,165,1,7,21,economy,3,56.647,6,False,4,0
31,166,1,7,22,VIP,12,3.681,2,True,14,168
503,167,1,7,23,economy,7,11.382,6,True,4,28
803,167,1,7,23,economy,3,21.437,10,True,4,12
381,168,1,8,0,standard,5,0.879,4,True,8,40
647,169,1,8,1,economy,9,21.71,3,True,4,36
692,169,1,8,1,economy,5,20.893,3,True,4,20
11,170,1,8,2,VIP,15,8.138,8,True,14,210
358,170,1,8,2,standard,12,5.503,7,True,8,96
116,170,1,8,2,standard,12,7.688,7,True,8,96
552,171,1,8,3,economy,5,11.153,9,True,4,20
394,171,1,8,3,standard,5,10.031,10,True,8,40
293,172,1,8,4,standard,5,5.153,6,True,8,40
377,173,1,8,5,standard,12,2.685,6,True,8,96
649,173,1,8,5,economy,3,46.216,6,True,4,12
405,176,1,8,8,standard,7,6.519,3,True,8,56
194,177,1,8,9,standard,12,3.205,10,True,8,96
623,178,1,8,10,economy,7,15.736,1,True,4,28
538,179,1,8,11,economy,5,19.733,1,False,4,0
427,179,1,8,11,standard,7,16.266,1,True,8,56
361,183,1,8,15,standard,5,8.496,3,True,8,40
404,183,1,8,15,standard,5,6.501,4,True,8,40
9,184,1,8,16,VIP,10,6.764,8,True,14,140
493,184,1,8,16,economy,5,2.655,3,True,4,20
644,185,1,8,17,economy,3,13.854,8,True,4,12
611,185,1,8,17,economy,9,28.787,5,True,4,36
309,186,1,8,18,standard,7,14.833,10,True,8,56
290,186,1,8,18,standard,9,7.425,8,True,8,72
475,187,1,8,19,economy,3,32.547,3,True,4,12
685,187,1,8,19,economy,5,15.399,8,True,4,20
224,190,1,8,22,standard,5,6.471,7,True,8,40
288,190,1,8,22,standard,5,3.686,10,True,8,40
485,191,1,8,23,economy,7,27.214,10,True,4,28
338,192,1,9,0,standard,7,11.389,4,True,8,56
710,194,1,9,2,economy,9,27.69,5,True,4,36
483,195,1,9,3,economy,5,14.743,8,True,4,20
60,196,1,9,4,VIP,12,7.236,8,True,14,168
471,196,1,9,4,economy,7,44.255,10,False,4,0
286,197,1,9,5,standard,5,4.03,2,True,8,40
313,197,1,9,5,standard,7,5.106,5,True,8,56
721,198,1,9,6,economy,3,21.195,3,True,4,12
382,198,1,9,6,standard,7,7.817,2,True,8,56
799,199,1,9,7,economy,7,13.644,7,True,4,28
274,199,1,9,7,standard,12,9.585,6,True,8,96
324,200,1,9,8,standard,9,29.893,6,True,8,72
308,204,1,9,12,standard,7,1.52,8,True,8,56
587,205,1,9,13,economy,3,4.51,1,True,4,12
562,207,1,9,15,economy,5,30.979,2,True,4,20
387,207,1,9,15,standard,5,5.99,6,True,8,40
508,208,1,9,16,economy,3,9.213,7,True,4,12
333,210,1,9,18,standard,5,10.627,5,True,8,40
499,211,1,9,19,economy,7,27.553,7,True,4,28
585,211,1,9,19,economy,7,28.841,5,True,4,28
58,211,1,9,19,VIP,18,12.631,10,True,14,252
77,212,1,9,20,standard,5,12.751,9,True,8,40
740,212,1,9,20,economy,7,7.635,6,False,4,0
183,213,1,9,21,standard,9,11.587,2,True,8,72
662,213,1,9,21,economy,7,11.734,1,True,4,28
586,214,1,9,22,economy,3,6.896,5,True,4,12
14,214,1,9,22,VIP,15,2.934,6,True,14,210
72,215,1,9,23,VIP,12,5.753,5,True,14,168
718,216,1,10,0,economy,3,3.289,3,True,4,12
370,216,1,10,0,standard,12,12.015,5,True,8,96
386,217,1,10,1,standard,5,20.515,10,True,8,40
383,218,1,10,2,standard,5,2.596,4,False,8,0
129,218,1,10,2,standard,9,5.293,2,True,8,72
491,219,1,10,3,economy,5,13.403,2,True,4,20
589,219,1,10,3,economy,9,4.877,6,True,4,36
604,220,1,10,4,economy,5,12.021,5,True,4,20
419,221,1,10,5,standard,5,4.752,2,True,8,40
533,221,1,10,5,economy,9,9.487,8,True,4,36
193,223,1,10,7,standard,7,12.334,9,True,8,56
739,223,1,10,7,economy,7,12.857,4,False,4,0
204,223,1,10,7,standard,7,11.541,5,True,8,56
184,224,1,10,8,standard,7,18.025,10,True,8,56
365,225,1,10,9,standard,9,7.682,2,True,8,72
544,226,1,10,10,economy,5,0.717,3,True,4,20
514,228,1,10,12,economy,9,10.85,8,True,4,36
489,228,1,10,12,economy,9,20.374,10,True,4,36
712,228,1,10,12,economy,7,11.106,2,True,4,28
674,229,1,10,13,economy,3,14.581,3,True,4,12
255,229,1,10,13,standard,7,9.322,8,True,8,56
638,231,1,10,15,economy,5,60.032,5,False,4,0
606,232,1,10,16,economy,7,14.018,4,True,4,28
784,232,1,10,16,economy,7,44.777,5,True,4,28
325,232,1,10,16,standard,9,4.403,1,True,8,72
263,234,1,10,18,standard,7,10.005,2,True,8,56
205,234,1,10,18,standard,9,3.766,3,True,8,72
479,236,1,10,20,economy,5,19.452,6,True,4,20
453,236,1,10,20,economy,3,5.548,4,True,4,12
729,236,1,10,20,economy,3,11.455,5,False,4,0
580,236,1,10,20,economy,7,15.239,3,True,4,28
434,237,1,10,21,economy,5,23.669,10,True,4,20
322,238,1,10,22,standard,12,4.623,7,True,8,96
360,240,1,11,0,standard,7,2.984,9,False,8,0
262,242,1,11,2,standard,5,14.897,1,True,8,40
620,242,1,11,2,economy,5,20.894,9,True,4,20
209,244,1,11,4,standard,5,0.723,5,True,8,40
278,244,1,11,4,standard,7,10.786,2,True,8,56
616,246,1,11,6,economy,5,19.066,7,True,4,20
376,247,1,11,7,standard,7,2.002,8,True,8,56
473,248,1,11,8,economy,3,66.602,9,True,4,12
57,248,1,11,8,VIP,12,3.194,3,True,14,168
270,250,1,11,10,standard,9,4.029,7,True,8,72
5,251,1,11,11,VIP,10,5.646,4,True,14,140
182,253,1,11,13,standard,9,9.892,2,True,8,72
751,254,1,11,14,economy,9,17.692,8,True,4,36
395,254,1,11,14,standard,9,5.576,1,True,8,72
186,256,1,11,16,standard,7,7.517,5,True,8,56
602,257,1,11,17,economy,3,12.943,9,True,4,12
331,258,1,11,18,standard,9,5.763,2,True,8,72
458,259,1,11,19,economy,5,16.638,3,True,4,20
568,259,1,11,19,economy,3,6.059,2,True,4,12
90,263,1,11,23,standard,9,8.044,6,True,8,72
153,263,1,11,23,standard,5,19.337,3,False,8,0
463,264,1,12,0,economy,5,16.809,2,True,4,20
726,265,1,12,1,economy,5,15.961,9,False,4,0
175,266,1,12,2,standard,12,13.918,10,True,8,96
548,269,1,12,5,economy,7,21.118,10,False,4,0
435,269,1,12,5,economy,5,7.667,1,True,4,20
364,271,1,12,7,standard,5,8.834,7,True,8,40
420,271,1,12,7,standard,5,10.492,9,True,8,40
630,273,1,12,9,economy,5,38.087,9,True,4,20
800,275,1,12,11,economy,5,21.736,5,False,4,0
546,275,1,12,11,economy,3,17.035,8,False,4,0
217,275,1,12,11,standard,7,3.068,4,True,8,56
391,276,1,12,12,standard,5,29.009,5,True,8,40
558,278,1,12,14,economy,3,28.084,3,False,4,0
167,278,1,12,14,standard,9,10.64,2,True,8,72
158,279,1,12,15,standard,9,13.612,4,True,8,72
132,282,1,12,18,standard,9,3.356,1,True,8,72
150,282,1,12,18,standard,9,15.877,7,False,8,0
252,283,1,12,19,standard,5,1.265,5,True,8,40
762,283,1,12,19,economy,5,20.625,9,False,4,0
635,284,1,12,20,economy,5,10.638,1,True,4,20
696,284,1,12,20,economy,3,12.766,3,False,4,0
557,284,1,12,20,economy,9,44.531,4,True,4,36
280,285,1,12,21,standard,9,4.066,3,True,8,72
486,286,1,12,22,economy,7,25.479,9,False,4,0
231,286,1,12,22,standard,12,6.547,10,True,8,96
249,287,1,12,23,standard,12,9.564,6,True,8,96
350,289,1,13,1,standard,9,4.718,2,False,8,0
701,291,1,13,3,economy,7,10.748,6,True,4,28
425,291,1,13,3,standard,9,9.242,2,False,8,0
165,291,1,13,3,standard,7,5.263,8,True,8,56
564,293,1,13,5,economy,3,12.913,10,False,4,0
52,294,1,13,6,VIP,12,5.068,1,True,14,168
699,294,1,13,6,economy,3,8.749,9,True,4,12
107,295,1,13,7,standard,7,7.112,6,True,8,56
686,295,1,13,7,economy,5,8.858,4,False,4,0
339,297,1,13,9,standard,9,3.39,5,True,8,72
15,297,1,13,9,VIP,18,2.375,10,True,14,252
439,298,1,13,10,economy,7,2.006,7,True,4,28
326,298,1,13,10,standard,5,3.332,1,True,8,40
713,299,1,13,11,economy,3,5.965,6,False,4,0
176,300,1,13,12,standard,5,10.443,6,True,8,40
202,300,1,13,12,standard,7,13.131,6,False,8,0
689,302,1,13,14,economy,5,3.081,8,True,4,20
608,302,1,13,14,economy,9,32.709,1,False,4,0
192,304,1,13,16,standard,9,4.704,9,True,8,72
677,306,1,13,18,economy,5,9.755,7,True,4,20
86,306,1,13,18,standard,9,9.475,7,True,8,72
321,307,1,13,19,standard,7,5.461,7,True,8,56
1,308,1,13,20,VIP,15,4.593,10,True,14,210
516,308,1,13,20,economy,5,6.932,2,True,4,20
152,310,1,13,22,standard,12,5.399,1,True,8,96
523,311,1,13,23,economy,5,14.592,5,True,4,20
619,312,1,14,0,economy,5,19.607,9,True,4,20
157,312,1,14,0,standard,12,7.709,7,False,8,0
746,313,1,14,1,economy,3,12.149,5,True,4,12
466,314,1,14,2,economy,7,18.617,5,True,4,28
610,315,1,14,3,economy,3,35.016,3,True,4,12
170,316,1,14,4,standard,9,16.434,3,True,8,72
582,317,1,14,5,economy,5,4.046,2,True,4,20
3,317,1,14,5,VIP,15,1.775,5,True,14,210
266,318,1,14,6,standard,7,16.078,10,True,8,56
698,318,1,14,6,economy,3,3.111,10,False,4,0
595,318,1,14,6,economy,9,4.898,3,True,4,36
389,318,1,14,6,standard,7,6.093,9,True,8,56
311,320,1,14,8,standard,12,9.035,9,False,8,0
765,324,1,14,12,economy,7,34.28,6,True,4,28
46,324,1,14,12,VIP,12,1.535,3,True,14,168
2,324,1,14,12,VIP,18,4.383,8,True,14,252
733,325,1,14,13,economy,3,9.857,3,True,4,12
510,325,1,14,13,economy,7,25.276,5,True,4,28
671,325,1,14,13,economy,5,12.09,5,True,4,20
615,326,1,14,14,economy,7,28.606,5,False,4,0
693,326,1,14,14,economy,3,23.115,5,True,4,12
330,326,1,14,14,standard,5,1.402,2,True,8,40
497,327,1,14,15,economy,9,30.363,6,True,4,36
543,328,1,14,16,economy,3,27.907,6,True,4,12
400,329,1,14,17,standard,5,9.62,5,True,8,40
512,330,1,14,18,economy,3,24.009,3,True,4,12
639,332,1,14,20,economy,5,3.618,1,True,4,20
478,333,1,14,21,economy,5,2.157,10,True,4,20
214,334,1,14,22,standard,12,19.724,4,True,8,96
583,334,1,14,22,economy,3,27.017,10,False,4,0
199,335,1,14,23,standard,5,8.896,9,True,8,40
221,337,1,15,1,standard,5,25.627,1,True,8,40
97,339,1,15,3,standard,5,14.018,3,True,8,40
93,340,1,15,4,standard,7,1.099,8,True,8,56
759,340,1,15,4,economy,3,33.403,6,True,4,12
541,341,1,15,5,economy,7,42.581,6,True,4,28
511,342,1,15,6,economy,5,24.923,6,True,4,20
793,345,1,15,9,economy,7,20.248,8,True,4,28
17,346,1,15,10,VIP,12,2.944,10,True,14,168
256,346,1,15,10,standard,7,1.232,5,True,8,56
26,346,1,15,10,VIP,15,0.378,10,True,14,210
162,346,1,15,10,standard,5,3.036,3,True,8,40
268,347,1,15,11,standard,7,5.763,9,True,8,56
37,348,1,15,12,VIP,10,5.354,1,True,14,140
346,349,1,15,13,standard,7,19.202,4,True,8,56
507,349,1,15,13,economy,3,34.838,8,False,4,0
71,350,1,15,14,VIP,15,4.525,7,True,14,210
679,352,1,15,16,economy,3,15.586,5,True,4,12
482,354,1,15,18,economy,7,9.299,9,False,4,0
708,355,1,15,19,economy,3,25.522,1,True,4,12
588,356,1,15,20,economy,3,8.149,4,False,4,0
201,357,1,15,21,standard,9,1.957,2,True,8,72
112,357,1,15,21,standard,7,1.192,10,True,8,56
433,357,1,15,21,standard,9,0.619,9,True,8,72
659,357,1,15,21,economy,7,4.676,4,True,4,28
128,358,1,15,22,standard,9,5.244,10,True,8,72
351,360,1,16,0,standard,12,2.575,8,True,8,96
117,360,1,16,0,standard,7,5.354,5,True,8,56
681,363,1,16,3,economy,5,8.814,1,True,4,20
41,366,1,16,6,VIP,18,3.485,10,True,14,252
253,366,1,16,6,standard,12,18.169,6,True,8,96
135,366,1,16,6,standard,7,0.521,4,True,8,56
134,366,1,16,6,standard,7,12.231,5,True,8,56
536,369,1,16,9,economy,7,11.157,9,False,4,0
104,370,1,16,10,standard,7,2.959,10,True,8,56
625,370,1,16,10,economy,5,25.693,9,True,4,20
304,372,1,16,12,standard,7,4.147,6,True,8,56
629,374,1,16,14,economy,3,12.458,4,True,4,12
343,374,1,16,14,standard,7,2.799,7,True,8,56
691,375,1,16,15,economy,5,14.866,6,True,4,20
292,377,1,16,17,standard,5,6.828,9,True,8,40
109,377,1,16,17,standard,12,5.919,6,True,8,96
380,378,1,16,18,standard,9,7.314,2,True,8,72
742,379,1,16,19,economy,7,18.842,5,True,4,28
789,381,1,16,21,economy,5,11.911,6,True,4,20
737,381,1,16,21,economy,3,23.496,4,True,4,12
320,382,1,16,22,standard,7,14.167,8,True,8,56
704,382,1,16,22,economy,7,19.893,6,False,4,0
95,383,1,16,23,standard,12,10.321,2,True,8,96
492,384,1,17,0,economy,3,23.748,4,True,4,12
123,384,1,17,0,standard,7,8.579,9,True,8,56
49,384,1,17,0,VIP,10,4.962,6,True,14,140
51,385,1,17,1,VIP,12,21.447,10,True,14,168
177,385,1,17,1,standard,7,5.025,7,True,8,56
73,386,1,17,2,VIP,18,4.345,7,True,14,252
218,387,1,17,3,standard,7,10.196,4,True,8,56
21,388,1,17,4,VIP,18,4.404,8,True,14,252
688,390,1,17,6,economy,5,8.674,3,True,4,20
125,391,1,17,7,standard,12,4.855,7,True,8,96
355,391,1,17,7,standard,12,3.007,4,True,8,96
695,391,1,17,7,economy,5,15.765,2,True,4,20
440,392,1,17,8,economy,5,11.588,5,True,4,20
216,393,1,17,9,standard,9,5.353,9,True,8,72
27,396,1,17,12,VIP,12,3.729,6,True,14,168
669,396,1,17,12,economy,7,13.49,9,False,4,0
171,396,1,17,12,standard,5,1.021,1,False,8,0
576,397,1,17,13,economy,3,24.935,1,False,4,0
502,397,1,17,13,economy,5,53.529,10,True,4,20
190,397,1,17,13,standard,12,0.626,8,True,8,96
720,397,1,17,13,economy,5,13.71,2,True,4,20
754,398,1,17,14,economy,3,13.989,9,False,4,0
599,398,1,17,14,economy,7,19.183,6,True,4,28
722,399,1,17,15,economy,5,29.089,3,True,4,20
584,401,1,17,17,economy,3,5.551,10,True,4,12
410,401,1,17,17,standard,12,9.229,3,True,8,96
487,401,1,17,17,economy,5,14.728,6,True,4,20
79,401,1,17,17,standard,9,3.611,1,True,8,72
424,402,1,17,18,standard,9,25.298,5,False,8,0
531,403,1,17,19,economy,9,16.642,2,False,4,0
297,403,1,17,19,standard,7,6.127,1,True,8,56
741,403,1,17,19,economy,7,19.333,1,True,4,28
179,407,1,17,23,standard,7,3.962,5,True,8,56
665,409,1,18,1,economy,3,2.366,6,True,4,12
534,410,1,18,2,economy,5,29.436,3,True,4,20
758,410,1,18,2,economy,7,28.027,2,True,4,28
148,411,1,18,3,standard,9,1.172,3,True,8,72
716,413,1,18,5,economy,5,6.411,3,True,4,20
796,414,1,18,6,economy,3,18.216,4,True,4,12
802,415,1,18,7,economy,7,30.108,1,True,4,28
654,415,1,18,7,economy,7,2.927,1,True,4,28
241,416,1,18,8,standard,5,11.665,7,True,8,40
232,417,1,18,9,standard,9,4.026,5,True,8,72
481,418,1,18,10,economy,5,2.351,2,True,4,20
438,419,1,18,11,economy,7,9.929,4,True,4,28
528,421,1,18,13,economy,5,17.514,3,True,4,20
521,422,1,18,14,economy,5,74.045,5,False,4,0
36,425,1,18,17,VIP,12,1.895,9,False,14,0
645,425,1,18,17,economy,9,5.538,8,True,4,36
277,425,1,18,17,standard,9,2.517,4,True,8,72
798,427,1,18,19,economy,3,25.286,9,True,4,12
565,428,1,18,20,economy,3,13.195,6,True,4,12
161,429,1,18,21,standard,7,13.438,1,True,8,56
159,430,1,18,22,standard,7,14.114,8,True,8,56
575,432,1,19,0,economy,5,5.185,3,True,4,20
650,432,1,19,0,economy,5,14.37,9,True,4,20
756,432,1,19,0,economy,7,24.971,8,True,4,28
401,433,1,19,1,standard,5,5.533,5,True,8,40
505,434,1,19,2,economy,3,33.597,10,True,4,12
22,435,1,19,3,VIP,15,1.659,8,True,14,210
791,436,1,19,4,economy,7,23.195,8,False,4,0
215,437,1,19,5,standard,9,6.116,8,True,8,72
464,438,1,19,6,economy,7,14.056,7,True,4,28
89,439,1,19,7,standard,9,15.534,6,True,8,72
462,439,1,19,7,economy,3,49.838,4,False,4,0
459,439,1,19,7,economy,3,35.084,8,True,4,12
166,441,1,19,9,standard,5,7.726,6,True,8,40
675,443,1,19,11,economy,5,18.497,3,False,4,0
641,444,1,19,12,economy,9,30.986,8,False,4,0
664,446,1,19,14,economy,5,16.169,1,True,4,20
349,446,1,19,14,standard,5,6.056,2,True,8,40
801,447,1,19,15,economy,7,14.22,7,True,4,28
348,447,1,19,15,standard,9,11.116,8,True,8,72
328,449,1,19,17,standard,7,8.792,10,True,8,56
593,449,1,19,17,economy,5,65.345,4,False,4,0
687,450,1,19,18,economy,5,11.544,4,True,4,20
271,451,1,19,19,standard,7,2.234,6,True,8,56
573,454,1,19,22,economy,3,4.924,10,True,4,12
442,454,1,19,22,economy,5,3.162,6,True,4,20
126,456,1,20,0,standard,5,13.479,3,True,8,40
592,456,1,20,0,economy,5,6.626,7,True,4,20
113,458,1,20,2,standard,7,4.376,3,True,8,56
540,459,1,20,3,economy,9,36.973,3,True,4,36
715,459,1,20,3,economy,5,11.877,1,True,4,20
56,461,1,20,5,VIP,10,0.68,3,True,14,140
655,462,1,20,6,economy,3,25.352,7,True,4,12
731,462,1,20,6,economy,7,9.442,5,True,4,28
102,465,1,20,9,standard,9,8.745,7,True,8,72
396,465,1,20,9,standard,12,8.88,2,True,8,96
357,465,1,20,9,standard,12,4.213,2,False,8,0
683,465,1,20,9,economy,3,17.729,6,True,4,12
34,465,1,20,9,VIP,10,11.349,4,True,14,140
307,467,1,20,11,standard,12,4.139,1,True,8,96
10,467,1,20,11,VIP,15,2.825,9,True,14,210
456,468,1,20,12,economy,3,52.837,7,False,4,0
12,469,1,20,13,VIP,15,7.287,8,True,14,210
500,469,1,20,13,economy,3,18.846,6,True,4,12
335,469,1,20,13,standard,12,14.328,8,True,8,96
609,469,1,20,13,economy,3,6.74,6,False,4,0
732,470,1,20,14,economy,3,21.261,5,True,4,12
591,471,1,20,15,economy,3,21.155,9,True,4,12
196,471,1,20,15,standard,7,10.392,3,True,8,56
219,472,1,20,16,standard,5,7.438,8,False,8,0
724,472,1,20,16,economy,5,23.496,7,True,4,20
294,473,1,20,17,standard,12,10.448,7,False,8,0
66,473,1,20,17,VIP,15,7.384,7,True,14,210
108,473,1,20,17,standard,9,17.337,10,False,8,0
115,474,1,20,18,standard,12,2.244,10,True,8,96
220,474,1,20,18,standard,12,20.382,2,False,8,0
197,475,1,20,19,standard,12,4.345,5,True,8,96
488,475,1,20,19,economy,3,2.211,10,True,4,12
612,476,1,20,20,economy,7,20.607,1,False,4,0
223,476,1,20,20,standard,7,4.076,4,True,8,56
452,477,1,20,21,economy,5,2.402,5,True,4,20
259,478,1,20,22,standard,12,16.681,10,True,8,96
426,478,1,20,22,standard,7,10.107,7,True,8,56
614,479,1,20,23,economy,5,13.679,2,True,4,20
761,480,1,21,0,economy,7,19.408,5,True,4,28
291,480,1,21,0,standard,7,0.589,9,True,8,56
702,482,1,21,2,economy,7,19.147,9,True,4,28
264,483,1,21,3,standard,5,11.982,5,False,8,0
484,484,1,21,4,economy,5,6.901,3,False,4,0
755,484,1,21,4,economy,3,12.526,1,True,4,12
563,484,1,21,4,economy,5,15.707,2,False,4,0
84,486,1,21,6,standard,12,9.955,7,True,8,96
572,488,1,21,8,economy,7,34.284,1,True,4,28
363,489,1,21,9,standard,7,5.856,4,True,8,56
7,491,1,21,11,VIP,12,6.639,7,True,14,168
163,491,1,21,11,standard,5,7.429,4,True,8,40
795,492,1,21,12,economy,5,10.602,4,True,4,20
783,495,1,21,15,economy,3,23.702,6,False,4,0
504,498,1,21,18,economy,9,41.872,8,True,4,36
50,499,1,21,19,VIP,12,4.341,4,True,14,168
78,499,1,21,19,standard,5,3.859,9,True,8,40
317,502,1,21,22,standard,7,11.602,2,True,8,56
690,503,1,21,23,economy,7,14.473,1,True,4,28
38,503,1,21,23,VIP,15,1.995,5,True,14,210
707,504,1,22,0,economy,5,17.802,5,True,4,20
570,505,1,22,1,economy,7,31.933,7,True,4,28
257,505,1,22,1,standard,9,3.338,1,True,8,72
554,506,1,22,2,economy,9,11.38,9,True,4,36
632,506,1,22,2,economy,9,12.642,10,True,4,36
169,506,1,22,2,standard,7,2.824,1,True,8,56
8,506,1,22,2,VIP,18,4.962,8,True,14,252
734,506,1,22,2,economy,5,6.564,4,True,4,20
465,508,1,22,4,economy,3,12.317,3,True,4,12
451,510,1,22,6,economy,3,24.674,8,True,4,12
273,510,1,22,6,standard,5,1.82,4,True,8,40
144,511,1,22,7,standard,7,9.083,8,True,8,56
120,514,1,22,10,standard,12,8.544,9,True,8,96
728,514,1,22,10,economy,7,9.794,10,False,4,0
181,515,1,22,11,standard,9,1.913,6,False,8,0
101,515,1,22,11,standard,5,1.35,6,True,8,40
747,517,1,22,13,economy,3,20.033,3,True,4,12
590,517,1,22,13,economy,5,13.018,9,True,4,20
16,520,1,22,16,VIP,12,4.207,5,True,14,168
375,520,1,22,16,standard,5,3.082,5,True,8,40
29,521,1,22,17,VIP,15,8.211,6,True,14,210
526,522,1,22,18,economy,3,18.349,10,True,4,12
559,522,1,22,18,economy,5,25.193,5,True,4,20
96,522,1,22,18,standard,9,7.011,4,True,8,72
110,523,1,22,19,standard,7,8.953,5,False,8,0
70,524,1,22,20,VIP,10,17.099,10,True,14,140
667,524,1,22,20,economy,7,58.774,9,False,4,0
371,526,1,22,22,standard,7,7.338,1,True,8,56
422,526,1,22,22,standard,9,14.284,3,True,8,72
672,527,1,22,23,economy,5,27.78,8,False,4,0
302,527,1,22,23,standard,12,6.377,5,True,8,96
168,528,1,23,0,standard,5,4.435,8,False,8,0
412,529,1,23,1,standard,7,17.149,2,True,8,56
226,530,1,23,2,standard,7,13.027,9,True,8,56
225,530,1,23,2,standard,5,0.552,10,True,8,40
189,531,1,23,3,standard,7,9.653,10,True,8,56
265,532,1,23,4,standard,5,1.446,10,True,8,40
757,532,1,23,4,economy,7,9.978,6,True,4,28
323,533,1,23,5,standard,9,4.448,3,True,8,72
794,533,1,23,5,economy,3,17.234,2,True,4,12
656,534,1,23,6,economy,5,41.615,4,True,4,20
285,534,1,23,6,standard,9,6.207,7,True,8,72
529,535,1,23,7,economy,3,2.22,9,False,4,0
275,536,1,23,8,standard,7,9.574,4,True,8,56
272,536,1,23,8,standard,5,7.422,2,False,8,0
777,537,1,23,9,economy,7,24.697,9,True,4,28
782,538,1,23,10,economy,5,24.004,9,True,4,20
727,539,1,23,11,economy,3,11.938,1,True,4,12
792,540,1,23,12,economy,3,35.201,1,False,4,0
556,540,1,23,12,economy,3,9.776,4,False,4,0
768,540,1,23,12,economy,5,8.77,10,True,4,20
91,540,1,23,12,standard,9,10.288,1,True,8,72
283,541,1,23,13,standard,9,26.269,1,True,8,72
319,541,1,23,13,standard,9,7.72,5,True,8,72
267,542,1,23,14,standard,5,6.694,1,False,8,0
517,542,1,23,14,economy,5,20.524,9,True,4,20
45,542,1,23,14,VIP,12,1.929,3,True,14,168
441,542,1,23,14,economy,7,32.794,8,False,4,0
4,544,1,23,16,VIP,18,3.688,8,True,14,252
206,545,1,23,17,standard,7,6.188,9,True,8,56
354,545,1,23,17,standard,9,0.959,1,True,8,72
628,546,1,23,18,economy,5,3.616,3,False,4,0
269,546,1,23,18,standard,7,6.856,4,True,8,56
43,547,1,23,19,VIP,12,2.536,3,True,14,168
494,548,1,23,20,economy,7,3.904,4,True,4,28
385,548,1,23,20,standard,12,13.333,8,True,8,96
444,549,1,23,21,economy,5,8.78,9,True,4,20
594,550,1,23,22,economy,5,20.181,5,True,4,20
19,551,1,23,23,VIP,15,7.029,5,True,14,210
624,553,1,24,1,economy,5,6.293,7,True,4,20
142,554,1,24,2,standard,5,11.83,7,True,8,40
198,555,1,24,3,standard,5,6.413,9,True,8,40
145,555,1,24,3,standard,9,10.051,3,False,8,0
261,556,1,24,4,standard,9,29.342,2,False,8,0
555,558,1,24,6,economy,3,69.463,9,False,4,0
646,561,1,24,9,economy,7,6.546,3,True,4,28
368,564,1,24,12,standard,12,29.118,7,True,8,96
597,566,1,24,14,economy,3,31.375,1,True,4,12
229,566,1,24,14,standard,5,11.327,8,True,8,40
725,567,1,24,15,economy,5,8.022,6,False,4,0
305,569,1,24,17,standard,9,6.209,5,True,8,72
581,571,1,24,19,economy,7,22.674,2,True,4,28
178,571,1,24,19,standard,12,3.054,3,True,8,96
569,573,1,24,21,economy,5,5.718,1,True,4,20
775,574,1,24,22,economy,5,20.857,8,True,4,20
640,574,1,24,22,economy,9,1.5,5,True,4,36
188,574,1,24,22,standard,5,2.995,9,True,8,40
316,577,1,25,1,standard,7,6.862,4,False,8,0
210,577,1,25,1,standard,7,17.751,1,True,8,56
706,578,1,25,2,economy,9,14.572,2,True,4,36
254,579,1,25,3,standard,9,1.506,10,True,8,72
709,580,1,25,4,economy,7,2.298,9,False,4,0
490,582,1,25,6,economy,5,12.572,4,False,4,0
44,582,1,25,6,VIP,12,3.663,8,True,14,168
776,582,1,25,6,economy,5,37.666,1,False,4,0
467,583,1,25,7,economy,9,3.272,6,False,4,0
421,584,1,25,8,standard,7,1.556,6,True,8,56
668,585,1,25,9,economy,7,37.247,8,True,4,28
480,585,1,25,9,economy,3,4.713,9,True,4,12
626,586,1,25,10,economy,9,29.746,10,True,4,36
173,586,1,25,10,standard,5,7.535,9,True,8,40
55,588,1,25,12,VIP,15,10.949,9,True,14,210
673,588,1,25,12,economy,3,7.486,8,False,4,0
448,589,1,25,13,economy,5,6.924,2,True,4,20
571,590,1,25,14,economy,9,9.547,5,False,4,0
450,592,1,25,16,economy,3,11.425,5,False,4,0
67,594,1,25,18,VIP,12,1.955,10,True,14,168
613,595,1,25,19,economy,5,16.913,8,True,4,20
577,598,1,25,22,economy,5,26.871,3,True,4,20
392,599,1,25,23,standard,12,5.511,3,True,8,96
642,600,1,26,0,economy,7,20.335,5,True,4,28
143,600,1,26,0,standard,7,7.996,9,True,8,56
75,600,1,26,0,VIP,12,3.613,1,True,14,168
230,600,1,26,0,standard,7,4.819,6,True,8,56
633,604,1,26,4,economy,5,17.994,9,False,4,0
300,605,1,26,5,standard,5,9.897,9,True,8,40
476,606,1,26,6,economy,7,42.305,3,True,4,28
680,606,1,26,6,economy,3,14.618,10,False,4,0
651,607,1,26,7,economy,9,31.936,2,True,4,36
334,608,1,26,8,standard,5,9.206,10,True,8,40
431,608,1,26,8,standard,5,13.273,4,True,8,40
359,608,1,26,8,standard,5,26.165,6,True,8,40
388,608,1,26,8,standard,7,10.005,1,True,8,56
652,609,1,26,9,economy,5,14.756,7,True,4,20
94,609,1,26,9,standard,5,4.049,4,True,8,40
336,609,1,26,9,standard,5,11.902,10,True,8,40
105,612,1,26,12,standard,5,7.097,4,True,8,40
118,612,1,26,12,standard,12,5.383,4,True,8,96
284,618,1,26,18,standard,12,6.084,10,True,8,96
744,618,1,26,18,economy,7,14.623,8,True,4,28
99,618,1,26,18,standard,7,20.757,3,True,8,56
98,619,1,26,19,standard,5,18.969,10,True,8,40
39,619,1,26,19,VIP,15,1.184,8,True,14,210
327,619,1,26,19,standard,7,7.926,1,True,8,56
445,620,1,26,20,economy,7,13.299,8,True,4,28
33,621,1,26,21,VIP,18,5.159,8,True,14,252
367,622,1,26,22,standard,5,14.621,8,True,8,40
172,624,1,27,0,standard,7,24.609,8,True,8,56
461,624,1,27,0,economy,5,31.577,7,True,4,20
47,625,1,27,1,VIP,15,5.369,10,True,14,210
769,625,1,27,1,economy,5,1.599,10,True,4,20
399,626,1,27,2,standard,12,3.976,7,True,8,96
344,627,1,27,3,standard,5,12.173,1,True,8,40
345,628,1,27,4,standard,9,4.46,9,False,8,0
103,632,1,27,8,standard,9,11.22,4,True,8,72
411,632,1,27,8,standard,9,3.313,8,False,8,0
496,633,1,27,9,economy,7,32.273,8,True,4,28
415,634,1,27,10,standard,7,9.599,7,True,8,56
83,637,1,27,13,standard,5,18.086,6,True,8,40
474,637,1,27,13,economy,5,8.197,7,True,4,20
416,638,1,27,14,standard,5,8.332,10,True,8,40
760,641,1,27,17,economy,3,21.602,7,False,4,0
164,642,1,27,18,standard,12,2.72,10,True,8,96
603,642,1,27,18,economy,5,12.256,1,True,4,20
243,643,1,27,19,standard,9,10.1,1,True,8,72
617,645,1,27,21,economy,9,29.76,10,True,4,36
248,645,1,27,21,standard,7,10.27,7,True,8,56
470,646,1,27,22,economy,5,22.211,9,True,4,20
390,646,1,27,22,standard,7,7.76,5,True,8,56
785,647,1,27,23,economy,7,7.529,5,True,4,28
40,649,1,28,1,VIP,12,8.313,4,True,14,168
384,649,1,28,1,standard,7,4.406,6,True,8,56
207,650,1,28,2,standard,5,9.737,3,True,8,40
753,651,1,28,3,economy,3,5.572,10,True,4,12
122,653,1,28,5,standard,5,21.961,5,True,8,40
200,654,1,28,6,standard,5,6.655,10,True,8,40
76,654,1,28,6,VIP,10,3.799,7,True,14,140
524,657,1,28,9,economy,7,10.359,6,True,4,28
250,657,1,28,9,standard,12,2.22,1,True,8,96
85,659,1,28,11,standard,5,7.91,7,True,8,40
409,662,1,28,14,standard,9,3.768,1,True,8,72
767,664,1,28,16,economy,5,24.051,1,False,4,0
738,664,1,28,16,economy,7,50.269,1,True,4,28
156,664,1,28,16,standard,9,5.76,9,True,8,72
372,665,1,28,17,standard,12,8.28,6,True,8,96
65,667,1,28,19,VIP,12,6.38,5,True,14,168
539,667,1,28,19,economy,5,29.288,9,True,4,20
771,669,1,28,21,economy,3,61.802,3,True,4,12
700,670,1,28,22,economy,5,18.806,7,True,4,20
100,670,1,28,22,standard,5,11.846,1,True,8,40
63,670,1,28,22,VIP,12,1.344,2,True,14,168
236,670,1,28,22,standard,5,4.527,6,True,8,40
306,672,1,29,0,standard,12,31.669,8,True,8,96
240,673,1,29,1,standard,12,2.585,10,True,8,96
779,674,1,29,2,economy,9,7.084,7,False,4,0
447,674,1,29,2,economy,5,6.674,9,False,4,0
174,675,1,29,3,standard,7,2.604,2,True,8,56
750,676,1,29,4,economy,9,11.197,8,True,4,36
35,677,1,29,5,VIP,10,12.573,4,True,14,140
657,677,1,29,5,economy,5,30.241,6,True,4,20
289,678,1,29,6,standard,12,8.481,7,True,8,96
406,679,1,29,7,standard,12,10.341,6,True,8,96
460,679,1,29,7,economy,7,24.875,3,True,4,28
797,679,1,29,7,economy,9,25.134,1,True,4,36
678,680,1,29,8,economy,7,5.401,10,True,4,28
472,680,1,29,8,economy,9,7.227,3,True,4,36
403,680,1,29,8,standard,7,12.558,6,True,8,56
337,682,1,29,10,standard,12,3.475,10,True,8,96
468,682,1,29,10,economy,7,29.04,5,True,4,28
498,684,1,29,12,economy,7,22.387,5,True,4,28
298,684,1,29,12,standard,5,1.189,5,True,8,40
369,685,1,29,13,standard,5,6.966,6,True,8,40
61,686,1,29,14,VIP,10,13.238,8,True,14,140
87,686,1,29,14,standard,7,5.138,2,True,8,56
787,686,1,29,14,economy,3,53.609,3,False,4,0
670,686,1,29,14,economy,7,15.528,3,False,4,0
621,691,1,29,19,economy,7,10.208,2,True,4,28
59,692,1,29,20,VIP,15,7.451,5,True,14,210
455,693,1,29,21,economy,9,7.481,7,True,4,36
766,694,1,29,22,economy,9,13.921,3,False,4,0
69,694,1,29,22,VIP,15,7.529,5,False,14,0
449,694,1,29,22,economy,7,25.181,8,True,4,28
332,695,1,29,23,standard,9,10.375,2,True,8,72
124,695,1,29,23,standard,7,5.682,8,True,8,56
495,696,1,30,0,economy,3,2.171,6,True,4,12
535,700,1,30,4,economy,5,11.926,10,False,4,0
723,700,1,30,4,economy,5,28.442,5,False,4,0
352,700,1,30,4,standard,12,10.869,10,True,8,96
374,701,1,30,5,standard,7,5.422,2,True,8,56
13,701,1,30,5,VIP,12,1.257,9,True,14,168
430,702,1,30,6,standard,9,13.549,1,True,8,72
774,703,1,30,7,economy,3,16.781,4,True,4,12
54,703,1,30,7,VIP,15,4.338,9,True,14,210
228,703,1,30,7,standard,7,0.517,5,True,8,56
6,705,1,30,9,VIP,12,6.488,4,True,14,168
618,706,1,30,10,economy,3,10.772,3,True,4,12
131,706,1,30,10,standard,7,16.002,7,True,8,56
141,710,1,30,14,standard,12,16.225,6,True,8,96
579,710,1,30,14,economy,3,94.44,1,True,4,12
622,711,1,30,15,economy,9,13.328,8,False,4,0
407,712,1,30,16,standard,12,17.785,1,True,8,96
631,713,1,30,17,economy,5,22.082,7,False,4,0
730,713,1,30,17,economy,3,6.559,8,False,4,0
242,713,1,30,17,standard,7,0.169,7,True,8,56
195,714,1,30,18,standard,9,32.56,7,True,8,72
398,714,1,30,18,standard,12,11.814,5,True,8,96
443,716,1,30,20,economy,7,7.531,1,True,4,28
804,717,1,30,21,economy,9,14.459,3,True,4,36
1092,720,2,1,0,standard,9,6.169,2,True,8,72
930,720,2,1,0,standard,7,5.456,6,True,8,56
1035,721,2,1,1,standard,5,10.088,9,False,8,0
1490,722,2,1,2,economy,7,14.699,4,True,4,28
1501,723,2,1,3,economy,3,10.296,4,True,4,12
1116,723,2,1,3,standard,5,10.789,9,True,8,40
1432,725,2,1,5,economy,7,6.012,8,False,4,0
1514,725,2,1,5,economy,7,20.078,1,False,4,0
866,725,2,1,5,VIP,15,7.285,6,True,14,210
1409,726,2,1,6,economy,5,19.827,3,True,4,20
820,728,2,1,8,VIP,18,2.465,9,True,14,252
1231,728,2,1,8,standard,5,2.794,4,True,8,40
1207,729,2,1,9,standard,7,7.881,4,True,8,56
969,731,2,1,11,standard,7,3.92,4,True,8,56
1391,732,2,1,12,economy,5,22.602,8,False,4,0
1075,735,2,1,15,standard,7,10.646,7,True,8,56
1540,735,2,1,15,economy,5,14.588,3,True,4,20
870,739,2,1,19,VIP,12,4.005,2,True,14,168
904,740,2,1,20,standard,5,9.77,9,True,8,40
1194,742,2,1,22,standard,7,5.686,10,True,8,56
1102,742,2,1,22,standard,5,11.31,6,True,8,40
919,742,2,1,22,standard,9,5.677,7,True,8,72
1201,742,2,1,22,standard,12,15.547,8,True,8,96
1052,743,2,1,23,standard,5,15.276,3,True,8,40
939,744,2,2,0,standard,5,13.95,3,False,8,0
1494,744,2,2,0,economy,3,8.365,6,True,4,12
1471,746,2,2,2,economy,9,20.083,8,True,4,36
1066,746,2,2,2,standard,5,10.016,10,True,8,40
1199,747,2,2,3,standard,7,10.058,6,True,8,56
1552,748,2,2,4,economy,5,15.547,4,True,4,20
1564,748,2,2,4,economy,7,17.318,4,True,4,28
1202,748,2,2,4,standard,9,14.21,9,True,8,72
1159,750,2,2,6,standard,7,8.117,8,True,8,56
1208,750,2,2,6,standard,9,1.252,3,True,8,72
1425,751,2,2,7,economy,3,26.06,10,True,4,12
982,751,2,2,7,standard,9,8.726,9,True,8,72
1044,752,2,2,8,standard,7,5.751,8,True,8,56
1363,752,2,2,8,economy,9,2.234,10,True,4,36
926,752,2,2,8,standard,7,1.789,1,True,8,56
1370,753,2,2,9,economy,5,35.052,9,True,4,20
1058,753,2,2,9,standard,5,9.549,3,False,8,0
1566,755,2,2,11,economy,5,1.928,9,True,4,20
1326,756,2,2,12,economy,7,9.223,2,True,4,28
1218,757,2,2,13,standard,7,15.917,7,True,8,56
1340,758,2,2,14,economy,9,17.225,10,True,4,36
1320,758,2,2,14,economy,9,41.728,2,True,4,36
841,759,2,2,15,VIP,10,0.037,8,True,14,140
869,760,2,2,16,VIP,15,7.646,7,True,14,210
1038,760,2,2,16,standard,7,1.051,8,False,8,0
1412,760,2,2,16,economy,5,102.506,2,True,4,20
946,761,2,2,17,standard,12,8.174,4,False,8,0
1095,761,2,2,17,standard,5,15.393,2,True,8,40
1531,763,2,2,19,economy,7,24.721,10,True,4,28
883,763,2,2,19,standard,9,10.438,10,True,8,72
834,764,2,2,20,VIP,15,5.175,7,True,14,210
1113,764,2,2,20,standard,5,13.834,2,True,8,40
1294,765,2,2,21,economy,5,17.7,2,True,4,20
1437,765,2,2,21,economy,3,22.025,5,True,4,12
1415,767,2,2,23,economy,9,20.061,8,True,4,36
1557,769,2,3,1,economy,5,8.42,5,True,4,20
1071,769,2,3,1,standard,9,2.125,10,True,8,72
1461,769,2,3,1,economy,7,4.105,4,True,4,28
1079,770,2,3,2,standard,7,10.668,7,True,8,56
821,771,2,3,3,VIP,15,3.997,10,True,14,210
1512,773,2,3,5,economy,7,9.883,3,True,4,28
1127,773,2,3,5,standard,7,6.067,7,True,8,56
1381,778,2,3,10,economy,5,8.937,4,True,4,20
1556,779,2,3,11,economy,5,18.625,7,False,4,0
825,780,2,3,12,VIP,18,4.952,10,True,14,252
1022,783,2,3,15,standard,9,8.495,2,True,8,72
1367,784,2,3,16,economy,5,14.607,6,True,4,20
1133,784,2,3,16,standard,9,27.425,4,True,8,72
1312,787,2,3,19,economy,3,18.651,8,True,4,12
1592,788,2,3,20,economy,5,25.716,5,False,4,0
1423,788,2,3,20,economy,3,34.826,3,True,4,12
1121,788,2,3,20,standard,7,8.844,2,True,8,56
1125,789,2,3,21,standard,5,8.38,4,True,8,40
1094,790,2,3,22,standard,9,0.169,1,True,8,72
835,792,2,4,0,VIP,12,1.857,7,False,14,0
1523,792,2,4,0,economy,3,22.49,7,False,4,0
1595,792,2,4,0,economy,5,26.499,9,True,4,20
1358,793,2,4,1,economy,3,15.786,5,True,4,12
1179,794,2,4,2,standard,12,12.522,8,True,8,96
1060,795,2,4,3,standard,7,4.544,9,True,8,56
1554,797,2,4,5,economy,3,34.557,4,True,4,12
882,797,2,4,5,standard,5,6.955,7,True,8,40
1151,797,2,4,5,standard,9,23.742,6,True,8,72
812,797,2,4,5,VIP,12,2.18,4,True,14,168
811,799,2,4,7,VIP,15,5.008,8,True,14,210
852,799,2,4,7,VIP,12,13.37,7,True,14,168
1313,801,2,4,9,economy,5,8.565,1,False,4,0
1292,801,2,4,9,economy,7,10.055,9,True,4,28
1505,805,2,4,13,economy,3,22.669,2,True,4,12
971,805,2,4,13,standard,9,1.669,6,True,8,72
990,807,2,4,15,standard,7,20.334,6,False,8,0
832,807,2,4,15,VIP,18,1.603,9,True,14,252
1101,808,2,4,16,standard,7,3.931,10,True,8,56
1013,809,2,4,17,standard,5,2.396,7,True,8,40
1359,813,2,4,21,economy,9,14.666,3,True,4,36
1153,813,2,4,21,standard,9,3.114,5,True,8,72
933,813,2,4,21,standard,12,6.001,3,True,8,96
984,814,2,4,22,standard,7,6.399,3,True,8,56
1192,814,2,4,22,standard,9,9.043,8,True,8,72
854,814,2,4,22,VIP,15,1.371,6,True,14,210
1365,815,2,4,23,economy,5,8.719,7,False,4,0
838,815,2,4,23,VIP,12,2.316,6,True,14,168
953,816,2,5,0,standard,9,41.845,4,True,8,72
839,817,2,5,1,VIP,15,5.844,7,True,14,210
981,817,2,5,1,standard,9,2.873,3,True,8,72
1056,818,2,5,2,standard,9,12.886,5,True,8,72
1421,819,2,5,3,economy,5,47.504,9,True,4,20
1526,819,2,5,3,economy,5,15.744,10,False,4,0
906,820,2,5,4,standard,7,16.094,4,True,8,56
993,820,2,5,4,standard,12,16.613,9,True,8,96
1158,821,2,5,5,standard,7,3.205,7,True,8,56
1546,822,2,5,6,economy,7,18.127,2,True,4,28
1518,822,2,5,6,economy,3,10.747,10,False,4,0
1119,823,2,5,7,standard,7,1.838,10,True,8,56
1573,825,2,5,9,economy,3,41.059,2,True,4,12
1265,825,2,5,9,economy,5,14.203,4,False,4,0
997,826,2,5,10,standard,7,2.436,3,True,8,56
1604,828,2,5,12,economy,7,39.966,10,True,4,28
1148,829,2,5,13,standard,7,6.935,7,True,8,56
1331,830,2,5,14,economy,7,36.805,8,False,4,0
1143,831,2,5,15,standard,7,7.14,7,True,8,56
1333,833,2,5,17,economy,3,4.816,10,True,4,12
872,833,2,5,17,VIP,12,4.155,8,True,14,168
1388,834,2,5,18,economy,5,4.374,7,False,4,0
1243,834,2,5,18,standard,7,6.694,4,True,8,56
1186,835,2,5,19,standard,5,13.036,8,True,8,40
1463,835,2,5,19,economy,3,14.928,6,True,4,12
1301,837,2,5,21,economy,3,19.723,6,True,4,12
1499,840,2,6,0,economy,3,22.261,8,False,4,0
1561,840,2,6,0,economy,3,9.434,5,True,4,12
1069,841,2,6,1,standard,9,24.738,3,True,8,72
1598,842,2,6,2,economy,9,11.525,2,False,4,0
1112,842,2,6,2,standard,9,7.146,8,True,8,72
807,842,2,6,2,VIP,12,3.055,3,True,14,168
1375,843,2,6,3,economy,5,9.778,7,True,4,20
1170,844,2,6,4,standard,5,3.685,8,True,8,40
1590,847,2,6,7,economy,9,17.058,9,True,4,36
1329,847,2,6,7,economy,5,8.43,8,False,4,0
1309,848,2,6,8,economy,3,3.862,7,True,4,12
1597,849,2,6,9,economy,3,10.412,9,True,4,12
968,849,2,6,9,standard,12,3.111,5,False,8,0
1420,849,2,6,9,economy,7,15.336,7,False,4,0
1500,852,2,6,12,economy,7,14.289,6,False,4,0
865,852,2,6,12,VIP,15,3.788,5,True,14,210
1435,853,2,6,13,economy,9,43.087,2,True,4,36
1452,853,2,6,13,economy,3,4.762,5,True,4,12
922,855,2,6,15,standard,7,22.039,3,True,8,56
1352,856,2,6,16,economy,3,12.554,2,True,4,12
1426,857,2,6,17,economy,7,19.188,4,True,4,28
1104,858,2,6,18,standard,5,8.743,2,True,8,40
1147,861,2,6,21,standard,7,7.327,5,True,8,56
980,862,2,6,22,standard,7,9.985,10,True,8,56
868,863,2,6,23,VIP,15,2.606,7,True,14,210
1532,863,2,6,23,economy,7,65.714,10,False,4,0
1012,863,2,6,23,standard,5,2.781,5,True,8,40
1439,864,2,7,0,economy,3,18.732,6,True,4,12
1568,864,2,7,0,economy,5,73.402,6,True,4,20
1173,866,2,7,2,standard,7,22.483,6,True,8,56
1172,866,2,7,2,standard,12,9.706,4,True,8,96
1150,866,2,7,2,standard,7,17.12,1,False,8,0
827,868,2,7,4,VIP,12,5.3,7,True,14,168
1055,868,2,7,4,standard,9,5.712,1,True,8,72
1578,869,2,7,5,economy,7,6.882,7,False,4,0
1238,869,2,7,5,standard,5,15.975,2,True,8,40
1475,869,2,7,5,economy,3,44.474,8,True,4,12
1118,870,2,7,6,standard,5,7.971,6,True,8,40
1057,871,2,7,7,standard,5,13.761,4,True,8,40
1607,871,2,7,7,economy,5,8.481,8,True,4,20
1472,874,2,7,10,economy,3,19.299,5,True,4,12
1266,876,2,7,12,economy,5,16.68,4,False,4,0
1478,876,2,7,12,economy,9,4.424,3,True,4,36
855,877,2,7,13,VIP,12,11.247,4,True,14,168
1067,877,2,7,13,standard,5,10.146,3,True,8,40
1128,879,2,7,15,standard,9,10.143,7,True,8,72
1455,880,2,7,16,economy,3,14.66,4,True,4,12
1232,883,2,7,19,standard,5,11.738,10,True,8,40
809,884,2,7,20,VIP,15,4.383,9,True,14,210
880,887,2,7,23,standard,12,5.653,6,True,8,96
1018,887,2,7,23,standard,7,8.509,7,True,8,56
1169,889,2,8,1,standard,7,16.739,8,True,8,56
818,891,2,8,3,VIP,12,1.566,8,True,14,168
992,893,2,8,5,standard,9,9.296,5,True,8,72
1385,893,2,8,5,economy,3,22.712,8,False,4,0
1528,893,2,8,5,economy,7,26.161,10,True,4,28
1465,896,2,8,8,economy,5,26.111,10,True,4,20
892,896,2,8,8,standard,7,14.059,1,True,8,56
1137,897,2,8,9,standard,5,9.656,5,True,8,40
937,897,2,8,9,standard,5,6.125,4,True,8,40
1123,897,2,8,9,standard,9,4.091,3,True,8,72
958,898,2,8,10,standard,7,9.93,2,True,8,56
1023,900,2,8,12,standard,12,21.453,7,False,8,0
1244,900,2,8,12,standard,7,2.44,10,True,8,56
1000,902,2,8,14,standard,5,4.571,7,True,8,40
1229,902,2,8,14,standard,5,32.4,4,True,8,40
1166,903,2,8,15,standard,9,8.98,7,True,8,72
931,904,2,8,16,standard,5,3.138,5,True,8,40
1394,904,2,8,16,economy,5,16.379,3,True,4,20
1184,905,2,8,17,standard,7,1.43,7,True,8,56
966,905,2,8,17,standard,5,19.784,8,True,8,40
1271,908,2,8,20,economy,7,6.62,2,True,4,28
988,908,2,8,20,standard,7,14.014,2,True,8,56
1306,908,2,8,20,economy,7,14.559,8,True,4,28
952,908,2,8,20,standard,7,1.251,1,True,8,56
1414,908,2,8,20,economy,5,3.74,1,False,4,0
1579,908,2,8,20,economy,5,9.034,5,True,4,20
1219,908,2,8,20,standard,7,32.023,2,True,8,56
957,910,2,8,22,standard,7,1.416,3,True,8,56
999,910,2,8,22,standard,7,1.709,8,False,8,0
942,911,2,8,23,standard,9,7.029,5,True,8,72
1214,911,2,8,23,standard,7,4.483,1,True,8,56
1445,911,2,8,23,economy,5,8.803,10,True,4,20
1395,911,2,8,23,economy,7,26.847,7,True,4,28
1449,911,2,8,23,economy,5,24.295,8,True,4,20
1593,912,2,9,0,economy,7,24.287,1,False,4,0
1511,914,2,9,2,economy,7,22.514,1,True,4,28
1268,915,2,9,3,economy,5,33.076,1,False,4,0
1392,916,2,9,4,economy,7,9.591,10,True,4,28
1351,916,2,9,4,economy,3,26.847,10,True,4,12
1296,916,2,9,4,economy,3,58.659,2,True,4,12
1103,918,2,9,6,standard,7,9.002,7,True,8,56
1589,921,2,9,9,economy,3,15.031,7,True,4,12
1522,921,2,9,9,economy,7,35.945,3,False,4,0
1515,922,2,9,10,economy,7,19.844,7,False,4,0
1132,922,2,9,10,standard,5,4.356,10,True,8,40
973,923,2,9,11,standard,5,3.401,10,True,8,40
1233,924,2,9,12,standard,5,5.765,4,True,8,40
1004,925,2,9,13,standard,9,11.742,5,True,8,72
1247,926,2,9,14,standard,7,6.068,10,True,8,56
1577,926,2,9,14,economy,3,2.546,2,True,4,12
1181,926,2,9,14,standard,7,23.052,1,False,8,0
1316,927,2,9,15,economy,3,18.467,5,True,4,12
1486,927,2,9,15,economy,5,6.876,4,True,4,20
897,928,2,9,16,standard,7,2.468,10,True,8,56
1462,928,2,9,16,economy,5,48.175,4,True,4,20
959,931,2,9,19,standard,7,4.07,8,True,8,56
1175,933,2,9,21,standard,5,12.224,1,True,8,40
1140,933,2,9,21,standard,12,2.132,7,True,8,96
1529,935,2,9,23,economy,5,31.726,10,True,4,20
1516,936,2,10,0,economy,5,43.8,4,True,4,20
1187,936,2,10,0,standard,9,6.984,2,True,8,72
1451,937,2,10,1,economy,5,16.613,3,False,4,0
1411,940,2,10,4,economy,3,19.523,9,True,4,12
1168,942,2,10,6,standard,12,6.169,6,False,8,0
1338,942,2,10,6,economy,5,4.026,5,True,4,20
843,944,2,10,8,VIP,12,5.745,1,True,14,168
877,945,2,10,9,VIP,12,5.216,4,True,14,168
1503,946,2,10,10,economy,5,8.996,6,True,4,20
1225,947,2,10,11,standard,5,18.659,7,True,8,40
1541,948,2,10,12,economy,3,55.869,3,True,4,12
1513,949,2,10,13,economy,7,25.267,2,True,4,28
1065,949,2,10,13,standard,5,18.657,3,True,8,40
1050,950,2,10,14,standard,7,10.291,3,False,8,0
903,950,2,10,14,standard,7,13.048,2,True,8,56
1382,952,2,10,16,economy,3,5.396,9,True,4,12
1161,953,2,10,17,standard,7,2.814,9,True,8,56
1346,953,2,10,17,economy,7,11.174,6,True,4,28
1408,958,2,10,22,economy,3,26.251,9,True,4,12
1360,960,2,11,0,economy,9,15.309,1,True,4,36
1274,961,2,11,1,economy,3,34.142,3,True,4,12
1216,962,2,11,2,standard,7,2.087,6,True,8,56
1371,962,2,11,2,economy,3,28.591,8,True,4,12
1288,963,2,11,3,economy,3,4.027,1,True,4,12
1041,963,2,11,3,standard,5,5.731,7,True,8,40
861,963,2,11,3,VIP,15,6.24,10,True,14,210
1108,964,2,11,4,standard,12,6.957,6,True,8,96
1177,965,2,11,5,standard,9,4.794,5,True,8,72
833,966,2,11,6,VIP,12,1.389,10,True,14,168
1436,968,2,11,8,economy,5,4.53,2,True,4,20
1419,968,2,11,8,economy,5,43.956,4,False,4,0
1016,968,2,11,8,standard,5,3.724,3,True,8,40
1373,969,2,11,9,economy,5,8.332,5,True,4,20
1269,970,2,11,10,economy,7,15.503,4,True,4,28
1543,970,2,11,10,economy,3,12.438,7,True,4,12
1276,970,2,11,10,economy,9,43.052,2,True,4,36
1507,970,2,11,10,economy,7,10.445,8,True,4,28
1562,972,2,11,12,economy,3,11.883,2,True,4,12
1073,974,2,11,14,standard,9,8.738,5,True,8,72
1350,974,2,11,14,economy,3,49.568,1,True,4,12
1407,974,2,11,14,economy,5,14.922,4,True,4,20
1164,976,2,11,16,standard,7,3.324,8,False,8,0
1135,976,2,11,16,standard,7,12.103,8,True,8,56
1011,977,2,11,17,standard,9,4.524,8,True,8,72
1399,977,2,11,17,economy,5,10.601,2,True,4,20
850,977,2,11,17,VIP,12,14.462,9,True,14,168
1283,978,2,11,18,economy,7,5.674,1,True,4,28
878,979,2,11,19,standard,9,8.723,2,True,8,72
1305,981,2,11,21,economy,5,29.877,9,True,4,20
1343,981,2,11,21,economy,5,17.604,1,True,4,20
1565,984,2,12,0,economy,3,5.648,10,True,4,12
1236,986,2,12,2,standard,12,2.617,9,True,8,96
1497,986,2,12,2,economy,5,44.746,4,True,4,20
875,989,2,12,5,VIP,12,5.028,6,True,14,168
1600,990,2,12,6,economy,5,10.039,6,True,4,20
1466,993,2,12,9,economy,7,26.699,7,True,4,28
1433,994,2,12,10,economy,5,12.493,7,False,4,0
805,996,2,12,12,VIP,12,7.68,9,True,14,168
1260,996,2,12,12,standard,5,5.893,1,False,8,0
1559,998,2,12,14,economy,7,59.43,5,True,4,28
858,999,2,12,15,VIP,12,4.398,1,True,14,168
983,999,2,12,15,standard,5,2.503,1,True,8,40
884,999,2,12,15,standard,7,7.417,2,True,8,56
1470,1000,2,12,16,economy,5,10.2,5,False,4,0
1538,1000,2,12,16,economy,5,10.869,9,True,4,20
951,1000,2,12,16,standard,9,5.26,4,True,8,72
1100,1000,2,12,16,standard,12,7.522,2,True,8,96
1105,1002,2,12,18,standard,7,11.606,3,True,8,56
1078,1002,2,12,18,standard,9,16.846,6,True,8,72
1418,1002,2,12,18,economy,5,5.713,7,True,4,20
1398,1004,2,12,20,economy,7,31.693,10,True,4,28
1303,1005,2,12,21,economy,7,34.003,10,False,4,0
905,1005,2,12,21,standard,5,7.206,3,True,8,40
1458,1006,2,12,22,economy,7,50.626,6,True,4,28
1379,1007,2,12,23,economy,7,44.716,7,True,4,28
974,1007,2,12,23,standard,9,7.258,5,True,8,72
1544,1009,2,13,1,economy,5,9.411,5,False,4,0
894,1009,2,13,1,standard,5,4.347,5,False,8,0
1185,1010,2,13,2,standard,7,6.383,4,True,8,56
1088,1011,2,13,3,standard,9,21.449,6,True,8,72
1477,1011,2,13,3,economy,7,20.904,2,True,4,28
1027,1012,2,13,4,standard,9,20.049,8,True,8,72
1144,1013,2,13,5,standard,7,4.421,3,True,8,56
1405,1014,2,13,6,economy,9,26.761,5,True,4,36
1429,1014,2,13,6,economy,3,4.109,3,True,4,12
1090,1014,2,13,6,standard,7,22.434,2,True,8,56
940,1015,2,13,7,standard,9,7.562,5,True,8,72
911,1016,2,13,8,standard,7,7.059,4,True,8,56
845,1017,2,13,9,VIP,12,3.285,10,False,14,0
1086,1017,2,13,9,standard,5,5.752,5,True,8,40
1335,1018,2,13,10,economy,3,8.998,4,False,4,0
849,1018,2,13,10,VIP,15,4.809,9,True,14,210
1459,1018,2,13,10,economy,7,35.074,10,True,4,28
1325,1018,2,13,10,economy,5,24.614,3,False,4,0
1114,1019,2,13,11,standard,5,6.954,8,True,8,40
1553,1019,2,13,11,economy,5,27.594,5,False,4,0
1046,1020,2,13,12,standard,9,1.264,7,True,8,72
1444,1022,2,13,14,economy,5,26.184,9,True,4,20
986,1023,2,13,15,standard,7,9.326,8,True,8,56
963,1023,2,13,15,standard,5,9.625,5,False,8,0
914,1025,2,13,17,standard,7,9.651,10,True,8,56
1249,1025,2,13,17,standard,7,5.569,3,True,8,56
1110,1026,2,13,18,standard,12,9.7,5,True,8,96
851,1029,2,13,21,VIP,12,20.66,4,True,14,168
1290,1031,2,13,23,economy,5,9.997,3,True,4,20
954,1031,2,13,23,standard,7,8.158,3,True,8,56
1033,1031,2,13,23,standard,12,5.451,4,True,8,96
817,1031,2,13,23,VIP,12,1.768,3,False,14,0
1287,1032,2,14,0,economy,5,27.367,9,True,4,20
810,1032,2,14,0,VIP,12,2.322,2,True,14,168
1212,1034,2,14,2,standard,5,10.183,7,False,8,0
837,1035,2,14,3,VIP,10,3.261,2,True,14,140
1285,1036,2,14,4,economy,3,5.345,5,True,4,12
1332,1037,2,14,5,economy,3,7.222,1,True,4,12
1454,1037,2,14,5,economy,3,4.283,10,True,4,12
867,1038,2,14,6,VIP,15,6.313,10,True,14,210
1289,1038,2,14,6,economy,5,27.562,1,True,4,20
1010,1038,2,14,6,standard,9,0.452,4,True,8,72
915,1040,2,14,8,standard,12,5.194,7,True,8,96
1487,1041,2,14,9,economy,5,33.938,4,True,4,20
1342,1041,2,14,9,economy,5,7.868,4,True,4,20
1087,1041,2,14,9,standard,7,22.564,8,True,8,56
1280,1042,2,14,10,economy,3,12.675,7,True,4,12
913,1042,2,14,10,standard,5,5.007,10,True,8,40
1152,1043,2,14,11,standard,7,8.848,10,True,8,56
1146,1044,2,14,12,standard,12,5.811,8,True,8,96
1174,1044,2,14,12,standard,5,5.176,2,True,8,40
1070,1044,2,14,12,standard,5,9.197,5,True,8,40
1053,1045,2,14,13,standard,7,45.292,7,True,8,56
1384,1045,2,14,13,economy,7,22.876,4,True,4,28
902,1046,2,14,14,standard,9,7.918,10,True,8,72
1542,1046,2,14,14,economy,5,21.327,5,False,4,0
1545,1047,2,14,15,economy,5,36.556,9,True,4,20
1241,1049,2,14,17,standard,9,3.827,9,True,8,72
846,1050,2,14,18,VIP,12,3.613,4,True,14,168
1149,1051,2,14,19,standard,5,2.157,4,True,8,40
976,1051,2,14,19,standard,7,18.405,7,True,8,56
1258,1052,2,14,20,standard,5,7.584,9,True,8,40
936,1052,2,14,20,standard,12,9.413,3,True,8,96
987,1052,2,14,20,standard,7,23.345,6,True,8,56
1567,1054,2,14,22,economy,9,7.403,2,True,4,36
1345,1055,2,14,23,economy,7,8.903,10,True,4,28
859,1057,2,15,1,VIP,12,6.278,10,False,14,0
1378,1057,2,15,1,economy,3,4.706,6,False,4,0
1160,1058,2,15,2,standard,7,14.758,8,True,8,56
1203,1058,2,15,2,standard,9,5.86,5,True,8,72
1072,1059,2,15,3,standard,9,33.864,4,True,8,72
1047,1059,2,15,3,standard,9,23.711,4,True,8,72
1115,1060,2,15,4,standard,5,2.898,10,True,8,40
977,1060,2,15,4,standard,12,6.517,2,True,8,96
1327,1061,2,15,5,economy,3,11.858,9,True,4,12
1291,1062,2,15,6,economy,5,43.951,7,False,4,0
995,1064,2,15,8,standard,5,2.797,5,True,8,40
1142,1064,2,15,8,standard,12,8.323,4,True,8,96
1221,1065,2,15,9,standard,9,2.108,3,False,8,0
1213,1066,2,15,10,standard,5,4.334,9,True,8,40
912,1067,2,15,11,standard,7,11.623,2,True,8,56
1045,1068,2,15,12,standard,9,13.598,4,True,8,72
1355,1068,2,15,12,economy,3,38.246,6,False,4,0
1580,1070,2,15,14,economy,3,14.183,7,True,4,12
1417,1071,2,15,15,economy,5,13.939,10,True,4,20
1240,1071,2,15,15,standard,9,15.013,9,True,8,72
1036,1072,2,15,16,standard,7,0.854,5,True,8,56
819,1072,2,15,16,VIP,12,2.146,4,True,14,168
1307,1073,2,15,17,economy,7,33.845,2,True,4,28
844,1073,2,15,17,VIP,15,7.137,6,True,14,210
830,1075,2,15,19,VIP,12,3.644,4,True,14,168
1138,1076,2,15,20,standard,7,13.564,8,True,8,56
965,1079,2,15,23,standard,5,15.446,3,True,8,40
826,1079,2,15,23,VIP,12,3.216,8,True,14,168
898,1079,2,15,23,standard,9,2.756,4,True,8,72
1393,1080,2,16,0,economy,5,26.392,8,False,4,0
1107,1081,2,16,1,standard,5,3.504,10,True,8,40
1585,1084,2,16,4,economy,9,6.107,6,True,4,36
1270,1085,2,16,5,economy,5,41.048,8,False,4,0
1302,1087,2,16,7,economy,5,25.492,9,True,4,20
1021,1088,2,16,8,standard,5,3.045,8,True,8,40
989,1088,2,16,8,standard,5,6.135,5,True,8,40
1099,1089,2,16,9,standard,7,20.32,5,True,8,56
1550,1089,2,16,9,economy,5,50.285,1,True,4,20
1389,1089,2,16,9,economy,7,23.518,6,True,4,28
847,1090,2,16,10,VIP,12,7.119,5,True,14,168
873,1091,2,16,11,VIP,15,3.353,5,True,14,210
1195,1092,2,16,12,standard,7,7.337,6,False,8,0
1493,1093,2,16,13,economy,9,6.041,10,True,4,36
1007,1093,2,16,13,standard,7,9.175,3,True,8,56
1180,1094,2,16,14,standard,12,13.488,7,True,8,96
1263,1095,2,16,15,economy,3,45.664,2,False,4,0
1297,1095,2,16,15,economy,3,20.458,8,True,4,12
1397,1096,2,16,16,economy,7,11.81,3,True,4,28
1390,1098,2,16,18,economy,7,18.857,5,True,4,28
994,1100,2,16,20,standard,9,7.529,4,True,8,72
1509,1100,2,16,20,economy,9,39.247,9,True,4,36
856,1100,2,16,20,VIP,18,3.98,9,True,14,252
1239,1102,2,16,22,standard,7,6.931,1,True,8,56
1374,1103,2,16,23,economy,3,18.665,1,False,4,0
910,1103,2,16,23,standard,7,9.754,7,True,8,56
955,1104,2,17,0,standard,12,11.324,8,True,8,96
1530,1104,2,17,0,economy,5,27.38,2,False,4,0
1324,1105,2,17,1,economy,5,14.354,9,False,4,0
814,1105,2,17,1,VIP,15,1.694,9,True,14,210
853,1105,2,17,1,VIP,10,1.642,10,True,14,140
1281,1107,2,17,3,economy,3,50.276,4,True,4,12
909,1108,2,17,4,standard,5,4.859,3,False,8,0
1438,1109,2,17,5,economy,7,6.549,9,True,4,28
1304,1109,2,17,5,economy,5,9.737,1,True,4,20
1063,1110,2,17,6,standard,7,17.979,8,True,8,56
1357,1111,2,17,7,economy,7,14.158,2,True,4,28
1317,1113,2,17,9,economy,9,18.502,7,True,4,36
1097,1117,2,17,13,standard,5,1.84,9,True,8,40
1246,1119,2,17,15,standard,7,23.179,1,True,8,56
857,1119,2,17,15,VIP,15,8.258,6,True,14,210
1519,1119,2,17,15,economy,5,8.816,4,True,4,20
1410,1120,2,17,16,economy,5,34.75,9,False,4,0
863,1122,2,17,18,VIP,12,2.466,5,True,14,168
1583,1123,2,17,19,economy,7,12.324,8,True,4,28
938,1124,2,17,20,standard,5,21.236,1,True,8,40
1273,1124,2,17,20,economy,7,11.841,3,True,4,28
950,1124,2,17,20,standard,9,2.754,4,True,8,72
1502,1125,2,17,21,economy,3,16.263,10,True,4,12
1525,1126,2,17,22,economy,5,14.309,1,True,4,20
1362,1127,2,17,23,economy,3,45.681,4,True,4,12
934,1127,2,17,23,standard,5,4.181,3,True,8,40
996,1128,2,18,0,standard,7,18.51,6,True,8,56
1005,1128,2,18,0,standard,7,6.715,2,True,8,56
848,1129,2,18,1,VIP,12,7.052,2,True,14,168
1300,1130,2,18,2,economy,7,22.995,3,False,4,0
1261,1130,2,18,2,economy,5,54.834,10,True,4,20
1347,1132,2,18,4,economy,5,13.336,7,False,4,0
1193,1132,2,18,4,standard,7,7.226,3,True,8,56
1210,1133,2,18,5,standard,7,19.885,8,True,8,56
1504,1133,2,18,5,economy,7,14.689,8,True,4,28
1234,1135,2,18,7,standard,7,3.009,5,True,8,56
1003,1135,2,18,7,standard,9,23.047,1,True,8,72
1605,1138,2,18,10,economy,9,16.372,9,False,4,0
1006,1140,2,18,12,standard,7,14.256,5,False,8,0
822,1140,2,18,12,VIP,18,3.231,8,True,14,252
1205,1142,2,18,14,standard,5,12.18,1,True,8,40
893,1143,2,18,15,standard,5,6.391,5,True,8,40
888,1143,2,18,15,standard,7,12.822,10,True,8,56
1156,1143,2,18,15,standard,7,12.702,4,True,8,56
1442,1144,2,18,16,economy,5,13.91,4,False,4,0
1587,1144,2,18,16,economy,3,19.748,4,True,4,12
1139,1145,2,18,17,standard,12,8.912,5,True,8,96
1299,1146,2,18,18,economy,5,17.015,10,False,4,0
1189,1147,2,18,19,standard,7,7.375,3,True,8,56
960,1148,2,18,20,standard,5,0.88,3,True,8,40
1586,1148,2,18,20,economy,3,19.114,4,True,4,12
1330,1149,2,18,21,economy,3,12.668,6,True,4,12
948,1150,2,18,22,standard,5,4.333,8,True,8,40
1206,1152,2,19,0,standard,9,7.532,7,True,8,72
1191,1153,2,19,1,standard,12,2.368,5,True,8,96
1575,1153,2,19,1,economy,3,7.573,1,True,4,12
1220,1156,2,19,4,standard,9,4.804,6,True,8,72
991,1156,2,19,4,standard,5,6.051,3,True,8,40
1223,1158,2,19,6,standard,7,4.555,8,True,8,56
1428,1158,2,19,6,economy,3,10.26,9,True,4,12
920,1165,2,19,13,standard,7,4.137,4,True,8,56
1062,1165,2,19,13,standard,5,15.977,3,True,8,40
1026,1165,2,19,13,standard,7,5.067,8,True,8,56
896,1165,2,19,13,standard,12,28.256,2,True,8,96
1456,1165,2,19,13,economy,3,25.391,3,True,4,12
1440,1167,2,19,15,economy,3,36.406,2,True,4,12
886,1167,2,19,15,standard,7,7.271,8,True,8,56
1517,1168,2,19,16,economy,3,7.213,10,True,4,12
1339,1171,2,19,19,economy,3,13.606,8,True,4,12
935,1176,2,20,0,standard,5,12.429,9,True,8,40
1264,1176,2,20,0,economy,3,26.565,2,False,4,0
1077,1178,2,20,2,standard,9,3.597,1,True,8,72
899,1179,2,20,3,standard,5,10.367,9,True,8,40
1200,1179,2,20,3,standard,7,1.824,9,True,8,56
998,1182,2,20,6,standard,7,4.417,9,True,8,56
1474,1182,2,20,6,economy,5,36.461,10,True,4,20
815,1183,2,20,7,VIP,15,0.966,5,True,14,210
1404,1184,2,20,8,economy,5,12.211,10,True,4,20
1167,1186,2,20,10,standard,7,1.477,1,False,8,0
921,1186,2,20,10,standard,5,10.248,10,True,8,40
816,1186,2,20,10,VIP,10,13.856,9,True,14,140
831,1188,2,20,12,VIP,12,7.362,6,True,14,168
1377,1188,2,20,12,economy,9,12.098,4,True,4,36
1117,1188,2,20,12,standard,9,2.598,10,True,8,72
1025,1188,2,20,12,standard,7,5.676,7,True,8,56
1224,1190,2,20,14,standard,5,13.338,2,False,8,0
1570,1192,2,20,16,economy,7,37.691,2,True,4,28
1584,1194,2,20,18,economy,7,16.898,8,False,4,0
1278,1194,2,20,18,economy,3,37.444,4,True,4,12
1483,1194,2,20,18,economy,5,39.185,5,False,4,0
1401,1195,2,20,19,economy,5,9.351,6,True,4,20
1574,1196,2,20,20,economy,5,33.392,4,True,4,20
956,1196,2,20,20,standard,5,6.295,9,True,8,40
806,1196,2,20,20,VIP,12,14.123,8,True,14,168
1083,1197,2,20,21,standard,9,20.63,6,True,8,72
947,1197,2,20,21,standard,9,21.481,10,True,8,72
1496,1199,2,20,23,economy,5,26.453,1,False,4,0
1080,1199,2,20,23,standard,9,26.39,9,True,8,72
907,1199,2,20,23,standard,5,12.214,6,True,8,40
1576,1201,2,21,1,economy,5,23.259,2,True,4,20
970,1202,2,21,2,standard,9,1.075,1,True,8,72
1369,1203,2,21,3,economy,5,36.872,10,False,4,0
1368,1204,2,21,4,economy,7,6.942,8,True,4,28
876,1205,2,21,5,VIP,15,7.577,8,True,14,210
1563,1208,2,21,8,economy,5,29.374,7,True,4,20
871,1210,2,21,10,VIP,12,1.6,5,True,14,168
1163,1213,2,21,13,standard,5,7.964,5,True,8,40
1594,1214,2,21,14,economy,5,44.697,2,True,4,20
1068,1215,2,21,15,standard,5,5.515,6,True,8,40
824,1215,2,21,15,VIP,18,7.124,10,True,14,252
1076,1216,2,21,16,standard,5,7.289,4,True,8,40
1349,1216,2,21,16,economy,7,17.514,10,True,4,28
1403,1216,2,21,16,economy,3,20.975,4,True,4,12
1356,1216,2,21,16,economy,3,26.508,3,True,4,12
891,1217,2,21,17,standard,5,8.643,3,True,8,40
1424,1219,2,21,19,economy,5,1.748,3,True,4,20
943,1219,2,21,19,standard,7,9.137,5,True,8,56
1048,1221,2,21,21,standard,7,9.04,3,True,8,56
1430,1221,2,21,21,economy,3,34.413,8,False,4,0
1498,1222,2,21,22,economy,7,15.144,4,True,4,28
1558,1224,2,22,0,economy,7,20.815,8,True,4,28
829,1226,2,22,2,VIP,18,11.768,9,True,14,252
1416,1226,2,22,2,economy,5,9.982,1,True,4,20
1061,1227,2,22,3,standard,9,21.773,2,True,8,72
1106,1228,2,22,4,standard,7,10.15,4,True,8,56
1282,1229,2,22,5,economy,3,5.226,8,True,4,12
1599,1229,2,22,5,economy,5,37.51,9,True,4,20
941,1234,2,22,10,standard,7,6.398,10,True,8,56
1319,1236,2,22,12,economy,5,52.121,1,True,4,20
1601,1236,2,22,12,economy,3,10.685,7,True,4,12
1473,1238,2,22,14,economy,5,3.003,9,True,4,20
1482,1238,2,22,14,economy,7,41.582,9,True,4,28
1008,1238,2,22,14,standard,9,12.109,1,True,8,72
1253,1243,2,22,19,standard,5,5.167,1,False,8,0
900,1243,2,22,19,standard,5,11.242,5,True,8,40
929,1244,2,22,20,standard,5,8.394,7,True,8,40
1248,1244,2,22,20,standard,7,20.668,9,True,8,56
1539,1246,2,22,22,economy,7,20.747,7,True,4,28
1603,1247,2,22,23,economy,5,3.841,1,True,4,20
1353,1247,2,22,23,economy,5,1.536,5,True,4,20
1489,1248,2,23,0,economy,7,9.717,10,True,4,28
1211,1248,2,23,0,standard,5,1.218,8,True,8,40
1400,1249,2,23,1,economy,7,15.638,3,True,4,28
1533,1250,2,23,2,economy,3,36.718,10,True,4,12
813,1250,2,23,2,VIP,12,5.467,1,True,14,168
1581,1251,2,23,3,economy,3,18.67,1,True,4,12
961,1252,2,23,4,standard,12,7.788,8,True,8,96
901,1252,2,23,4,standard,7,6.988,10,True,8,56
1034,1252,2,23,4,standard,9,8.657,1,True,8,72
1171,1253,2,23,5,standard,7,13.234,10,True,8,56
1272,1253,2,23,5,economy,3,27.167,3,True,4,12
1183,1254,2,23,6,standard,5,11.873,7,True,8,40
1602,1254,2,23,6,economy,5,38.261,1,True,4,20
1028,1255,2,23,7,standard,5,6.463,1,False,8,0
1521,1256,2,23,8,economy,5,12.628,2,True,4,20
1551,1257,2,23,9,economy,5,14.532,3,False,4,0
1129,1257,2,23,9,standard,5,1.791,3,True,8,40
1448,1258,2,23,10,economy,3,16.356,10,True,4,12
1157,1259,2,23,11,standard,12,34.56,1,True,8,96
928,1260,2,23,12,standard,9,14.071,4,True,8,72
1569,1260,2,23,12,economy,5,20.69,8,True,4,20
979,1260,2,23,12,standard,7,7.627,9,True,8,56
1043,1261,2,23,13,standard,7,4.335,4,True,8,56
944,1262,2,23,14,standard,9,4.782,9,True,8,72
1162,1262,2,23,14,standard,12,5.663,10,False,8,0
1337,1263,2,23,15,economy,5,10.031,7,True,4,20
1535,1263,2,23,15,economy,5,20.651,3,True,4,20
1311,1263,2,23,15,economy,7,24.262,1,True,4,28
1491,1266,2,23,18,economy,3,27.66,2,True,4,12
917,1267,2,23,19,standard,7,10.211,7,True,8,56
1508,1268,2,23,20,economy,7,17.339,10,True,4,28
1209,1268,2,23,20,standard,9,16.558,10,True,8,72
1165,1269,2,23,21,standard,7,4.941,4,False,8,0
1457,1270,2,23,22,economy,5,3.047,4,True,4,20
1427,1270,2,23,22,economy,5,24.41,7,True,4,20
1054,1271,2,23,23,standard,7,2.109,7,True,8,56
1588,1272,2,24,0,economy,7,50.507,6,False,4,0
1286,1272,2,24,0,economy,5,5.399,10,True,4,20
1014,1273,2,24,1,standard,9,17.917,4,True,8,72
1481,1273,2,24,1,economy,5,24.914,9,True,4,20
1122,1275,2,24,3,standard,5,14.857,2,True,8,40
1366,1275,2,24,3,economy,5,19.39,1,True,4,20
1527,1275,2,24,3,economy,5,10.072,7,True,4,20
1572,1276,2,24,4,economy,3,53.027,9,True,4,12
1091,1277,2,24,5,standard,7,6.916,5,True,8,56
895,1277,2,24,5,standard,7,12.075,7,True,8,56
1582,1278,2,24,6,economy,7,12.594,10,False,4,0
1154,1278,2,24,6,standard,5,2.615,1,True,8,40
925,1278,2,24,6,standard,9,1.012,2,True,8,72
1196,1278,2,24,6,standard,7,7.252,5,True,8,56
1032,1279,2,24,7,standard,9,14.227,9,False,8,0
1344,1281,2,24,9,economy,3,11.619,3,False,4,0
1591,1281,2,24,9,economy,7,3.539,4,True,4,28
1443,1282,2,24,10,economy,5,31.55,1,True,4,20
1386,1282,2,24,10,economy,3,45.814,5,True,4,12
1606,1283,2,24,11,economy,3,44.245,7,True,4,12
1441,1283,2,24,11,economy,5,24.867,1,True,4,20
1596,1284,2,24,12,economy,7,41.982,1,True,4,28
1237,1286,2,24,14,standard,9,20.205,8,True,8,72
1029,1287,2,24,15,standard,7,10.024,6,True,8,56
1402,1288,2,24,16,economy,9,13.456,4,True,4,36
1017,1289,2,24,17,standard,7,8.832,1,True,8,56
1322,1289,2,24,17,economy,7,9.883,9,True,4,28
1560,1290,2,24,18,economy,3,36.14,3,True,4,12
1222,1290,2,24,18,standard,12,12.359,6,True,8,96
1434,1290,2,24,18,economy,9,5.499,3,False,4,0
1277,1291,2,24,19,economy,7,15.52,3,True,4,28
1536,1291,2,24,19,economy,7,5.074,2,False,4,0
1387,1292,2,24,20,economy,5,4.874,4,True,4,20
1571,1292,2,24,20,economy,7,32.142,9,True,4,28
1252,1293,2,24,21,standard,5,5.055,4,True,8,40
1227,1295,2,24,23,standard,7,5.323,4,True,8,56
978,1296,2,25,0,standard,12,9.071,8,True,8,96
1001,1296,2,25,0,standard,7,2.123,2,True,8,56
1255,1297,2,25,1,standard,5,4.779,8,True,8,40
1431,1298,2,25,2,economy,3,15.845,8,True,4,12
1361,1304,2,25,8,economy,3,0.842,5,False,4,0
1485,1304,2,25,8,economy,5,19.346,9,True,4,20
1217,1305,2,25,9,standard,7,7.151,3,True,8,56
1082,1308,2,25,12,standard,12,16.186,8,True,8,96
908,1309,2,25,13,standard,7,9.093,3,True,8,56
1406,1309,2,25,13,economy,9,8.134,2,True,4,36
1215,1311,2,25,15,standard,9,17.52,1,True,8,72
889,1311,2,25,15,standard,9,1.007,9,True,8,72
1321,1313,2,25,17,economy,3,14.33,8,True,4,12
1037,1315,2,25,19,standard,12,0.456,4,True,8,96
1120,1315,2,25,19,standard,7,2.018,3,True,8,56
972,1317,2,25,21,standard,9,3.241,3,True,8,72
1476,1318,2,25,22,economy,7,32.084,4,True,4,28
864,1319,2,25,23,VIP,12,2.531,8,True,14,168
916,1319,2,25,23,standard,7,11.45,9,True,8,56
1198,1320,2,26,0,standard,7,8.488,4,True,8,56
1134,1320,2,26,0,standard,5,4.376,10,True,8,40
1275,1321,2,26,1,economy,3,8.679,2,True,4,12
1126,1324,2,26,4,standard,9,5.029,1,True,8,72
823,1324,2,26,4,VIP,18,12.995,9,True,14,252
1520,1325,2,26,5,economy,5,18.401,7,True,4,20
885,1325,2,26,5,standard,7,4.507,9,True,8,56
923,1325,2,26,5,standard,9,2.492,8,True,8,72
1136,1326,2,26,6,standard,7,5.823,2,True,8,56
1145,1326,2,26,6,standard,5,5.945,9,True,8,40
1549,1327,2,26,7,economy,9,19.851,4,True,4,36
918,1328,2,26,8,standard,9,7.124,2,True,8,72
1555,1330,2,26,10,economy,3,21.3,9,False,4,0
1524,1332,2,26,12,economy,3,30.047,10,True,4,12
1059,1334,2,26,14,standard,7,3.574,3,True,8,56
1024,1334,2,26,14,standard,9,18.3,1,True,8,72
1495,1336,2,26,16,economy,5,30.419,1,True,4,20
1178,1336,2,26,16,standard,12,25.024,2,True,8,96
1348,1337,2,26,17,economy,5,41.768,7,True,4,20
1380,1337,2,26,17,economy,7,1.411,5,True,4,28
1226,1337,2,26,17,standard,9,32.544,7,True,8,72
1323,1338,2,26,18,economy,9,6.304,9,False,4,0
1328,1342,2,26,22,economy,5,18.325,9,True,4,20
1039,1343,2,26,23,standard,7,1.693,9,True,8,56
1176,1343,2,26,23,standard,7,2.546,1,True,8,56
1467,1343,2,26,23,economy,7,28.605,10,True,4,28
1293,1344,2,27,0,economy,9,39.504,1,True,4,36
1093,1345,2,27,1,standard,12,12.872,7,True,8,96
1030,1347,2,27,3,standard,12,5.726,7,True,8,96
1267,1347,2,27,3,economy,5,12.244,1,True,4,20
881,1348,2,27,4,standard,12,1.604,6,True,8,96
1464,1349,2,27,5,economy,9,59.673,7,True,4,36
1009,1349,2,27,5,standard,7,13.139,7,True,8,56
1064,1349,2,27,5,standard,7,7.18,3,True,8,56
1051,1349,2,27,5,standard,5,9.951,2,True,8,40
874,1350,2,27,6,VIP,15,7.101,6,True,14,210
1537,1351,2,27,7,economy,3,52.328,5,True,4,12
932,1351,2,27,7,standard,9,4.214,6,True,8,72
1235,1351,2,27,7,standard,9,20.023,5,True,8,72
1364,1359,2,27,15,economy,7,11.298,3,False,4,0
840,1360,2,27,16,VIP,12,2.218,3,True,14,168
1468,1360,2,27,16,economy,5,21.729,7,True,4,20
1510,1360,2,27,16,economy,7,16.674,7,True,4,28
887,1361,2,27,17,standard,9,11.404,3,True,8,72
842,1361,2,27,17,VIP,10,3.844,10,False,14,0
1336,1361,2,27,17,economy,7,11.809,9,True,4,28
1447,1361,2,27,17,economy,7,14.62,7,True,4,28
1262,1363,2,27,19,economy,3,48.294,1,True,4,12
1257,1364,2,27,20,standard,9,2.004,8,False,8,0
1242,1366,2,27,22,standard,9,5.855,4,True,8,72
1453,1367,2,27,23,economy,3,30.148,4,True,4,12
1040,1367,2,27,23,standard,9,12.981,9,True,8,72
1081,1368,2,28,0,standard,9,2.252,5,True,8,72
1460,1368,2,28,0,economy,7,15.535,9,True,4,28
1488,1369,2,28,1,economy,3,33.887,4,True,4,12
1372,1369,2,28,1,economy,7,9.663,4,True,4,28
1318,1371,2,28,3,economy,3,16.943,6,True,4,12
1155,1371,2,28,3,standard,7,9.885,6,False,8,0
1308,1372,2,28,4,economy,7,25.014,10,True,4,28
1084,1372,2,28,4,standard,7,22.417,2,True,8,56
1413,1372,2,28,4,economy,5,8.739,10,True,4,20
836,1372,2,28,4,VIP,12,0.591,3,True,14,168
860,1373,2,28,5,VIP,18,13.464,9,True,14,252
1256,1374,2,28,6,standard,9,31.047,6,True,8,72
1250,1374,2,28,6,standard,5,12.709,4,True,8,40
924,1374,2,28,6,standard,9,5.286,4,False,8,0
1422,1375,2,28,7,economy,7,15.06,5,True,4,28
962,1375,2,28,7,standard,7,4.773,10,True,8,56
1042,1380,2,28,12,standard,7,9.289,7,True,8,56
1124,1381,2,28,13,standard,9,32.573,10,True,8,72
1020,1381,2,28,13,standard,7,7.128,2,True,8,56
1251,1381,2,28,13,standard,7,4.948,8,True,8,56
1446,1386,2,28,18,economy,9,6.515,8,True,4,36
1141,1386,2,28,18,standard,12,6.722,9,True,8,96
967,1386,2,28,18,standard,5,1.753,2,True,8,40
1049,1388,2,28,20,standard,7,16.308,10,True,8,56
1334,1390,2,28,22,economy,5,7.049,9,True,4,20
975,1390,2,28,22,standard,9,14.831,1,True,8,72
1259,1391,2,28,23,standard,5,23.25,6,False,8,0
1085,1391,2,28,23,standard,12,6.31,9,True,8,96
1190,1391,2,28,23,standard,7,17.755,7,True,8,56
1089,1395,2,29,3,standard,7,9.476,9,True,8,56
1480,1396,2,29,4,economy,5,35.301,10,True,4,20
1548,1396,2,29,4,economy,3,14.47,7,True,4,12
964,1397,2,29,5,standard,9,13.363,5,True,8,72
1197,1398,2,29,6,standard,9,10.439,9,True,8,72
1396,1399,2,29,7,economy,5,5.571,7,True,4,20
1182,1400,2,29,8,standard,9,18.504,9,True,8,72
1230,1400,2,29,8,standard,7,1.99,10,True,8,56
985,1400,2,29,8,standard,12,5.272,7,True,8,96
1376,1403,2,29,11,economy,5,10.301,2,True,4,20
862,1404,2,29,12,VIP,12,1.81,4,True,14,168
1245,1405,2,29,13,standard,9,5.887,9,False,8,0
1254,1405,2,29,13,standard,9,5.123,3,True,8,72
1547,1407,2,29,15,economy,5,27.26,1,True,4,20
1354,1407,2,29,15,economy,5,4.647,4,True,4,20
1031,1408,2,29,16,standard,12,7.001,9,True,8,96
1341,1410,2,29,18,economy,5,10.002,9,True,4,20
1469,1410,2,29,18,economy,5,12.356,10,False,4,0
1484,1414,2,29,22,economy,9,26.266,7,True,4,36
1131,1415,2,29,23,standard,5,14.513,8,True,8,40
1314,1416,2,30,0,economy,5,7.462,5,True,4,20
1204,1417,2,30,1,standard,7,2.632,2,True,8,56
1450,1418,2,30,2,economy,3,3.95,5,True,4,12
1074,1420,2,30,4,standard,5,7.3,10,True,8,40
1098,1421,2,30,5,standard,5,24.937,10,True,8,40
879,1422,2,30,6,standard,7,6.206,1,True,8,56
1130,1422,2,30,6,standard,12,19.446,4,False,8,0
1506,1423,2,30,7,economy,5,26.735,6,True,4,20
828,1424,2,30,8,VIP,15,0.973,8,True,14,210
1109,1424,2,30,8,standard,9,2.107,8,True,8,72
1111,1426,2,30,10,standard,5,4.38,7,True,8,40
1015,1426,2,30,10,standard,5,7.944,2,True,8,40
1383,1429,2,30,13,economy,5,29.108,7,True,4,20
1019,1430,2,30,14,standard,12,11.283,7,True,8,96
1002,1430,2,30,14,standard,12,7.304,7,True,8,96
1295,1430,2,30,14,economy,7,8.164,10,True,4,28
1310,1431,2,30,15,economy,3,25.8,7,True,4,12
890,1431,2,30,15,standard,5,3.992,3,True,8,40
945,1431,2,30,15,standard,7,10.567,3,True,8,56
1096,1433,2,30,17,standard,5,10.263,4,True,8,40
808,1433,2,30,17,VIP,12,9.819,2,True,14,168
1188,1433,2,30,17,standard,7,19.616,2,True,8,56
1492,1435,2,30,19,economy,5,10.856,9,True,4,20
1284,1436,2,30,20,economy,7,57.206,6,False,4,0
1534,1436,2,30,20,economy,5,5.326,4,True,4,20
1228,1437,2,30,21,standard,9,2.511,9,True,8,72
1479,1438,2,30,22,economy,5,28.465,1,True,4,20
1315,1438,2,30,22,economy,7,25.1,2,True,4,28
1279,1439,2,30,23,economy,5,49.921,10,True,4,20
949,1439,2,30,23,standard,7,1.769,7,True,8,56
927,1439,2,30,23,standard,12,7.532,4,True,8,96
1298,1439,2,30,23,economy,3,31.216,4,True,4,12
1630,1440,3,1,0,VIP,12,1.152,1,True,14,168
1948,1442,3,1,2,standard,9,3.313,1,True,8,72
2107,1442,3,1,2,standard,9,9.863,4,True,8,72
2363,1443,3,1,3,economy,3,47.854,8,True,4,12
2421,1443,3,1,3,economy,7,18.086,3,True,4,28
1836,1445,3,1,5,standard,7,1.343,3,True,8,56
2196,1445,3,1,5,economy,9,35.165,1,True,4,36
1937,1446,3,1,6,standard,7,14.205,5,True,8,56
2290,1446,3,1,6,economy,7,31.815,5,True,4,28
2387,1447,3,1,7,economy,5,27.032,1,True,4,20
2366,1447,3,1,7,economy,7,16.689,5,True,4,28
2365,1448,3,1,8,economy,5,16.693,5,False,4,0
1746,1450,3,1,10,standard,9,11.822,2,True,8,72
1813,1450,3,1,10,standard,12,10.6,1,True,8,96
2265,1451,3,1,11,economy,5,13.394,5,True,4,20
2279,1452,3,1,12,economy,7,21.328,3,True,4,28
2475,1453,3,1,13,economy,5,14.257,1,True,4,20
1919,1453,3,1,13,standard,12,18.25,2,True,8,96
1784,1453,3,1,13,standard,9,0.783,10,True,8,72
1677,1453,3,1,13,VIP,12,6.579,1,True,14,168
1802,1455,3,1,15,standard,9,5.223,1,True,8,72
1939,1457,3,1,17,standard,7,22.861,2,True,8,56
1877,1458,3,1,18,standard,9,7.97,5,True,8,72
2060,1458,3,1,18,standard,5,1.694,1,True,8,40
2238,1463,3,1,23,economy,5,2.574,3,False,4,0
2359,1464,3,2,0,economy,3,27.823,1,True,4,12
2445,1464,3,2,0,economy,3,2.285,4,True,4,12
2007,1464,3,2,0,standard,5,10.735,3,True,8,40
1789,1466,3,2,2,standard,5,10.394,4,False,8,0
2339,1467,3,2,3,economy,7,15.159,5,True,4,28
2361,1467,3,2,3,economy,7,22.432,1,True,4,28
2130,1468,3,2,4,standard,9,4.936,1,True,8,72
2227,1470,3,2,6,economy,7,28.775,1,True,4,28
2091,1471,3,2,7,standard,7,10.522,7,True,8,56
1617,1471,3,2,7,VIP,18,12.176,9,True,14,252
1760,1472,3,2,8,standard,5,10.608,10,True,8,40
2204,1473,3,2,9,economy,3,21.833,3,False,4,0
2467,1474,3,2,10,economy,5,20.384,3,True,4,20
2239,1474,3,2,10,economy,5,8.058,5,True,4,20
1759,1474,3,2,10,standard,9,15.609,7,True,8,72
2178,1474,3,2,10,economy,7,12.263,9,True,4,28
2035,1475,3,2,11,standard,5,8.919,8,True,8,40
2403,1475,3,2,11,economy,3,24.433,10,True,4,12
1615,1475,3,2,11,VIP,10,4.726,9,True,14,140
2298,1479,3,2,15,economy,7,34.404,7,True,4,28
1732,1480,3,2,16,standard,7,14.873,10,True,8,56
2451,1481,3,2,17,economy,7,8.393,4,True,4,28
1793,1481,3,2,17,standard,9,16.683,4,True,8,72
1845,1482,3,2,18,standard,9,2.336,5,True,8,72
1810,1484,3,2,20,standard,5,10.15,10,True,8,40
2392,1484,3,2,20,economy,3,26.606,1,False,4,0
1674,1485,3,2,21,VIP,15,5.649,8,True,14,210
1770,1486,3,2,22,standard,9,2.663,9,True,8,72
1638,1489,3,3,1,VIP,12,7.769,8,True,14,168
2240,1491,3,3,3,economy,7,8.426,3,True,4,28
2045,1492,3,3,4,standard,5,3.363,1,True,8,40
1900,1494,3,3,6,standard,9,6.98,9,True,8,72
1804,1494,3,3,6,standard,12,6.443,6,True,8,96
1621,1494,3,3,6,VIP,18,6.857,10,True,14,252
2022,1494,3,3,6,standard,7,3.488,7,True,8,56
2250,1495,3,3,7,economy,5,17.978,4,True,4,20
1620,1496,3,3,8,VIP,18,3.335,8,True,14,252
2426,1496,3,3,8,economy,9,46.497,3,True,4,36
2249,1497,3,3,9,economy,5,14.624,10,True,4,20
2081,1497,3,3,9,standard,5,7.332,3,True,8,40
1735,1497,3,3,9,standard,5,17.361,2,True,8,40
1889,1500,3,3,12,standard,12,5.483,10,True,8,96
1795,1500,3,3,12,standard,5,9.196,10,True,8,40
2466,1500,3,3,12,economy,7,23.255,3,True,4,28
1814,1500,3,3,12,standard,5,7.577,3,True,8,40
2105,1501,3,3,13,standard,7,22.26,2,True,8,56
2364,1502,3,3,14,economy,7,23.386,1,True,4,28
2270,1502,3,3,14,economy,5,13.852,7,False,4,0
2100,1502,3,3,14,standard,9,12.398,4,True,8,72
2174,1503,3,3,15,economy,5,8.845,9,False,4,0
2280,1504,3,3,16,economy,9,5.319,1,False,4,0
1750,1505,3,3,17,standard,12,11.895,3,True,8,96
1917,1506,3,3,18,standard,5,12.482,2,True,8,40
1858,1506,3,3,18,standard,9,12.208,3,False,8,0
2463,1507,3,3,19,economy,5,15.437,6,True,4,20
2325,1507,3,3,19,economy,7,21.128,9,True,4,28
2414,1508,3,3,20,economy,7,9.937,3,True,4,28
2461,1508,3,3,20,economy,9,3.158,1,True,4,36
1752,1508,3,3,20,standard,9,3.68,4,True,8,72
2420,1509,3,3,21,economy,7,10.56,8,True,4,28
2427,1509,3,3,21,economy,3,13.028,5,False,4,0
2405,1509,3,3,21,economy,5,1.506,8,True,4,20
1761,1509,3,3,21,standard,9,5.209,2,True,8,72
2059,1510,3,3,22,standard,12,0.894,7,True,8,96
2167,1513,3,4,1,economy,5,16.711,3,True,4,20
2162,1513,3,4,1,economy,7,26.507,8,True,4,28
2288,1514,3,4,2,economy,5,14.483,2,True,4,20
2453,1516,3,4,4,economy,3,13.683,10,True,4,12
2103,1516,3,4,4,standard,12,7.598,3,True,8,96
1622,1517,3,4,5,VIP,12,10.703,2,True,14,168
2253,1517,3,4,5,economy,5,22.025,4,False,4,0
1740,1517,3,4,5,standard,7,4.478,10,True,8,56
1848,1517,3,4,5,standard,5,9.784,8,True,8,40
1756,1518,3,4,6,standard,5,14.237,1,True,8,40
1709,1518,3,4,6,standard,7,8.631,1,True,8,56
1671,1518,3,4,6,VIP,15,5.826,9,True,14,210
1649,1519,3,4,7,VIP,15,4.825,7,True,14,210
2355,1519,3,4,7,economy,7,9.251,7,True,4,28
2433,1519,3,4,7,economy,3,9.333,9,True,4,12
1997,1519,3,4,7,standard,9,6.053,6,True,8,72
2429,1519,3,4,7,economy,3,19.472,4,True,4,12
1613,1521,3,4,9,VIP,18,5.748,7,True,14,252
1639,1523,3,4,11,VIP,15,2.795,5,True,14,210
1816,1523,3,4,11,standard,9,9.05,5,True,8,72
1921,1524,3,4,12,standard,9,9.343,5,True,8,72
1747,1525,3,4,13,standard,9,5.551,10,True,8,72
1718,1526,3,4,14,standard,9,1.516,1,True,8,72
1961,1527,3,4,15,standard,12,1.824,3,False,8,0
2336,1527,3,4,15,economy,7,13.256,1,True,4,28
1998,1529,3,4,17,standard,5,5.497,1,True,8,40
1822,1530,3,4,18,standard,12,10.537,10,True,8,96
1971,1530,3,4,18,standard,7,9.066,8,True,8,56
1936,1531,3,4,19,standard,7,11.135,3,True,8,56
2423,1532,3,4,20,economy,5,8.631,6,True,4,20
2008,1532,3,4,20,standard,5,1.918,7,True,8,40
2036,1532,3,4,20,standard,7,6.669,9,True,8,56
2039,1533,3,4,21,standard,7,1.918,5,True,8,56
1923,1533,3,4,21,standard,7,3.791,6,False,8,0
2389,1533,3,4,21,economy,3,8.901,9,True,4,12
2080,1533,3,4,21,standard,12,3.126,3,True,8,96
2313,1533,3,4,21,economy,7,4.626,4,True,4,28
1954,1534,3,4,22,standard,7,7.878,2,True,8,56
2064,1535,3,4,23,standard,7,5.461,3,True,8,56
2189,1537,3,5,1,economy,5,6.911,4,True,4,20
2418,1538,3,5,2,economy,9,33.401,6,False,4,0
2428,1539,3,5,3,economy,3,9.781,3,True,4,12
2157,1539,3,5,3,economy,5,31.169,8,True,4,20
1757,1542,3,5,6,standard,5,12.127,2,True,8,40
2444,1542,3,5,6,economy,9,25.612,9,True,4,36
2285,1544,3,5,8,economy,9,16.139,5,True,4,36
1794,1544,3,5,8,standard,12,11.729,4,True,8,96
2407,1547,3,5,11,economy,3,41.999,10,True,4,12
2164,1548,3,5,12,economy,3,11.179,4,True,4,12
1696,1550,3,5,14,standard,5,7.366,3,True,8,40
2212,1551,3,5,15,economy,3,37.204,10,True,4,12
2456,1551,3,5,15,economy,3,29.192,4,True,4,12
2281,1551,3,5,15,economy,5,19.991,4,True,4,20
2274,1553,3,5,17,economy,5,27.022,7,True,4,20
2188,1553,3,5,17,economy,3,7.012,8,True,4,12
1720,1554,3,5,18,standard,5,4.215,8,True,8,40
1798,1556,3,5,20,standard,9,2.342,9,True,8,72
2300,1557,3,5,21,economy,3,22.585,3,True,4,12
1711,1559,3,5,23,standard,12,12.399,1,True,8,96
2077,1559,3,5,23,standard,9,31.49,8,True,8,72
1934,1560,3,6,0,standard,9,6.874,10,True,8,72
1783,1560,3,6,0,standard,9,1.193,10,True,8,72
2049,1560,3,6,0,standard,9,4.664,5,True,8,72
2147,1561,3,6,1,economy,5,16.619,3,True,4,20
1868,1561,3,6,1,standard,7,15.592,5,True,8,56
1753,1562,3,6,2,standard,5,5.107,5,True,8,40
2448,1562,3,6,2,economy,5,31.841,4,True,4,20
2378,1562,3,6,2,economy,5,27.3,6,False,4,0
1729,1563,3,6,3,standard,12,12.747,6,True,8,96
1697,1563,3,6,3,standard,12,46.333,10,True,8,96
2184,1563,3,6,3,economy,3,13.75,2,True,4,12
1902,1564,3,6,4,standard,5,21.08,9,True,8,40
2316,1564,3,6,4,economy,9,50.071,3,True,4,36
1842,1567,3,6,7,standard,9,20.472,2,False,8,0
2020,1567,3,6,7,standard,7,14.751,4,True,8,56
2247,1567,3,6,7,economy,5,29.701,5,True,4,20
1844,1567,3,6,7,standard,12,2.519,9,True,8,96
2088,1568,3,6,8,standard,7,3.543,6,True,8,56
1745,1569,3,6,9,standard,12,9.46,7,True,8,96
2114,1570,3,6,10,standard,9,5.353,8,True,8,72
2040,1571,3,6,11,standard,7,4.033,5,True,8,56
2302,1571,3,6,11,economy,5,9.32,6,True,4,20
2308,1572,3,6,12,economy,5,37.503,7,True,4,20
2101,1573,3,6,13,standard,12,3.52,3,True,8,96
2385,1574,3,6,14,economy,3,34.951,6,True,4,12
2209,1574,3,6,14,economy,3,21.853,3,True,4,12
2311,1574,3,6,14,economy,5,14.469,5,False,4,0
1940,1574,3,6,14,standard,7,8.353,5,True,8,56
1831,1576,3,6,16,standard,7,3.159,1,True,8,56
1903,1576,3,6,16,standard,12,4.484,6,True,8,96
1806,1576,3,6,16,standard,7,4.14,8,True,8,56
2038,1577,3,6,17,standard,5,3.624,5,True,8,40
1785,1577,3,6,17,standard,5,17.161,8,True,8,40
1754,1578,3,6,18,standard,9,0.253,6,True,8,72
2329,1579,3,6,19,economy,5,15.378,7,False,4,0
2388,1580,3,6,20,economy,7,4.721,1,True,4,28
2044,1582,3,6,22,standard,7,3.904,7,True,8,56
2260,1583,3,6,23,economy,7,24.953,2,True,4,28
2454,1583,3,6,23,economy,5,17.927,6,True,4,20
2402,1584,3,7,0,economy,5,3.204,3,True,4,20
2096,1585,3,7,1,standard,5,9.149,8,True,8,40
2144,1585,3,7,1,economy,3,16.094,5,True,4,12
1955,1585,3,7,1,standard,9,6.082,3,False,8,0
2028,1587,3,7,3,standard,5,12.866,4,True,8,40
2267,1587,3,7,3,economy,7,0.864,1,True,4,28
2369,1588,3,7,4,economy,9,7.43,7,True,4,36
2335,1589,3,7,5,economy,5,17.526,10,True,4,20
2439,1589,3,7,5,economy,3,23.087,10,False,4,0
2119,1589,3,7,5,standard,5,3.964,3,True,8,40
1977,1593,3,7,9,standard,7,14.322,3,True,8,56
1721,1595,3,7,11,standard,5,13.769,2,True,8,40
1634,1596,3,7,12,VIP,18,3.82,8,True,14,252
2393,1598,3,7,14,economy,7,8.18,8,True,4,28
1944,1598,3,7,14,standard,9,3.767,10,True,8,72
1953,1600,3,7,16,standard,12,3.572,10,True,8,96
2412,1603,3,7,19,economy,3,23.94,6,True,4,12
2277,1603,3,7,19,economy,3,12.603,2,True,4,12
2082,1604,3,7,20,standard,12,5.683,8,True,8,96
1981,1604,3,7,20,standard,7,3.296,1,True,8,56
2175,1604,3,7,20,economy,5,9.286,7,False,4,0
1661,1605,3,7,21,VIP,12,7.576,8,True,14,168
1695,1606,3,7,22,standard,7,13.307,1,True,8,56
2480,1606,3,7,22,economy,5,5.253,1,False,4,0
1625,1607,3,7,23,VIP,10,10.943,5,True,14,140
1706,1608,3,8,0,standard,5,11.358,9,True,8,40
2153,1609,3,8,1,economy,7,10.131,4,True,4,28
1830,1609,3,8,1,standard,5,4.238,4,True,8,40
2012,1610,3,8,2,standard,9,4.292,3,True,8,72
1713,1610,3,8,2,standard,9,3.464,8,True,8,72
2242,1611,3,8,3,economy,5,1.736,8,True,4,20
2217,1612,3,8,4,economy,3,3.352,1,True,4,12
2033,1612,3,8,4,standard,9,9.249,6,True,8,72
2244,1614,3,8,6,economy,3,29.455,7,True,4,12
1927,1614,3,8,6,standard,9,12.546,6,True,8,72
2216,1614,3,8,6,economy,3,11.355,9,True,4,12
1657,1615,3,8,7,VIP,12,1.577,1,False,14,0
1945,1618,3,8,10,standard,7,15.8,3,False,8,0
2052,1618,3,8,10,standard,7,3.849,7,True,8,56
1924,1619,3,8,11,standard,7,5.357,5,True,8,56
2068,1620,3,8,12,standard,5,12.134,5,True,8,40
2148,1622,3,8,14,economy,3,27.191,5,True,4,12
2282,1623,3,8,15,economy,7,50.498,9,False,4,0
1976,1623,3,8,15,standard,5,11.883,8,False,8,0
1982,1623,3,8,15,standard,5,4.681,10,True,8,40
1691,1624,3,8,16,standard,9,1.924,7,True,8,72
2289,1624,3,8,16,economy,3,23.013,4,True,4,12
2306,1625,3,8,17,economy,3,22.649,7,True,4,12
1717,1625,3,8,17,standard,5,4.929,5,True,8,40
2431,1625,3,8,17,economy,3,4.78,3,True,4,12
2234,1626,3,8,18,economy,7,3.959,3,True,4,28
2226,1626,3,8,18,economy,7,14.078,1,True,4,28
2340,1627,3,8,19,economy,5,14.113,1,True,4,20
2143,1628,3,8,20,economy,7,16.036,5,False,4,0
1840,1628,3,8,20,standard,7,9.521,4,True,8,56
1781,1629,3,8,21,standard,7,9.122,4,True,8,56
2376,1630,3,8,22,economy,3,3.91,8,True,4,12
2471,1631,3,8,23,economy,7,17.873,8,True,4,28
2400,1631,3,8,23,economy,5,6.459,9,False,4,0
2301,1631,3,8,23,economy,5,13.112,6,True,4,20
1815,1632,3,9,0,standard,12,25.64,8,True,8,96
2254,1633,3,9,1,economy,3,29.102,5,True,4,12
2413,1633,3,9,1,economy,5,32.8,2,True,4,20
1805,1634,3,9,2,standard,7,7.937,6,True,8,56
2383,1636,3,9,4,economy,3,17.436,9,True,4,12
1870,1636,3,9,4,standard,7,10.428,5,False,8,0
1946,1637,3,9,5,standard,9,14.693,7,True,8,72
1643,1637,3,9,5,VIP,12,9.102,10,True,14,168
1979,1639,3,9,7,standard,9,5.407,8,True,8,72
1712,1639,3,9,7,standard,9,8.436,7,False,8,0
1641,1642,3,9,10,VIP,12,10.216,7,True,14,168
2134,1643,3,9,11,economy,5,9.422,8,True,4,20
2187,1644,3,9,12,economy,5,14.612,4,True,4,20
2485,1644,3,9,12,economy,7,10.839,9,True,4,28
2443,1646,3,9,14,economy,7,6.604,10,True,4,28
2025,1647,3,9,15,standard,7,2.877,2,True,8,56
1922,1649,3,9,17,standard,5,4.775,1,True,8,40
1974,1649,3,9,17,standard,7,7.951,10,True,8,56
2484,1649,3,9,17,economy,3,10.86,4,True,4,12
1910,1652,3,9,20,standard,9,12.586,7,True,8,72
2179,1652,3,9,20,economy,7,12.85,8,True,4,28
1912,1653,3,9,21,standard,5,15.199,1,True,8,40
1658,1653,3,9,21,VIP,10,4.284,5,True,14,140
1727,1654,3,9,22,standard,9,4.583,8,True,8,72
2295,1654,3,9,22,economy,9,4.135,1,True,4,36
2165,1655,3,9,23,economy,3,13.024,3,False,4,0
2166,1656,3,10,0,economy,7,20.08,7,True,4,28
2322,1658,3,10,2,economy,5,6.947,3,True,4,20
2053,1658,3,10,2,standard,9,6.173,1,True,8,72
2172,1658,3,10,2,economy,7,19.273,4,True,4,28
1731,1659,3,10,3,standard,9,2.52,5,True,8,72
1676,1660,3,10,4,VIP,10,6.398,1,True,14,140
2409,1663,3,10,7,economy,3,13.077,1,True,4,12
1728,1663,3,10,7,standard,5,12.43,7,True,8,40
1707,1663,3,10,7,standard,5,4.407,9,True,8,40
2010,1664,3,10,8,standard,5,21.107,1,True,8,40
2005,1665,3,10,9,standard,12,7.722,1,True,8,96
1778,1665,3,10,9,standard,7,16.724,6,True,8,56
2102,1666,3,10,10,standard,5,19.073,1,True,8,40
2246,1668,3,10,12,economy,3,32.177,10,True,4,12
1825,1670,3,10,14,standard,5,5.172,7,True,8,40
1857,1671,3,10,15,standard,9,5.565,6,True,8,72
2229,1671,3,10,15,economy,5,2.352,4,True,4,20
1673,1672,3,10,16,VIP,12,5.905,6,True,14,168
2386,1674,3,10,18,economy,7,18.334,6,True,4,28
2126,1675,3,10,19,standard,7,1.259,3,False,8,0
1905,1676,3,10,20,standard,9,5.172,3,False,8,0
2135,1677,3,10,21,economy,7,30.074,8,False,4,0
1818,1677,3,10,21,standard,7,4.133,2,True,8,56
1775,1678,3,10,22,standard,5,2.668,7,True,8,40
2013,1679,3,10,23,standard,5,20.031,10,True,8,40
2112,1680,3,11,0,standard,5,9.434,10,True,8,40
2312,1680,3,11,0,economy,7,24.92,3,True,4,28
2271,1683,3,11,3,economy,5,11.678,1,True,4,20
2219,1684,3,11,4,economy,5,16.466,4,True,4,20
1999,1685,3,11,5,standard,9,15.819,3,False,8,0
1851,1685,3,11,5,standard,5,1.224,2,True,8,40
2435,1686,3,11,6,economy,7,18.817,5,False,4,0
1714,1686,3,11,6,standard,7,4.28,7,True,8,56
1812,1688,3,11,8,standard,7,20.115,4,True,8,56
2252,1689,3,11,9,economy,5,13.971,10,True,4,20
1888,1689,3,11,9,standard,5,13.347,8,True,8,40
2399,1690,3,11,10,economy,3,11.286,7,True,4,12
1820,1690,3,11,10,standard,7,3.257,4,True,8,56
2050,1690,3,11,10,standard,9,11.789,3,True,8,72
2408,1692,3,11,12,economy,7,7.897,7,True,4,28
2090,1692,3,11,12,standard,5,1.986,7,True,8,40
1660,1693,3,11,13,VIP,15,9.549,9,True,14,210
1911,1696,3,11,16,standard,12,5.759,6,True,8,96
2128,1697,3,11,17,standard,5,2.749,8,True,8,40
2299,1697,3,11,17,economy,3,34.805,3,True,4,12
2024,1700,3,11,20,standard,7,19.28,2,True,8,56
2095,1700,3,11,20,standard,5,8.22,7,True,8,40
2094,1702,3,11,22,standard,7,3.48,5,True,8,56
1672,1702,3,11,22,VIP,10,1.129,8,True,14,140
2354,1702,3,11,22,economy,3,24.856,6,True,4,12
2023,1703,3,11,23,standard,12,4.799,3,True,8,96
1792,1703,3,11,23,standard,7,5.92,5,True,8,56
1766,1704,3,12,0,standard,7,14.349,1,True,8,56
2057,1704,3,12,0,standard,5,28.702,6,True,8,40
1655,1705,3,12,1,VIP,18,11.015,8,True,14,252
1777,1706,3,12,2,standard,9,6.985,5,True,8,72
1929,1709,3,12,5,standard,9,7.913,6,True,8,72
2470,1709,3,12,5,economy,7,15.094,5,True,4,28
2168,1712,3,12,8,economy,5,15.809,5,False,4,0
2138,1714,3,12,10,economy,7,11.899,8,True,4,28
1702,1714,3,12,10,standard,12,3.176,10,True,8,96
1762,1715,3,12,11,standard,12,8.146,1,True,8,96
1807,1716,3,12,12,standard,5,7.403,6,True,8,40
1935,1717,3,12,13,standard,5,12.593,1,True,8,40
2440,1718,3,12,14,economy,9,29.819,3,True,4,36
1864,1718,3,12,14,standard,9,3.378,10,True,8,72
1675,1719,3,12,15,VIP,18,2.407,9,True,14,252
2474,1719,3,12,15,economy,5,7.935,2,True,4,20
2373,1720,3,12,16,economy,3,9.779,10,True,4,12
2085,1720,3,12,16,standard,9,8.077,1,True,8,72
1969,1721,3,12,17,standard,5,6.563,8,True,8,40
2087,1721,3,12,17,standard,5,5.596,3,True,8,40
1668,1722,3,12,18,VIP,18,5.379,7,True,14,252
1952,1722,3,12,18,standard,7,23.224,1,True,8,56
2151,1723,3,12,19,economy,5,20.529,3,True,4,20
2396,1724,3,12,20,economy,5,10.184,3,True,4,20
1656,1726,3,12,22,VIP,15,5.642,5,True,14,210
1876,1726,3,12,22,standard,7,7.657,2,True,8,56
2348,1727,3,12,23,economy,3,11.751,1,True,4,12
1730,1728,3,13,0,standard,5,2.204,6,True,8,40
2411,1729,3,13,1,economy,5,17.8,4,True,4,20
2145,1730,3,13,2,economy,7,10.403,9,True,4,28
1653,1730,3,13,2,VIP,10,1.455,1,False,14,0
2395,1730,3,13,2,economy,3,15.268,6,False,4,0
2073,1732,3,13,4,standard,5,3.773,2,True,8,40
2141,1733,3,13,5,economy,3,17.968,6,True,4,12
2078,1733,3,13,5,standard,12,12.363,3,True,8,96
1652,1734,3,13,6,VIP,15,10.74,6,True,14,210
1992,1734,3,13,6,standard,7,9.013,7,True,8,56
2034,1735,3,13,7,standard,5,5.359,10,True,8,40
2232,1735,3,13,7,economy,3,30.969,8,True,4,12
1609,1735,3,13,7,VIP,18,2.313,10,True,14,252
2350,1736,3,13,8,economy,3,40.319,1,False,4,0
2029,1736,3,13,8,standard,7,42.462,1,True,8,56
2283,1736,3,13,8,economy,7,18.789,7,True,4,28
1819,1738,3,13,10,standard,9,1.426,2,True,8,72
1897,1740,3,13,12,standard,7,13.577,2,True,8,56
1823,1740,3,13,12,standard,7,6.403,8,True,8,56
1736,1741,3,13,13,standard,5,21.517,6,True,8,40
1930,1741,3,13,13,standard,9,9.865,9,True,8,72
1847,1742,3,13,14,standard,7,3.909,5,True,8,56
2006,1742,3,13,14,standard,9,1.799,2,True,8,72
1984,1742,3,13,14,standard,12,27.794,4,True,8,96
2113,1743,3,13,15,standard,5,7.845,2,True,8,40
2255,1743,3,13,15,economy,5,9.025,8,True,4,20
2266,1745,3,13,17,economy,3,22.176,9,True,4,12
1681,1747,3,13,19,VIP,15,4.849,5,True,14,210
1614,1747,3,13,19,VIP,18,3.137,10,True,14,252
1685,1748,3,13,20,VIP,15,8.337,7,True,14,210
1733,1748,3,13,20,standard,5,2.255,4,False,8,0
1894,1748,3,13,20,standard,9,15.726,2,True,8,72
2450,1751,3,13,23,economy,5,3.905,8,True,4,20
1680,1752,3,14,0,VIP,15,4.484,8,True,14,210
2014,1752,3,14,0,standard,9,7.663,8,True,8,72
2182,1753,3,14,1,economy,5,17.583,9,False,4,0
1738,1753,3,14,1,standard,9,11.974,2,True,8,72
2043,1755,3,14,3,standard,12,10.13,3,True,8,96
2486,1756,3,14,4,economy,3,5.578,2,True,4,12
1755,1757,3,14,5,standard,7,2.317,9,True,8,56
2264,1757,3,14,5,economy,7,18.801,1,True,4,28
2357,1757,3,14,5,economy,7,14.493,3,True,4,28
2200,1760,3,14,8,economy,7,20.589,10,True,4,28
2416,1760,3,14,8,economy,7,38.536,7,True,4,28
1893,1760,3,14,8,standard,7,12.103,3,True,8,56
2208,1761,3,14,9,economy,3,1.786,5,True,4,12
1839,1761,3,14,9,standard,12,17.343,1,True,8,96
2390,1762,3,14,10,economy,5,67.09,5,True,4,20
1647,1762,3,14,10,VIP,10,5.297,2,True,14,140
2122,1763,3,14,11,standard,12,5.66,3,True,8,96
2124,1764,3,14,12,standard,9,8.746,5,True,8,72
2011,1764,3,14,12,standard,9,2.039,4,True,8,72
1723,1764,3,14,12,standard,7,36.308,3,False,8,0
1786,1765,3,14,13,standard,12,7.744,2,True,8,96
2071,1765,3,14,13,standard,5,15.17,4,True,8,40
2169,1766,3,14,14,economy,3,11.27,2,True,4,12
1817,1768,3,14,16,standard,7,1.84,7,True,8,56
1878,1769,3,14,17,standard,12,16.925,2,True,8,96
1833,1769,3,14,17,standard,9,12.317,5,True,8,72
2074,1769,3,14,17,standard,9,0.241,6,False,8,0
1689,1769,3,14,17,standard,7,23.613,4,True,8,56
1947,1770,3,14,18,standard,7,1.262,3,True,8,56
2287,1771,3,14,19,economy,5,27.065,6,True,4,20
2309,1772,3,14,20,economy,9,61.877,10,True,4,36
2118,1773,3,14,21,standard,12,17.021,10,True,8,96
1692,1774,3,14,22,standard,7,5.364,8,True,8,56
2458,1774,3,14,22,economy,3,44.561,10,False,4,0
2381,1775,3,14,23,economy,3,37.212,2,False,4,0
2093,1776,3,15,0,standard,5,2.869,9,True,8,40
2191,1776,3,15,0,economy,5,16.519,8,True,4,20
2109,1777,3,15,1,standard,5,4.938,1,True,8,40
2018,1777,3,15,1,standard,7,8.0,3,True,8,56
1764,1777,3,15,1,standard,12,17.678,9,True,8,96
1767,1778,3,15,2,standard,5,12.607,2,True,8,40
2243,1778,3,15,2,economy,3,11.912,7,False,4,0
2326,1779,3,15,3,economy,7,33.722,2,True,4,28
2268,1780,3,15,4,economy,7,6.173,2,False,4,0
1666,1780,3,15,4,VIP,18,2.57,7,True,14,252
1626,1780,3,15,4,VIP,12,1.063,8,True,14,168
1950,1780,3,15,4,standard,9,2.489,4,True,8,72
2436,1781,3,15,5,economy,7,18.067,8,True,4,28
1856,1782,3,15,6,standard,9,13.378,6,True,8,72
1623,1782,3,15,6,VIP,12,0.953,4,True,14,168
1916,1783,3,15,7,standard,12,8.735,10,True,8,96
1659,1787,3,15,11,VIP,12,12.842,1,True,14,168
2236,1787,3,15,11,economy,5,8.125,9,True,4,20
2032,1788,3,15,12,standard,5,15.75,6,True,8,40
2195,1788,3,15,12,economy,5,26.264,10,False,4,0
2016,1788,3,15,12,standard,7,3.123,3,True,8,56
2156,1789,3,15,13,economy,5,6.025,4,False,4,0
1855,1789,3,15,13,standard,7,30.427,4,True,8,56
1861,1790,3,15,14,standard,5,5.214,2,True,8,40
2086,1793,3,15,17,standard,9,2.492,6,False,8,0
2062,1795,3,15,19,standard,12,5.888,7,True,8,96
1663,1797,3,15,21,VIP,18,2.215,7,True,14,252
2061,1799,3,15,23,standard,7,5.577,10,True,8,56
1637,1799,3,15,23,VIP,12,6.291,1,True,14,168
1768,1802,3,16,2,standard,7,3.811,2,True,8,56
1926,1802,3,16,2,standard,9,10.808,5,True,8,72
2314,1804,3,16,4,economy,3,15.534,3,True,4,12
1642,1804,3,16,4,VIP,12,1.941,10,True,14,168
2149,1804,3,16,4,economy,9,25.07,6,True,4,36
1800,1807,3,16,7,standard,5,1.427,6,True,8,40
2220,1807,3,16,7,economy,3,5.56,8,True,4,12
2347,1809,3,16,9,economy,5,11.479,3,False,4,0
2459,1809,3,16,9,economy,5,12.392,3,True,4,20
2333,1810,3,16,10,economy,5,67.88,9,True,4,20
2384,1810,3,16,10,economy,7,21.253,7,False,4,0
1873,1811,3,16,11,standard,12,6.591,6,True,8,96
1829,1811,3,16,11,standard,9,15.724,10,True,8,72
2142,1812,3,16,12,economy,7,52.675,5,False,4,0
2291,1812,3,16,12,economy,5,9.404,7,False,4,0
1895,1812,3,16,12,standard,7,6.559,5,True,8,56
2320,1813,3,16,13,economy,3,21.684,5,False,4,0
2067,1813,3,16,13,standard,5,13.41,3,True,8,40
2231,1816,3,16,16,economy,7,9.873,10,True,4,28
2349,1817,3,16,17,economy,7,40.646,8,True,4,28
1909,1817,3,16,17,standard,7,17.971,9,True,8,56
2401,1818,3,16,18,economy,3,13.428,10,True,4,12
1722,1818,3,16,18,standard,9,9.14,2,False,8,0
1883,1818,3,16,18,standard,7,10.276,1,True,8,56
1866,1818,3,16,18,standard,5,7.159,1,False,8,0
2075,1819,3,16,19,standard,5,2.743,6,True,8,40
1684,1820,3,16,20,VIP,18,17.349,10,True,14,252
2194,1820,3,16,20,economy,7,39.838,9,True,4,28
1834,1821,3,16,21,standard,7,6.487,8,True,8,56
1968,1821,3,16,21,standard,7,5.245,6,True,8,56
2375,1821,3,16,21,economy,3,15.566,1,True,4,12
2228,1822,3,16,22,economy,3,11.953,1,False,4,0
2362,1822,3,16,22,economy,3,20.464,4,False,4,0
1708,1823,3,16,23,standard,7,7.943,1,True,8,56
2276,1825,3,17,1,economy,7,9.131,6,True,4,28
1715,1825,3,17,1,standard,9,5.997,7,True,8,72
2202,1827,3,17,3,economy,9,4.068,8,True,4,36
2352,1828,3,17,4,economy,9,10.518,4,True,4,36
1693,1828,3,17,4,standard,7,3.855,5,True,8,56
2163,1828,3,17,4,economy,9,43.578,8,True,4,36
2203,1829,3,17,5,economy,5,20.769,10,False,4,0
2330,1829,3,17,5,economy,7,12.758,4,True,4,28
1983,1830,3,17,6,standard,5,3.903,3,True,8,40
1650,1830,3,17,6,VIP,12,0.311,3,False,14,0
2076,1830,3,17,6,standard,9,2.104,5,True,8,72
1791,1832,3,17,8,standard,7,15.235,4,True,8,56
2221,1832,3,17,8,economy,3,39.257,4,False,4,0
1884,1833,3,17,9,standard,5,4.963,8,True,8,40
1891,1836,3,17,12,standard,12,5.27,2,True,8,96
2472,1837,3,17,13,economy,3,16.21,3,False,4,0
2065,1837,3,17,13,standard,7,10.045,6,True,8,56
1698,1838,3,17,14,standard,9,2.301,3,True,8,72
2186,1839,3,17,15,economy,7,16.807,8,False,4,0
2437,1839,3,17,15,economy,3,13.508,5,True,4,12
2129,1840,3,17,16,standard,5,8.101,2,True,8,40
1872,1840,3,17,16,standard,9,23.141,1,True,8,72
2372,1841,3,17,17,economy,7,1.05,7,True,4,28
2173,1841,3,17,17,economy,3,43.308,9,True,4,12
1616,1844,3,17,20,VIP,10,7.165,7,True,14,140
2452,1844,3,17,20,economy,5,4.136,10,True,4,20
2370,1845,3,17,21,economy,7,0.978,7,True,4,28
1988,1845,3,17,21,standard,9,4.919,3,True,8,72
1686,1846,3,17,22,standard,9,4.432,7,True,8,72
1849,1847,3,17,23,standard,9,20.333,4,True,8,72
1624,1848,3,18,0,VIP,15,9.902,10,True,14,210
1776,1848,3,18,0,standard,7,10.246,8,True,8,56
2482,1849,3,18,1,economy,5,30.304,8,False,4,0
2177,1849,3,18,1,economy,5,14.193,6,True,4,20
2099,1849,3,18,1,standard,7,10.589,10,True,8,56
2457,1850,3,18,2,economy,5,1.361,6,True,4,20
2139,1851,3,18,3,economy,5,19.412,9,False,4,0
2225,1852,3,18,4,economy,3,19.508,10,True,4,12
2004,1852,3,18,4,standard,5,3.105,3,True,8,40
1841,1853,3,18,5,standard,9,1.478,5,True,8,72
2051,1854,3,18,6,standard,5,9.585,9,True,8,40
2324,1855,3,18,7,economy,3,6.72,3,True,4,12
2269,1855,3,18,7,economy,5,9.79,3,True,4,20
1644,1857,3,18,9,VIP,12,0.766,5,True,14,168
1690,1857,3,18,9,standard,9,5.21,3,True,8,72
2015,1860,3,18,12,standard,9,3.178,9,True,8,72
1863,1861,3,18,13,standard,7,8.819,5,True,8,56
2351,1861,3,18,13,economy,9,10.329,5,True,4,36
2235,1862,3,18,14,economy,7,20.839,4,False,4,0
2259,1863,3,18,15,economy,9,7.101,10,True,4,36
2070,1863,3,18,15,standard,7,5.45,4,True,8,56
2455,1864,3,18,16,economy,3,7.987,4,True,4,12
1938,1865,3,18,17,standard,9,4.061,4,True,8,72
1632,1867,3,18,19,VIP,12,2.635,5,True,14,168
2315,1868,3,18,20,economy,3,19.286,6,False,4,0
2284,1868,3,18,20,economy,3,57.662,9,True,4,12
2131,1870,3,18,22,standard,7,5.905,3,True,8,56
1741,1870,3,18,22,standard,9,3.213,1,True,8,72
1636,1871,3,18,23,VIP,18,0.902,9,True,14,252
1826,1871,3,18,23,standard,5,22.751,4,True,8,40
1790,1871,3,18,23,standard,12,22.338,7,True,8,96
2159,1874,3,19,2,economy,7,4.344,6,True,4,28
2460,1875,3,19,3,economy,5,1.919,1,True,4,20
2304,1877,3,19,5,economy,3,11.753,1,True,4,12
1827,1879,3,19,7,standard,7,7.542,5,True,8,56
2155,1879,3,19,7,economy,3,21.611,3,False,4,0
2476,1880,3,19,8,economy,3,7.53,10,True,4,12
2205,1882,3,19,10,economy,7,16.417,10,False,4,0
2058,1883,3,19,11,standard,5,3.309,7,True,8,40
2334,1886,3,19,14,economy,3,11.152,2,True,4,12
1664,1888,3,19,16,VIP,10,8.562,7,True,14,140
2328,1889,3,19,17,economy,5,28.088,3,True,4,20
2360,1889,3,19,17,economy,5,1.524,2,False,4,0
2425,1889,3,19,17,economy,3,3.259,5,False,4,0
1869,1890,3,19,18,standard,7,2.463,7,True,8,56
1835,1891,3,19,19,standard,5,1.786,4,True,8,40
1949,1891,3,19,19,standard,7,15.746,8,True,8,56
2424,1892,3,19,20,economy,5,12.592,9,True,4,20
1743,1892,3,19,20,standard,5,2.871,10,True,8,40
2464,1893,3,19,21,economy,5,16.63,8,True,4,20
2332,1893,3,19,21,economy,3,77.473,10,True,4,12
1985,1894,3,19,22,standard,7,5.415,7,True,8,56
1925,1894,3,19,22,standard,9,11.457,10,True,8,72
1959,1894,3,19,22,standard,12,0.895,7,True,8,96
2170,1895,3,19,23,economy,7,38.634,7,True,4,28
2215,1895,3,19,23,economy,7,7.604,6,True,4,28
2397,1896,3,20,0,economy,5,21.925,7,False,4,0
1803,1896,3,20,0,standard,7,6.796,5,True,8,56
2069,1897,3,20,1,standard,7,19.402,8,True,8,56
1906,1897,3,20,1,standard,5,14.132,7,True,8,40
1958,1899,3,20,3,standard,7,4.18,8,True,8,56
1908,1900,3,20,4,standard,7,2.859,4,True,8,56
1859,1901,3,20,5,standard,5,13.128,9,True,8,40
1608,1902,3,20,6,VIP,15,7.623,9,True,14,210
2222,1903,3,20,7,economy,9,2.889,4,True,4,36
2468,1904,3,20,8,economy,7,16.964,7,True,4,28
2210,1904,3,20,8,economy,5,18.686,7,True,4,20
2031,1905,3,20,9,standard,7,20.504,6,True,8,56
1772,1906,3,20,10,standard,5,29.663,4,True,8,40
2296,1907,3,20,11,economy,3,27.742,1,False,4,0
2278,1907,3,20,11,economy,7,17.901,3,True,4,28
1704,1909,3,20,13,standard,5,12.875,7,True,8,40
1796,1909,3,20,13,standard,7,14.965,8,True,8,56
1787,1910,3,20,14,standard,5,4.979,9,True,8,40
1688,1911,3,20,15,standard,7,2.813,4,True,8,56
2206,1911,3,20,15,economy,9,86.135,4,True,4,36
1843,1912,3,20,16,standard,9,15.433,4,True,8,72
2272,1915,3,20,19,economy,5,2.418,3,True,4,20
1862,1916,3,20,20,standard,5,10.432,7,False,8,0
2183,1918,3,20,22,economy,5,68.346,5,True,4,20
1853,1918,3,20,22,standard,9,4.675,5,True,8,72
2337,1919,3,20,23,economy,9,3.544,5,True,4,36
2084,1920,3,21,0,standard,7,2.417,9,True,8,56
1758,1921,3,21,1,standard,5,2.81,8,True,8,40
1885,1921,3,21,1,standard,9,18.632,7,False,8,0
1725,1921,3,21,1,standard,7,13.897,4,True,8,56
1682,1923,3,21,3,VIP,15,3.291,10,True,14,210
1628,1924,3,21,4,VIP,10,10.499,8,True,14,140
1705,1924,3,21,4,standard,9,1.446,2,True,8,72
2048,1926,3,21,6,standard,5,2.079,9,True,8,40
2473,1926,3,21,6,economy,5,4.025,8,True,4,20
1824,1929,3,21,9,standard,9,9.269,1,True,8,72
1832,1930,3,21,10,standard,9,12.541,9,True,8,72
2030,1931,3,21,11,standard,9,27.554,1,False,8,0
1801,1931,3,21,11,standard,9,11.249,5,True,8,72
2230,1931,3,21,11,economy,7,4.896,7,False,4,0
2275,1932,3,21,12,economy,7,29.302,10,False,4,0
1942,1934,3,21,14,standard,5,18.041,4,True,8,40
2041,1936,3,21,16,standard,5,10.558,8,True,8,40
1989,1936,3,21,16,standard,5,6.218,9,True,8,40
2303,1937,3,21,17,economy,9,12.254,3,False,4,0
1763,1937,3,21,17,standard,9,20.818,5,True,8,72
2197,1938,3,21,18,economy,5,2.606,4,True,4,20
1771,1940,3,21,20,standard,5,21.361,10,True,8,40
2055,1940,3,21,20,standard,9,5.273,4,True,8,72
2377,1941,3,21,21,economy,5,24.604,7,True,4,20
1724,1941,3,21,21,standard,5,3.183,7,True,8,40
1990,1941,3,21,21,standard,12,9.429,7,True,8,96
2432,1942,3,21,22,economy,5,11.376,8,False,4,0
2037,1942,3,21,22,standard,5,11.733,3,True,8,40
1828,1943,3,21,23,standard,9,10.965,7,True,8,72
1779,1944,3,22,0,standard,5,4.575,3,True,8,40
2019,1945,3,22,1,standard,5,3.457,4,True,8,40
1960,1946,3,22,2,standard,7,25.969,6,False,8,0
2245,1947,3,22,3,economy,3,41.203,7,True,4,12
2180,1949,3,22,5,economy,3,19.76,1,True,4,12
2193,1949,3,22,5,economy,9,18.86,1,True,4,36
1662,1949,3,22,5,VIP,12,1.809,9,True,14,168
2442,1951,3,22,7,economy,5,10.525,7,True,4,20
2379,1951,3,22,7,economy,5,19.687,9,True,4,20
1645,1951,3,22,7,VIP,12,1.243,5,True,14,168
2190,1952,3,22,8,economy,7,28.363,6,True,4,28
1694,1953,3,22,9,standard,7,8.223,3,True,8,56
1956,1953,3,22,9,standard,9,9.396,6,False,8,0
2160,1953,3,22,9,economy,3,34.336,6,False,4,0
2002,1954,3,22,10,standard,5,22.895,8,False,8,0
1782,1958,3,22,14,standard,5,13.532,10,True,8,40
1970,1958,3,22,14,standard,5,1.803,6,True,8,40
2117,1958,3,22,14,standard,7,2.77,9,False,8,0
1875,1959,3,22,15,standard,5,25.801,1,True,8,40
1627,1960,3,22,16,VIP,12,11.3,2,True,14,168
1611,1961,3,22,17,VIP,15,2.895,10,True,14,210
2211,1961,3,22,17,economy,5,31.829,5,True,4,20
2042,1963,3,22,19,standard,12,5.656,5,True,8,96
2198,1964,3,22,20,economy,5,12.022,2,True,4,20
1618,1964,3,22,20,VIP,12,13.681,9,True,14,168
2199,1964,3,22,20,economy,3,13.072,4,True,4,12
1951,1964,3,22,20,standard,12,1.819,2,True,8,96
1700,1966,3,22,22,standard,7,0.809,10,True,8,56
2158,1967,3,22,23,economy,3,32.591,6,True,4,12
2307,1968,3,23,0,economy,7,46.484,3,False,4,0
2446,1969,3,23,1,economy,3,56.064,5,True,4,12
2394,1971,3,23,3,economy,5,9.361,9,True,4,20
2318,1971,3,23,3,economy,3,11.676,10,False,4,0
1886,1972,3,23,4,standard,7,5.684,1,False,8,0
1932,1972,3,23,4,standard,7,0.69,5,True,8,56
1986,1972,3,23,4,standard,9,4.575,7,True,8,72
2056,1975,3,23,7,standard,7,12.838,4,True,8,56
2185,1977,3,23,9,economy,3,12.569,6,True,4,12
2248,1978,3,23,10,economy,3,54.847,9,True,4,12
2176,1978,3,23,10,economy,5,2.972,4,True,4,20
1651,1978,3,23,10,VIP,12,2.881,10,True,14,168
1635,1979,3,23,11,VIP,12,6.27,2,True,14,168
2089,1980,3,23,12,standard,7,3.249,9,True,8,56
2343,1981,3,23,13,economy,3,20.522,8,True,4,12
2161,1981,3,23,13,economy,5,24.474,1,True,4,20
1914,1982,3,23,14,standard,7,1.116,1,True,8,56
2345,1983,3,23,15,economy,5,35.56,8,True,4,20
2110,1984,3,23,16,standard,5,7.382,1,True,8,40
2257,1985,3,23,17,economy,9,19.166,4,True,4,36
2447,1986,3,23,18,economy,3,26.941,1,True,4,12
2356,1988,3,23,20,economy,3,5.63,5,True,4,12
1846,1988,3,23,20,standard,7,0.593,5,True,8,56
2116,1989,3,23,21,standard,9,18.216,5,True,8,72
2258,1990,3,23,22,economy,9,9.425,10,True,4,36
1773,1992,3,24,0,standard,12,17.254,7,True,8,96
2123,1992,3,24,0,standard,12,12.828,5,True,8,96
2292,1992,3,24,0,economy,7,12.461,3,True,4,28
2256,1992,3,24,0,economy,7,11.704,7,True,4,28
2218,1992,3,24,0,economy,7,41.835,5,True,4,28
1703,1993,3,24,1,standard,5,11.001,8,True,8,40
1809,1994,3,24,2,standard,5,8.413,8,True,8,40
2406,1994,3,24,2,economy,5,7.466,10,False,4,0
1882,1996,3,24,4,standard,5,3.934,4,True,8,40
2465,1996,3,24,4,economy,5,41.106,8,False,4,0
2017,1996,3,24,4,standard,7,11.087,1,True,8,56
2026,1998,3,24,6,standard,7,7.474,6,True,8,56
2262,1999,3,24,7,economy,9,4.596,6,True,4,36
1973,2000,3,24,8,standard,12,2.333,8,True,8,96
2120,2001,3,24,9,standard,9,4.324,7,True,8,72
1896,2001,3,24,9,standard,7,4.639,5,True,8,56
2171,2002,3,24,10,economy,5,1.351,10,True,4,20
1678,2002,3,24,10,VIP,12,0.592,6,True,14,168
1991,2002,3,24,10,standard,7,7.079,8,True,8,56
1780,2003,3,24,11,standard,5,4.82,6,True,8,40
1854,2003,3,24,11,standard,5,0.984,10,True,8,40
2477,2004,3,24,12,economy,9,16.336,1,True,4,36
2132,2005,3,24,13,economy,3,17.544,8,True,4,12
1892,2005,3,24,13,standard,7,16.137,10,True,8,56
2213,2006,3,24,14,economy,3,10.477,10,True,4,12
1890,2008,3,24,16,standard,9,2.058,3,True,8,72
2479,2008,3,24,16,economy,5,19.453,10,True,4,20
2146,2009,3,24,17,economy,9,35.819,3,True,4,36
2342,2009,3,24,17,economy,3,16.593,9,True,4,12
1687,2009,3,24,17,standard,9,2.196,9,True,8,72
1654,2009,3,24,17,VIP,18,0.752,7,True,14,252
1860,2009,3,24,17,standard,7,8.217,6,True,8,56
2098,2010,3,24,18,standard,7,17.35,3,True,8,56
2297,2012,3,24,20,economy,3,13.394,7,True,4,12
1874,2012,3,24,20,standard,5,5.037,6,False,8,0
2181,2012,3,24,20,economy,3,11.456,5,True,4,12
2344,2014,3,24,22,economy,9,10.958,8,True,4,36
1679,2015,3,24,23,VIP,15,8.732,5,True,14,210
1749,2016,3,25,0,standard,9,2.974,9,True,8,72
1744,2017,3,25,1,standard,7,14.335,3,True,8,56
2478,2021,3,25,5,economy,9,12.293,10,True,4,36
2417,2022,3,25,6,economy,3,17.782,10,True,4,12
2263,2022,3,25,6,economy,7,8.88,9,False,4,0
1716,2023,3,25,7,standard,9,2.976,1,True,8,72
2404,2023,3,25,7,economy,7,11.405,3,True,4,28
1797,2023,3,25,7,standard,12,1.172,2,False,8,0
2207,2024,3,25,8,economy,7,23.784,6,False,4,0
2319,2024,3,25,8,economy,7,13.498,3,False,4,0
2367,2025,3,25,9,economy,5,14.337,8,True,4,20
2422,2026,3,25,10,economy,5,16.551,4,True,4,20
1901,2026,3,25,10,standard,5,3.551,9,True,8,40
2438,2026,3,25,10,economy,5,34.621,4,True,4,20
1957,2026,3,25,10,standard,9,4.584,9,True,8,72
1612,2027,3,25,11,VIP,15,6.496,8,True,14,210
2261,2027,3,25,11,economy,3,31.22,5,False,4,0
1808,2029,3,25,13,standard,9,5.663,7,True,8,72
2136,2029,3,25,13,economy,7,56.239,8,True,4,28
1811,2031,3,25,15,standard,7,5.007,3,True,8,56
2415,2033,3,25,17,economy,3,16.911,1,True,4,12
1619,2033,3,25,17,VIP,15,3.888,8,True,14,210
2434,2035,3,25,19,economy,9,39.801,5,True,4,36
1610,2036,3,25,20,VIP,12,5.114,1,True,14,168
1920,2036,3,25,20,standard,7,9.45,5,True,8,56
1881,2037,3,25,21,standard,12,15.03,6,True,8,96
2001,2038,3,25,22,standard,9,15.833,2,False,8,0
2133,2038,3,25,22,economy,3,34.573,10,True,4,12
1918,2040,3,26,0,standard,7,6.185,8,True,8,56
2410,2042,3,26,2,economy,3,6.393,5,False,4,0
2125,2043,3,26,3,standard,7,3.345,5,True,8,56
2346,2046,3,26,6,economy,5,4.262,9,False,4,0
1837,2049,3,26,9,standard,5,12.716,8,False,8,0
1742,2050,3,26,10,standard,5,1.104,8,True,8,40
1683,2051,3,26,11,VIP,12,8.996,8,True,14,168
1739,2051,3,26,11,standard,7,6.048,7,True,8,56
2331,2053,3,26,13,economy,5,15.57,10,True,4,20
1670,2053,3,26,13,VIP,12,3.371,10,True,14,168
2353,2055,3,26,15,economy,5,4.443,2,False,4,0
1879,2055,3,26,15,standard,7,6.831,3,True,8,56
2150,2056,3,26,16,economy,3,23.974,4,True,4,12
1975,2056,3,26,16,standard,7,11.201,6,True,8,56
1928,2057,3,26,17,standard,12,10.755,5,True,8,96
2104,2061,3,26,21,standard,9,2.358,10,True,8,72
2201,2062,3,26,22,economy,9,12.979,3,True,4,36
2066,2064,3,27,0,standard,5,9.146,8,True,8,40
2233,2065,3,27,1,economy,7,20.269,3,True,4,28
2293,2068,3,27,4,economy,5,35.081,3,True,4,20
1972,2069,3,27,5,standard,9,1.727,10,True,8,72
2083,2070,3,27,6,standard,5,3.221,10,True,8,40
2092,2071,3,27,7,standard,9,6.854,5,True,8,72
1913,2071,3,27,7,standard,9,11.715,1,True,8,72
2021,2072,3,27,8,standard,5,7.676,8,True,8,40
1774,2072,3,27,8,standard,9,9.188,6,True,8,72
1669,2072,3,27,8,VIP,12,1.359,6,True,14,168
1748,2073,3,27,9,standard,5,4.936,9,True,8,40
2000,2076,3,27,12,standard,7,13.932,2,True,8,56
2003,2077,3,27,13,standard,7,17.062,9,False,8,0
2310,2077,3,27,13,economy,7,6.201,5,True,4,28
1931,2078,3,27,14,standard,5,1.854,4,True,8,40
2327,2078,3,27,14,economy,5,40.901,2,True,4,20
1980,2079,3,27,15,standard,7,7.927,5,True,8,56
2237,2079,3,27,15,economy,3,11.69,5,True,4,12
2111,2079,3,27,15,standard,5,9.917,8,True,8,40
1887,2079,3,27,15,standard,5,8.468,9,True,8,40
2054,2080,3,27,16,standard,7,5.396,1,True,8,56
2251,2081,3,27,17,economy,9,7.69,8,True,4,36
1852,2082,3,27,18,standard,9,12.981,4,True,8,72
2063,2084,3,27,20,standard,7,5.128,2,True,8,56
1915,2084,3,27,20,standard,9,5.127,8,True,8,72
2305,2085,3,27,21,economy,3,13.134,1,False,4,0
1987,2087,3,27,23,standard,9,5.052,7,True,8,72
1737,2088,3,28,0,standard,12,1.874,1,True,8,96
2368,2089,3,28,1,economy,5,46.371,8,False,4,0
1799,2090,3,28,2,standard,12,13.967,8,True,8,96
2286,2090,3,28,2,economy,3,24.838,8,True,4,12
2294,2092,3,28,4,economy,3,13.451,7,True,4,12
2121,2093,3,28,5,standard,5,7.608,1,True,8,40
2214,2095,3,28,7,economy,3,23.267,10,True,4,12
1907,2095,3,28,7,standard,9,4.922,6,False,8,0
1629,2096,3,28,8,VIP,12,10.894,9,True,14,168
1699,2096,3,28,8,standard,12,11.343,10,True,8,96
1978,2097,3,28,9,standard,7,10.8,6,False,8,0
2358,2097,3,28,9,economy,5,33.905,9,True,4,20
1904,2100,3,28,12,standard,7,2.054,6,True,8,56
1941,2102,3,28,14,standard,7,6.626,2,True,8,56
2192,2102,3,28,14,economy,3,24.546,2,True,4,12
2323,2102,3,28,14,economy,7,13.358,9,True,4,28
1631,2103,3,28,15,VIP,15,4.774,9,True,14,210
1996,2104,3,28,16,standard,12,2.529,9,True,8,96
1821,2105,3,28,17,standard,5,17.656,1,True,8,40
2462,2106,3,28,18,economy,5,22.014,7,False,4,0
2398,2107,3,28,19,economy,7,13.74,3,True,4,28
1734,2107,3,28,19,standard,7,3.655,9,True,8,56
1710,2108,3,28,20,standard,12,1.031,4,True,8,96
2391,2108,3,28,20,economy,7,6.915,2,True,4,28
1838,2109,3,28,21,standard,9,6.408,4,True,8,72
2341,2110,3,28,22,economy,5,5.858,1,True,4,20
2469,2110,3,28,22,economy,5,22.897,8,False,4,0
1965,2111,3,28,23,standard,9,11.154,6,True,8,72
1646,2111,3,28,23,VIP,12,8.321,10,True,14,168
1933,2111,3,28,23,standard,12,3.426,9,True,8,96
2106,2111,3,28,23,standard,5,9.251,3,True,8,40
2224,2113,3,29,1,economy,9,18.568,7,True,4,36
2273,2115,3,29,3,economy,3,7.545,2,True,4,12
2338,2116,3,29,4,economy,5,39.341,8,True,4,20
2483,2116,3,29,4,economy,7,47.011,7,True,4,28
1995,2117,3,29,5,standard,7,13.505,3,True,8,56
2046,2117,3,29,5,standard,9,8.29,8,False,8,0
2072,2118,3,29,6,standard,7,2.47,8,True,8,56
2108,2119,3,29,7,standard,7,14.917,4,True,8,56
1667,2121,3,29,9,VIP,18,2.329,9,True,14,252
2079,2121,3,29,9,standard,7,12.544,10,True,8,56
2321,2121,3,29,9,economy,3,5.86,9,False,4,0
1769,2122,3,29,10,standard,5,5.596,9,False,8,0
1871,2122,3,29,10,standard,7,7.187,10,True,8,56
1751,2122,3,29,10,standard,7,7.504,5,True,8,56
1994,2123,3,29,11,standard,7,12.093,4,True,8,56
2241,2124,3,29,12,economy,7,6.374,5,True,4,28
2380,2126,3,29,14,economy,9,15.367,6,True,4,36
2449,2126,3,29,14,economy,3,2.525,2,False,4,0
1964,2126,3,29,14,standard,7,14.887,6,True,8,56
2223,2127,3,29,15,economy,5,19.619,10,False,4,0
1962,2127,3,29,15,standard,9,12.494,10,True,8,72
1993,2128,3,29,16,standard,12,4.19,2,True,8,96
1640,2128,3,29,16,VIP,15,3.193,6,True,14,210
1943,2129,3,29,17,standard,9,7.859,1,True,8,72
1966,2131,3,29,19,standard,7,11.449,7,False,8,0
2481,2131,3,29,19,economy,5,17.228,10,True,4,20
1726,2133,3,29,21,standard,9,1.58,8,True,8,72
2317,2137,3,30,1,economy,5,8.907,7,True,4,20
2154,2137,3,30,1,economy,5,50.097,10,True,4,20
2374,2137,3,30,1,economy,3,25.535,2,True,4,12
1850,2140,3,30,4,standard,9,8.29,5,True,8,72
1880,2141,3,30,5,standard,7,2.021,7,True,8,56
1701,2142,3,30,6,standard,9,6.419,7,False,8,0
2027,2145,3,30,9,standard,7,4.685,10,True,8,56
1967,2145,3,30,9,standard,9,9.883,5,True,8,72
2419,2145,3,30,9,economy,5,6.733,5,True,4,20
1899,2146,3,30,10,standard,9,1.103,1,True,8,72
1867,2147,3,30,11,standard,5,6.367,7,True,8,40
1648,2147,3,30,11,VIP,15,4.361,9,True,14,210
2152,2147,3,30,11,economy,3,15.528,2,False,4,0
2140,2147,3,30,11,economy,7,8.904,4,True,4,28
1633,2148,3,30,12,VIP,12,1.313,4,True,14,168
1788,2149,3,30,13,standard,9,1.02,4,True,8,72
1865,2150,3,30,14,standard,5,3.182,8,True,8,40
2371,2151,3,30,15,economy,5,9.544,8,True,4,20
2009,2151,3,30,15,standard,9,7.937,8,True,8,72
1898,2151,3,30,15,standard,7,3.141,2,True,8,56
1765,2151,3,30,15,standard,5,9.436,4,True,8,40
2137,2152,3,30,16,economy,7,17.017,8,True,4,28
2097,2153,3,30,17,standard,7,12.307,7,True,8,56
2115,2153,3,30,17,standard,7,17.432,5,True,8,56
2047,2153,3,30,17,standard,5,6.778,4,True,8,40
1719,2155,3,30,19,standard,12,12.686,10,True,8,96
2441,2156,3,30,20,economy,3,34.85,10,True,4,12
2430,2156,3,30,20,economy,3,20.761,10,False,4,0
1665,2158,3,30,22,VIP,18,0.768,7,True,14,252
1963,2158,3,30,22,standard,7,8.197,1,False,8,0
2382,2158,3,30,22,economy,9,14.673,6,True,4,36
2127,2159,3,30,23,standard,9,15.314,9,True,8,72
3011,2160,4,1,0,standard,9,0.454,1,True,8,72
3260,2160,4,1,0,economy,5,34.681,1,True,4,20
2814,2160,4,1,0,standard,5,9.989,9,True,8,40
2951,2163,4,1,3,standard,7,9.205,10,True,8,56
3233,2164,4,1,4,economy,5,25.167,5,False,4,0
3252,2164,4,1,4,economy,5,39.679,2,True,4,20
3299,2165,4,1,5,economy,9,30.578,10,True,4,36
3459,2165,4,1,5,economy,7,10.509,4,True,4,28
3325,2165,4,1,5,economy,7,44.845,1,True,4,28
3304,2167,4,1,7,economy,5,12.309,7,False,4,0
2904,2168,4,1,8,standard,7,3.318,2,True,8,56
2554,2168,4,1,8,VIP,10,9.988,1,True,14,140
2601,2171,4,1,11,standard,12,25.593,5,True,8,96
2509,2173,4,1,13,VIP,12,4.476,8,True,14,168
3195,2174,4,1,14,economy,3,23.583,9,True,4,12
3379,2176,4,1,16,economy,5,9.508,4,True,4,20
2833,2177,4,1,17,standard,12,4.121,9,True,8,96
3052,2178,4,1,18,standard,7,9.845,8,True,8,56
3418,2180,4,1,20,economy,5,39.849,6,True,4,20
3423,2180,4,1,20,economy,5,1.895,9,True,4,20
3399,2181,4,1,21,economy,5,28.902,1,True,4,20
3029,2181,4,1,21,standard,5,4.825,3,True,8,40
2704,2181,4,1,21,standard,5,7.516,9,True,8,40
2577,2181,4,1,21,VIP,18,5.931,10,True,14,252
3153,2183,4,1,23,economy,5,19.801,9,False,4,0
3321,2183,4,1,23,economy,7,22.39,2,True,4,28
3185,2184,4,2,0,economy,5,17.184,6,True,4,20
2610,2184,4,2,0,standard,9,1.784,5,True,8,72
3426,2184,4,2,0,economy,5,10.704,5,True,4,20
2841,2184,4,2,0,standard,9,6.846,2,False,8,0
2641,2187,4,2,3,standard,9,10.515,1,False,8,0
2508,2187,4,2,3,VIP,18,3.066,10,True,14,252
3401,2187,4,2,3,economy,7,8.574,10,False,4,0
2826,2188,4,2,4,standard,7,8.414,8,True,8,56
3345,2188,4,2,4,economy,7,27.798,10,True,4,28
3266,2189,4,2,5,economy,3,14.327,1,True,4,12
3307,2189,4,2,5,economy,3,8.533,8,True,4,12
3272,2189,4,2,5,economy,5,9.465,5,True,4,20
3372,2189,4,2,5,economy,5,18.844,2,False,4,0
2993,2190,4,2,6,standard,7,2.936,8,True,8,56
3453,2190,4,2,6,economy,5,21.673,6,True,4,20
3167,2190,4,2,6,economy,3,48.398,7,True,4,12
2843,2191,4,2,7,standard,7,10.339,7,False,8,0
2585,2192,4,2,8,VIP,10,9.307,10,True,14,140
2662,2193,4,2,9,standard,7,3.292,1,True,8,56
2941,2195,4,2,11,standard,12,18.811,4,True,8,96
3425,2195,4,2,11,economy,5,2.925,1,True,4,20
2699,2196,4,2,12,standard,7,9.014,3,True,8,56
3103,2196,4,2,12,economy,5,17.902,5,True,4,20
2873,2196,4,2,12,standard,5,7.814,4,True,8,40
2795,2197,4,2,13,standard,7,1.435,2,True,8,56
3343,2197,4,2,13,economy,9,12.16,7,True,4,36
2698,2199,4,2,15,standard,9,2.997,4,True,8,72
2655,2200,4,2,16,standard,7,3.63,9,True,8,56
2712,2201,4,2,17,standard,7,5.212,10,True,8,56
3028,2202,4,2,18,standard,7,5.943,7,True,8,56
2653,2202,4,2,18,standard,9,6.516,7,True,8,72
2640,2202,4,2,18,standard,12,2.755,4,True,8,96
2758,2203,4,2,19,standard,7,14.291,10,False,8,0
2812,2204,4,2,20,standard,7,4.849,7,True,8,56
2765,2206,4,2,22,standard,9,12.372,3,True,8,72
3264,2207,4,2,23,economy,3,32.862,9,True,4,12
3180,2208,4,3,0,economy,3,25.687,8,True,4,12
3405,2208,4,3,0,economy,7,71.938,9,True,4,28
3155,2210,4,3,2,economy,5,12.612,9,True,4,20
3410,2211,4,3,3,economy,5,14.081,7,True,4,20
3270,2211,4,3,3,economy,7,51.326,4,True,4,28
2785,2211,4,3,3,standard,9,4.382,4,True,8,72
3334,2211,4,3,3,economy,5,7.71,1,True,4,20
3073,2212,4,3,4,economy,5,7.33,2,True,4,20
2663,2212,4,3,4,standard,5,1.809,9,True,8,40
2902,2213,4,3,5,standard,9,10.351,10,True,8,72
3166,2214,4,3,6,economy,3,1.923,9,True,4,12
3311,2214,4,3,6,economy,5,25.749,2,False,4,0
2613,2214,4,3,6,standard,12,1.517,2,True,8,96
2604,2215,4,3,7,standard,7,10.59,7,True,8,56
2889,2215,4,3,7,standard,7,30.161,2,True,8,56
2683,2216,4,3,8,standard,5,3.481,1,True,8,40
3197,2218,4,3,10,economy,5,12.402,4,True,4,20
2779,2222,4,3,14,standard,7,9.623,3,True,8,56
3332,2222,4,3,14,economy,5,47.053,10,True,4,20
3206,2222,4,3,14,economy,3,63.383,10,True,4,12
2602,2223,4,3,15,standard,12,14.274,7,True,8,96
3215,2223,4,3,15,economy,7,14.127,1,True,4,28
3323,2223,4,3,15,economy,3,32.412,6,True,4,12
3317,2224,4,3,16,economy,3,14.187,4,True,4,12
3161,2225,4,3,17,economy,5,13.621,9,False,4,0
2701,2228,4,3,20,standard,12,3.762,10,True,8,96
3140,2229,4,3,21,economy,3,38.371,9,True,4,12
2899,2229,4,3,21,standard,12,1.405,5,True,8,96
3062,2230,4,3,22,economy,7,12.445,8,True,4,28
3125,2230,4,3,22,economy,5,13.214,5,True,4,20
3422,2230,4,3,22,economy,5,4.173,4,True,4,20
2605,2231,4,3,23,standard,9,5.013,7,True,8,72
3238,2232,4,4,0,economy,3,32.02,2,False,4,0
3138,2233,4,4,1,economy,5,8.436,3,True,4,20
3297,2233,4,4,1,economy,5,6.387,7,True,4,20
2796,2234,4,4,2,standard,9,2.157,9,True,8,72
2817,2234,4,4,2,standard,12,11.25,8,True,8,96
2652,2234,4,4,2,standard,12,6.778,5,True,8,96
3035,2235,4,4,3,standard,9,3.106,10,True,8,72
3209,2237,4,4,5,economy,3,9.143,2,True,4,12
3302,2238,4,4,6,economy,7,19.792,7,True,4,28
3179,2238,4,4,6,economy,7,52.826,4,True,4,28
2750,2239,4,4,7,standard,7,15.41,6,True,8,56
2702,2239,4,4,7,standard,12,11.17,3,True,8,96
3281,2240,4,4,8,economy,9,41.018,4,False,4,0
3098,2243,4,4,11,economy,9,39.851,7,True,4,36
2588,2243,4,4,11,VIP,12,8.408,2,True,14,168
2998,2244,4,4,12,standard,7,6.456,2,True,8,56
2831,2245,4,4,13,standard,7,6.322,7,True,8,56
2943,2245,4,4,13,standard,7,5.281,6,True,8,56
3452,2245,4,4,13,economy,5,2.124,1,True,4,20
3273,2245,4,4,13,economy,9,23.384,2,True,4,36
2929,2246,4,4,14,standard,9,6.527,9,True,8,72
2607,2246,4,4,14,standard,7,4.421,8,True,8,56
3211,2247,4,4,15,economy,7,17.416,2,True,4,28
2978,2248,4,4,16,standard,9,5.207,2,True,8,72
2985,2248,4,4,16,standard,9,2.433,9,True,8,72
2670,2250,4,4,18,standard,9,11.471,8,True,8,72
2991,2251,4,4,19,standard,7,6.735,2,True,8,56
2847,2253,4,4,21,standard,5,0.838,9,True,8,40
2720,2253,4,4,21,standard,9,0.447,3,True,8,72
2695,2253,4,4,21,standard,9,5.236,4,True,8,72
3112,2253,4,4,21,economy,9,46.235,7,True,4,36
2903,2254,4,4,22,standard,12,1.765,10,True,8,96
2898,2255,4,4,23,standard,7,12.724,4,True,8,56
2913,2255,4,4,23,standard,5,2.233,10,True,8,40
3007,2255,4,4,23,standard,5,8.959,7,True,8,40
3099,2257,4,5,1,economy,9,32.664,6,False,4,0
3157,2258,4,5,2,economy,3,18.216,2,True,4,12
2606,2258,4,5,2,standard,5,9.186,3,False,8,0
2856,2259,4,5,3,standard,5,3.26,9,True,8,40
3294,2260,4,5,4,economy,9,25.409,4,True,4,36
3285,2260,4,5,4,economy,3,32.524,8,False,4,0
2854,2260,4,5,4,standard,7,19.7,4,True,8,56
2858,2261,4,5,5,standard,7,4.412,7,False,8,0
2964,2261,4,5,5,standard,5,2.057,9,True,8,40
2507,2262,4,5,6,VIP,18,7.918,8,True,14,252
2905,2262,4,5,6,standard,5,1.058,8,True,8,40
2777,2263,4,5,7,standard,9,25.691,3,True,8,72
2537,2264,4,5,8,VIP,18,3.302,8,True,14,252
3022,2265,4,5,9,standard,9,12.043,5,True,8,72
2946,2265,4,5,9,standard,9,21.294,10,True,8,72
3186,2267,4,5,11,economy,5,9.85,4,True,4,20
2707,2268,4,5,12,standard,7,6.918,6,True,8,56
3347,2269,4,5,13,economy,3,10.643,1,True,4,12
3182,2269,4,5,13,economy,5,15.253,9,True,4,20
2579,2270,4,5,14,VIP,18,0.964,10,True,14,252
3375,2270,4,5,14,economy,7,19.994,1,False,4,0
3077,2270,4,5,14,economy,7,15.428,8,True,4,28
3046,2271,4,5,15,standard,7,22.179,1,True,8,56
3056,2272,4,5,16,standard,9,2.293,2,True,8,72
3295,2272,4,5,16,economy,3,31.22,4,True,4,12
3327,2272,4,5,16,economy,5,29.025,8,False,4,0
2924,2275,4,5,19,standard,5,6.817,10,True,8,40
3316,2275,4,5,19,economy,7,14.893,3,True,4,28
2766,2275,4,5,19,standard,9,1.57,5,True,8,72
3072,2276,4,5,20,economy,3,23.18,10,True,4,12
3031,2278,4,5,22,standard,7,8.53,6,True,8,56
2576,2278,4,5,22,VIP,18,7.468,7,True,14,252
2669,2282,4,6,2,standard,9,8.027,2,True,8,72
3093,2283,4,6,3,economy,5,42.845,1,False,4,0
2738,2286,4,6,6,standard,12,34.23,4,True,8,96
3090,2288,4,6,8,economy,7,38.294,9,True,4,28
3309,2288,4,6,8,economy,3,21.465,9,False,4,0
2677,2289,4,6,9,standard,5,11.783,8,True,8,40
3013,2290,4,6,10,standard,7,4.027,9,True,8,56
2852,2291,4,6,11,standard,5,1.452,2,True,8,40
3378,2293,4,6,13,economy,3,13.821,8,True,4,12
2859,2293,4,6,13,standard,9,9.239,1,True,8,72
3196,2293,4,6,13,economy,7,8.007,5,True,4,28
2893,2294,4,6,14,standard,9,6.924,8,True,8,72
2636,2295,4,6,15,standard,7,9.49,9,True,8,56
3349,2295,4,6,15,economy,3,14.064,1,True,4,12
3126,2297,4,6,17,economy,3,28.793,2,False,4,0
3259,2297,4,6,17,economy,7,32.357,5,True,4,28
3239,2297,4,6,17,economy,3,4.261,7,True,4,12
2916,2298,4,6,18,standard,7,17.111,8,True,8,56
2808,2298,4,6,18,standard,9,24.627,7,True,8,72
2570,2298,4,6,18,VIP,12,1.061,10,True,14,168
2714,2299,4,6,19,standard,7,4.818,2,True,8,56
2911,2299,4,6,19,standard,7,12.407,6,False,8,0
3269,2299,4,6,19,economy,3,1.547,8,True,4,12
3107,2300,4,6,20,economy,5,30.098,5,True,4,20
3171,2302,4,6,22,economy,5,12.364,1,True,4,20
3100,2302,4,6,22,economy,7,1.939,6,True,4,28
2488,2303,4,6,23,VIP,15,15.91,6,True,14,210
2778,2304,4,7,0,standard,5,13.671,6,True,8,40
3366,2305,4,7,1,economy,7,59.135,9,True,4,28
2989,2306,4,7,2,standard,9,5.194,3,True,8,72
2832,2307,4,7,3,standard,5,1.901,5,True,8,40
2970,2307,4,7,3,standard,7,8.915,6,True,8,56
3160,2307,4,7,3,economy,3,35.348,1,False,4,0
2713,2307,4,7,3,standard,9,1.773,8,True,8,72
2614,2307,4,7,3,standard,5,5.456,5,True,8,40
2530,2308,4,7,4,VIP,15,8.809,7,True,14,210
3110,2308,4,7,4,economy,3,14.86,6,True,4,12
2862,2308,4,7,4,standard,12,13.303,5,True,8,96
2620,2310,4,7,6,standard,9,3.658,6,True,8,72
2733,2310,4,7,6,standard,7,4.699,3,True,8,56
3220,2311,4,7,7,economy,9,21.632,7,True,4,36
3176,2311,4,7,7,economy,7,6.489,9,False,4,0
2563,2312,4,7,8,VIP,18,3.181,8,True,14,252
2950,2313,4,7,9,standard,5,6.053,9,True,8,40
2948,2314,4,7,10,standard,12,15.148,9,True,8,96
2981,2315,4,7,11,standard,9,5.313,7,True,8,72
3117,2315,4,7,11,economy,9,8.774,2,True,4,36
2776,2317,4,7,13,standard,9,7.091,5,True,8,72
2839,2318,4,7,14,standard,7,3.018,4,True,8,56
2940,2318,4,7,14,standard,9,19.515,4,False,8,0
2709,2319,4,7,15,standard,7,0.65,2,True,8,56
2703,2319,4,7,15,standard,9,12.214,7,True,8,72
3149,2319,4,7,15,economy,3,11.066,1,True,4,12
3440,2319,4,7,15,economy,5,28.381,6,False,4,0
3132,2323,4,7,19,economy,5,14.961,7,False,4,0
3255,2324,4,7,20,economy,7,5.006,7,True,4,28
2551,2326,4,7,22,VIP,12,1.046,9,True,14,168
2627,2326,4,7,22,standard,7,1.401,4,True,8,56
3253,2327,4,7,23,economy,5,9.732,2,True,4,20
3234,2327,4,7,23,economy,5,16.599,10,True,4,20
3178,2327,4,7,23,economy,7,14.422,4,True,4,28
2728,2327,4,7,23,standard,9,3.32,7,True,8,72
2849,2328,4,8,0,standard,7,5.771,4,True,8,56
3373,2328,4,8,0,economy,7,7.931,3,True,4,28
3249,2329,4,8,1,economy,3,17.657,8,True,4,12
3137,2329,4,8,1,economy,5,12.348,3,False,4,0
2775,2329,4,8,1,standard,12,14.207,7,True,8,96
2521,2330,4,8,2,VIP,10,4.685,6,True,14,140
2721,2332,4,8,4,standard,9,1.833,8,True,8,72
3283,2332,4,8,4,economy,5,41.603,3,True,4,20
3367,2333,4,8,5,economy,5,10.29,10,True,4,20
2939,2335,4,8,7,standard,12,0.591,1,True,8,96
2879,2335,4,8,7,standard,12,6.3,7,True,8,96
2960,2336,4,8,8,standard,5,6.844,9,True,8,40
2912,2337,4,8,9,standard,5,2.411,10,True,8,40
3213,2337,4,8,9,economy,5,2.05,8,False,4,0
2684,2338,4,8,10,standard,5,4.272,2,True,8,40
3278,2338,4,8,10,economy,5,43.017,3,True,4,20
3184,2339,4,8,11,economy,7,39.432,5,True,4,28
2541,2341,4,8,13,VIP,15,13.303,8,True,14,210
3128,2343,4,8,15,economy,7,7.64,7,True,4,28
3277,2344,4,8,16,economy,3,7.805,10,True,4,12
2696,2344,4,8,16,standard,9,16.916,5,True,8,72
3009,2344,4,8,16,standard,7,9.778,1,True,8,56
2860,2345,4,8,17,standard,5,2.071,8,True,8,40
2982,2345,4,8,17,standard,5,5.254,6,True,8,40
3395,2346,4,8,18,economy,5,39.304,8,True,4,20
2681,2347,4,8,19,standard,7,6.468,1,True,8,56
2559,2348,4,8,20,VIP,15,6.045,8,True,14,210
3136,2349,4,8,21,economy,7,1.693,6,False,4,0
3203,2349,4,8,21,economy,7,18.494,10,False,4,0
3383,2350,4,8,22,economy,7,19.503,7,True,4,28
3084,2350,4,8,22,economy,9,15.286,4,True,4,36
3268,2351,4,8,23,economy,7,18.444,7,True,4,28
2754,2353,4,9,1,standard,7,9.664,2,True,8,56
3293,2354,4,9,2,economy,5,5.804,6,True,4,20
3344,2354,4,9,2,economy,5,2.766,7,True,4,20
2741,2356,4,9,4,standard,9,4.001,3,False,8,0
2553,2356,4,9,4,VIP,12,9.764,10,True,14,168
3075,2357,4,9,5,economy,3,41.562,4,True,4,12
3188,2357,4,9,5,economy,5,1.575,6,True,4,20
2598,2357,4,9,5,standard,9,12.664,6,True,8,72
3303,2358,4,9,6,economy,7,11.347,3,False,4,0
2643,2358,4,9,6,standard,9,6.988,5,True,8,72
2803,2359,4,9,7,standard,9,11.273,8,True,8,72
3368,2359,4,9,7,economy,5,26.898,1,True,4,20
3159,2360,4,9,8,economy,7,22.011,1,False,4,0
2534,2360,4,9,8,VIP,18,11.583,10,True,14,252
3060,2360,4,9,8,economy,5,20.105,3,False,4,0
2920,2361,4,9,9,standard,5,2.907,2,True,8,40
3282,2365,4,9,13,economy,7,45.212,4,True,4,28
2751,2365,4,9,13,standard,5,7.115,1,True,8,40
3236,2365,4,9,13,economy,3,27.095,9,True,4,12
2527,2365,4,9,13,VIP,18,5.755,8,True,14,252
2962,2366,4,9,14,standard,7,6.421,2,True,8,56
2646,2367,4,9,15,standard,12,2.428,4,True,8,96
3109,2367,4,9,15,economy,5,13.456,9,True,4,20
2794,2367,4,9,15,standard,7,10.071,8,True,8,56
2811,2368,4,9,16,standard,12,1.237,9,True,8,96
3441,2368,4,9,16,economy,9,11.496,1,True,4,36
2650,2370,4,9,18,standard,5,8.605,9,False,8,0
3258,2370,4,9,18,economy,9,6.157,1,False,4,0
3064,2372,4,9,20,economy,7,30.645,6,True,4,28
3189,2373,4,9,21,economy,3,7.942,5,True,4,12
3221,2374,4,9,22,economy,5,10.975,9,True,4,20
3284,2375,4,9,23,economy,3,19.845,5,True,4,12
2983,2376,4,10,0,standard,5,14.222,6,False,8,0
3288,2377,4,10,1,economy,7,45.629,1,True,4,28
2545,2377,4,10,1,VIP,15,5.488,6,True,14,210
3051,2377,4,10,1,standard,5,14.037,6,True,8,40
2932,2378,4,10,2,standard,9,5.483,1,True,8,72
2820,2379,4,10,3,standard,9,34.345,1,True,8,72
2999,2381,4,10,5,standard,9,8.156,6,True,8,72
3454,2386,4,10,10,economy,9,33.867,6,True,4,36
2740,2386,4,10,10,standard,5,2.604,8,False,8,0
3115,2387,4,10,11,economy,5,4.951,7,True,4,20
3228,2388,4,10,12,economy,7,56.704,2,False,4,0
2726,2388,4,10,12,standard,9,2.251,6,True,8,72
3108,2389,4,10,13,economy,7,20.867,3,False,4,0
2936,2390,4,10,14,standard,7,7.465,1,True,8,56
2555,2390,4,10,14,VIP,15,4.726,5,True,14,210
3146,2391,4,10,15,economy,5,14.8,4,False,4,0
2533,2391,4,10,15,VIP,18,1.707,8,True,14,252
3082,2393,4,10,17,economy,3,17.727,10,True,4,12
2732,2393,4,10,17,standard,5,6.619,8,False,8,0
2623,2393,4,10,17,standard,12,10.997,2,True,8,96
2526,2393,4,10,17,VIP,10,9.639,1,True,14,140
3437,2394,4,10,18,economy,3,36.27,2,True,4,12
2954,2394,4,10,18,standard,9,17.176,8,True,8,72
3445,2395,4,10,19,economy,5,57.718,2,True,4,20
2931,2397,4,10,21,standard,7,0.349,2,True,8,56
2596,2398,4,10,22,VIP,10,5.792,1,True,14,140
3173,2400,4,11,0,economy,9,33.644,1,False,4,0
3339,2400,4,11,0,economy,5,21.159,6,True,4,20
3262,2402,4,11,2,economy,5,27.301,6,True,4,20
2869,2402,4,11,2,standard,7,5.09,10,False,8,0
3174,2402,4,11,2,economy,7,11.851,8,False,4,0
3428,2403,4,11,3,economy,5,9.012,7,True,4,20
3318,2403,4,11,3,economy,7,2.062,8,True,4,28
3175,2404,4,11,4,economy,3,6.48,2,True,4,12
3133,2405,4,11,5,economy,9,8.452,8,True,4,36
2690,2405,4,11,5,standard,12,11.562,8,True,8,96
3129,2406,4,11,6,economy,5,37.237,8,True,4,20
2870,2406,4,11,6,standard,7,5.253,8,True,8,56
2864,2406,4,11,6,standard,7,19.219,9,True,8,56
3257,2409,4,11,9,economy,7,35.837,4,False,4,0
3336,2409,4,11,9,economy,3,12.812,10,True,4,12
2494,2409,4,11,9,VIP,10,0.547,7,False,14,0
2638,2410,4,11,10,standard,9,12.833,6,False,8,0
2969,2411,4,11,11,standard,5,1.538,8,True,8,40
3080,2412,4,11,12,economy,7,2.697,7,True,4,28
3070,2412,4,11,12,economy,5,3.026,3,False,4,0
2809,2414,4,11,14,standard,5,10.145,3,True,8,40
3415,2414,4,11,14,economy,7,10.219,2,True,4,28
3392,2415,4,11,15,economy,7,19.991,10,True,4,28
3169,2415,4,11,15,economy,5,34.753,9,True,4,20
3030,2416,4,11,16,standard,5,8.395,3,False,8,0
2594,2420,4,11,20,VIP,15,2.552,8,True,14,210
3286,2420,4,11,20,economy,7,10.437,1,True,4,28
2578,2420,4,11,20,VIP,10,7.147,10,True,14,140
2844,2422,4,11,22,standard,9,6.158,3,False,8,0
2572,2422,4,11,22,VIP,15,5.91,7,True,14,210
3192,2422,4,11,22,economy,7,25.972,1,True,4,28
2949,2422,4,11,22,standard,7,7.422,2,False,8,0
2735,2423,4,11,23,standard,12,4.438,4,True,8,96
3256,2423,4,11,23,economy,5,10.259,5,False,4,0
3040,2424,4,12,0,standard,5,24.527,3,False,8,0
3290,2424,4,12,0,economy,3,22.192,8,True,4,12
3361,2425,4,12,1,economy,7,18.695,9,False,4,0
2745,2426,4,12,2,standard,5,4.98,7,True,8,40
2799,2430,4,12,6,standard,5,3.677,9,True,8,40
3287,2432,4,12,8,economy,7,23.668,1,True,4,28
2516,2432,4,12,8,VIP,12,1.052,7,True,14,168
2937,2432,4,12,8,standard,9,6.947,2,True,8,72
3331,2433,4,12,9,economy,7,24.385,10,True,4,28
3389,2433,4,12,9,economy,7,22.307,4,True,4,28
2487,2434,4,12,10,VIP,18,3.964,9,True,14,252
3076,2435,4,12,11,economy,5,38.094,10,False,4,0
2492,2435,4,12,11,VIP,12,1.041,6,True,14,168
2888,2437,4,12,13,standard,7,16.796,1,True,8,56
2522,2437,4,12,13,VIP,15,9.654,7,True,14,210
2882,2440,4,12,16,standard,12,10.186,4,True,8,96
3097,2441,4,12,17,economy,3,42.679,8,True,4,12
3190,2441,4,12,17,economy,7,38.675,2,True,4,28
3313,2442,4,12,18,economy,7,18.954,8,True,4,28
3106,2442,4,12,18,economy,3,2.994,10,True,4,12
2729,2442,4,12,18,standard,5,30.272,5,True,8,40
3235,2444,4,12,20,economy,5,33.188,4,True,4,20
3354,2444,4,12,20,economy,5,20.067,5,True,4,20
3003,2445,4,12,21,standard,9,4.059,3,True,8,72
2659,2445,4,12,21,standard,7,8.541,4,True,8,56
3398,2446,4,12,22,economy,7,31.497,9,False,4,0
2921,2447,4,12,23,standard,9,5.547,8,True,8,72
2564,2449,4,13,1,VIP,10,9.266,9,True,14,140
2959,2450,4,13,2,standard,7,15.522,5,False,8,0
2863,2450,4,13,2,standard,9,24.497,7,False,8,0
2679,2450,4,13,2,standard,12,4.55,8,True,8,96
2806,2451,4,13,3,standard,5,4.67,4,True,8,40
2682,2452,4,13,4,standard,9,8.852,8,True,8,72
3102,2455,4,13,7,economy,3,11.284,4,True,4,12
3081,2455,4,13,7,economy,7,40.97,9,True,4,28
2573,2456,4,13,8,VIP,12,4.492,1,False,14,0
2672,2457,4,13,9,standard,5,3.168,9,True,8,40
3148,2459,4,13,11,economy,3,15.868,2,True,4,12
2489,2459,4,13,11,VIP,12,4.262,6,False,14,0
3020,2463,4,13,15,standard,12,6.794,4,True,8,96
3000,2463,4,13,15,standard,5,7.628,10,True,8,40
2838,2464,4,13,16,standard,9,6.538,1,True,8,72
2583,2465,4,13,17,VIP,10,5.918,3,True,14,140
2593,2465,4,13,17,VIP,12,5.588,4,True,14,168
3225,2466,4,13,18,economy,5,10.502,7,True,4,20
3012,2466,4,13,18,standard,9,2.936,6,True,8,72
2611,2468,4,13,20,standard,5,6.48,7,False,8,0
2661,2469,4,13,21,standard,7,16.241,2,True,8,56
2805,2469,4,13,21,standard,9,8.799,1,True,8,72
3357,2469,4,13,21,economy,5,27.011,3,True,4,20
2800,2470,4,13,22,standard,7,1.828,3,True,8,56
2891,2470,4,13,22,standard,5,4.854,9,False,8,0
2975,2471,4,13,23,standard,5,4.255,8,False,8,0
2543,2473,4,14,1,VIP,12,1.207,2,True,14,168
2510,2473,4,14,1,VIP,12,1.615,3,True,14,168
2660,2473,4,14,1,standard,7,17.041,9,True,8,56
2524,2474,4,14,2,VIP,12,13.458,4,True,14,168
2988,2474,4,14,2,standard,12,17.371,1,True,8,96
3403,2474,4,14,2,economy,3,11.486,6,True,4,12
3111,2475,4,14,3,economy,3,21.228,3,True,4,12
2767,2476,4,14,4,standard,7,8.681,1,True,8,56
2531,2477,4,14,5,VIP,12,2.299,9,True,14,168
3276,2478,4,14,6,economy,7,17.026,5,True,4,28
2771,2478,4,14,6,standard,12,22.851,4,True,8,96
2749,2479,4,14,7,standard,5,12.257,9,True,8,40
3142,2479,4,14,7,economy,5,30.917,5,True,4,20
2538,2479,4,14,7,VIP,10,5.229,10,True,14,140
3456,2479,4,14,7,economy,3,38.666,6,True,4,12
3412,2480,4,14,8,economy,5,6.317,7,True,4,20
2974,2480,4,14,8,standard,9,19.447,1,True,8,72
3300,2480,4,14,8,economy,5,2.96,10,True,4,20
3280,2481,4,14,9,economy,7,20.028,5,True,4,28
2743,2481,4,14,9,standard,9,18.16,1,True,8,72
3362,2482,4,14,10,economy,5,40.63,10,True,4,20
3416,2482,4,14,10,economy,7,8.598,3,True,4,28
3419,2482,4,14,10,economy,7,16.836,9,True,4,28
2894,2482,4,14,10,standard,12,5.952,1,True,8,96
3199,2483,4,14,11,economy,7,35.561,5,False,4,0
3380,2483,4,14,11,economy,7,37.486,9,True,4,28
3172,2483,4,14,11,economy,3,8.264,3,True,4,12
2910,2486,4,14,14,standard,7,10.533,7,True,8,56
3271,2487,4,14,15,economy,5,6.111,9,True,4,20
3427,2487,4,14,15,economy,5,4.931,1,True,4,20
3088,2490,4,14,18,economy,5,33.878,8,True,4,20
3242,2492,4,14,20,economy,3,24.981,5,True,4,12
3267,2493,4,14,21,economy,7,31.523,6,True,4,28
2730,2493,4,14,21,standard,9,7.483,5,True,8,72
3292,2493,4,14,21,economy,3,22.391,4,True,4,12
3424,2495,4,14,23,economy,5,10.176,9,True,4,20
2883,2496,4,15,0,standard,5,5.927,2,True,8,40
2956,2496,4,15,0,standard,7,5.056,8,True,8,56
2813,2496,4,15,0,standard,9,16.579,6,True,8,72
2739,2496,4,15,0,standard,7,19.46,10,True,8,56
3335,2497,4,15,1,economy,3,21.57,7,True,4,12
2635,2498,4,15,2,standard,9,5.006,3,True,8,72
3355,2498,4,15,2,economy,5,9.969,8,False,4,0
2973,2499,4,15,3,standard,12,15.271,3,True,8,96
2861,2501,4,15,5,standard,9,3.478,7,True,8,72
3058,2501,4,15,5,economy,7,7.13,3,True,4,28
2499,2503,4,15,7,VIP,15,4.841,8,True,14,210
2781,2504,4,15,8,standard,5,18.906,1,True,8,40
2717,2504,4,15,8,standard,5,3.301,5,True,8,40
2642,2504,4,15,8,standard,5,6.366,8,True,8,40
2675,2505,4,15,9,standard,9,7.877,7,True,8,72
2774,2507,4,15,11,standard,7,9.995,7,True,8,56
3127,2507,4,15,11,economy,5,22.999,8,True,4,20
2945,2508,4,15,12,standard,9,1.749,8,True,8,72
3049,2509,4,15,13,standard,7,7.362,9,False,8,0
3370,2509,4,15,13,economy,5,35.074,10,False,4,0
2727,2510,4,15,14,standard,5,21.047,3,True,8,40
3021,2511,4,15,15,standard,9,8.549,8,True,8,72
2495,2511,4,15,15,VIP,10,9.008,7,True,14,140
2731,2511,4,15,15,standard,9,7.443,7,True,8,72
2824,2511,4,15,15,standard,7,6.748,6,True,8,56
2630,2511,4,15,15,standard,7,6.218,8,True,8,56
3134,2512,4,15,16,economy,7,70.165,7,True,4,28
3386,2513,4,15,17,economy,5,61.796,5,True,4,20
2878,2514,4,15,18,standard,7,14.506,2,True,8,56
2566,2515,4,15,19,VIP,18,6.043,8,True,14,252
2589,2515,4,15,19,VIP,18,3.275,10,True,14,252
2807,2516,4,15,20,standard,5,7.448,6,True,8,40
2952,2516,4,15,20,standard,9,13.668,1,False,8,0
2692,2516,4,15,20,standard,7,6.105,2,True,8,56
2829,2516,4,15,20,standard,7,11.034,10,True,8,56
3312,2516,4,15,20,economy,3,4.348,3,True,4,12
2529,2517,4,15,21,VIP,18,9.129,9,True,14,252
3231,2518,4,15,22,economy,5,13.761,6,False,4,0
2565,2518,4,15,22,VIP,15,4.197,8,True,14,210
2926,2518,4,15,22,standard,12,13.391,10,False,8,0
2536,2520,4,16,0,VIP,15,2.304,6,True,14,210
2971,2521,4,16,1,standard,7,2.465,1,True,8,56
2723,2521,4,16,1,standard,7,1.684,7,True,8,56
3337,2521,4,16,1,economy,7,28.926,9,False,4,0
3320,2521,4,16,1,economy,3,15.592,10,True,4,12
3074,2522,4,16,2,economy,7,32.191,1,True,4,28
3019,2523,4,16,3,standard,9,2.322,2,True,8,72
2947,2523,4,16,3,standard,7,26.431,9,True,8,56
2909,2525,4,16,5,standard,5,17.557,8,True,8,40
3263,2525,4,16,5,economy,5,13.236,5,True,4,20
2656,2526,4,16,6,standard,7,8.311,1,True,8,56
2901,2526,4,16,6,standard,12,9.983,3,True,8,96
2783,2527,4,16,7,standard,5,20.62,2,True,8,40
2865,2527,4,16,7,standard,9,3.235,1,True,8,72
3050,2528,4,16,8,standard,9,2.657,2,True,8,72
2786,2530,4,16,10,standard,12,11.596,3,False,8,0
2958,2531,4,16,11,standard,7,5.461,4,True,8,56
2770,2531,4,16,11,standard,9,13.033,10,True,8,72
3183,2532,4,16,12,economy,5,41.891,2,False,4,0
3147,2533,4,16,13,economy,3,14.738,9,True,4,12
3444,2533,4,16,13,economy,5,14.105,4,True,4,20
2637,2534,4,16,14,standard,5,13.275,5,True,8,40
2881,2538,4,16,18,standard,7,7.291,5,True,8,56
2872,2539,4,16,19,standard,7,11.984,8,True,8,56
3069,2539,4,16,19,economy,5,27.837,7,False,4,0
3152,2539,4,16,19,economy,3,64.152,9,True,4,12
3041,2540,4,16,20,standard,9,10.073,3,True,8,72
2972,2540,4,16,20,standard,5,8.853,10,True,8,40
3348,2540,4,16,20,economy,7,32.967,3,False,4,0
3198,2541,4,16,21,economy,5,28.015,2,True,4,20
3406,2541,4,16,21,economy,5,23.505,2,False,4,0
3376,2542,4,16,22,economy,5,34.979,2,True,4,20
3432,2543,4,16,23,economy,7,57.256,3,True,4,28
3200,2543,4,16,23,economy,5,25.652,8,True,4,20
3365,2544,4,17,0,economy,7,26.631,5,True,4,28
2498,2545,4,17,1,VIP,12,3.877,6,True,14,168
3085,2547,4,17,3,economy,3,4.588,4,True,4,12
3124,2547,4,17,3,economy,5,33.266,6,False,4,0
3458,2547,4,17,3,economy,5,52.748,6,True,4,20
3087,2548,4,17,4,economy,5,40.633,4,True,4,20
3039,2549,4,17,5,standard,12,3.15,4,False,8,0
2827,2550,4,17,6,standard,5,11.471,3,True,8,40
2632,2551,4,17,7,standard,12,13.783,5,True,8,96
3191,2551,4,17,7,economy,3,9.962,3,False,4,0
3251,2551,4,17,7,economy,3,21.853,3,True,4,12
2762,2552,4,17,8,standard,12,2.04,3,False,8,0
2896,2552,4,17,8,standard,5,1.79,4,True,8,40
2886,2552,4,17,8,standard,5,8.58,4,True,8,40
2648,2552,4,17,8,standard,5,13.459,3,True,8,40
2671,2554,4,17,10,standard,12,17.028,9,True,8,96
3296,2555,4,17,11,economy,5,7.41,7,True,4,20
3237,2556,4,17,12,economy,9,19.429,6,True,4,36
2997,2556,4,17,12,standard,5,2.999,10,True,8,40
3308,2556,4,17,12,economy,3,6.455,9,True,4,12
3306,2557,4,17,13,economy,7,4.595,6,False,4,0
2963,2558,4,17,14,standard,7,0.402,5,True,8,56
2855,2559,4,17,15,standard,12,10.003,9,True,8,96
3123,2559,4,17,15,economy,5,48.377,8,True,4,20
3079,2560,4,17,16,economy,7,28.113,8,True,4,28
3274,2560,4,17,16,economy,7,10.139,3,True,4,28
3181,2560,4,17,16,economy,5,14.241,7,True,4,20
2523,2561,4,17,17,VIP,15,8.622,9,True,14,210
3193,2561,4,17,17,economy,3,25.151,8,False,4,0
2764,2562,4,17,18,standard,5,3.82,9,True,8,40
3162,2564,4,17,20,economy,3,22.407,9,True,4,12
3044,2566,4,17,22,standard,12,8.865,8,False,8,0
3397,2567,4,17,23,economy,5,25.541,3,True,4,20
2542,2567,4,17,23,VIP,12,3.309,3,True,14,168
3382,2567,4,17,23,economy,3,30.791,10,True,4,12
3219,2567,4,17,23,economy,7,6.366,1,False,4,0
2664,2569,4,18,1,standard,9,5.277,8,True,8,72
2994,2570,4,18,2,standard,12,4.223,2,True,8,96
2708,2572,4,18,4,standard,9,22.089,10,True,8,72
3247,2572,4,18,4,economy,7,42.616,7,True,4,28
3338,2574,4,18,6,economy,5,13.858,7,True,4,20
2906,2575,4,18,7,standard,7,1.209,6,True,8,56
2979,2576,4,18,8,standard,7,20.876,3,True,8,56
2784,2577,4,18,9,standard,9,13.583,3,True,8,72
3096,2577,4,18,9,economy,5,15.702,8,False,4,0
2525,2579,4,18,11,VIP,10,5.523,5,True,14,140
2907,2581,4,18,13,standard,7,24.185,6,True,8,56
3047,2581,4,18,13,standard,9,4.177,1,True,8,72
3411,2582,4,18,14,economy,5,9.23,3,False,4,0
2761,2582,4,18,14,standard,5,20.758,9,True,8,40
3204,2583,4,18,15,economy,3,31.6,3,False,4,0
2628,2584,4,18,16,standard,7,1.162,2,True,8,56
2736,2585,4,18,17,standard,9,5.508,2,True,8,72
2586,2587,4,18,19,VIP,15,5.244,10,True,14,210
2942,2588,4,18,20,standard,7,10.124,6,True,8,56
3068,2589,4,18,21,economy,7,6.633,6,True,4,28
3015,2590,4,18,22,standard,12,29.217,8,False,8,0
2875,2591,4,18,23,standard,9,26.341,2,True,8,72
2933,2591,4,18,23,standard,7,9.304,1,True,8,56
2819,2591,4,18,23,standard,7,11.204,8,True,8,56
3408,2592,4,19,0,economy,9,40.885,1,True,4,36
2592,2592,4,19,0,VIP,15,2.036,9,True,14,210
3449,2594,4,19,2,economy,7,15.186,10,False,4,0
2644,2595,4,19,3,standard,9,4.546,6,True,8,72
3431,2598,4,19,6,economy,7,20.978,4,True,4,28
2930,2598,4,19,6,standard,9,15.142,10,True,8,72
3448,2598,4,19,6,economy,5,9.524,4,True,4,20
2734,2600,4,19,8,standard,7,0.978,8,True,8,56
3139,2600,4,19,8,economy,5,12.326,8,False,4,0
2866,2600,4,19,8,standard,12,2.59,5,True,8,96
2568,2600,4,19,8,VIP,15,5.473,9,True,14,210
3063,2602,4,19,10,economy,9,14.095,2,True,4,36
3092,2602,4,19,10,economy,7,36.724,2,True,4,28
3150,2602,4,19,10,economy,3,43.499,4,True,4,12
2558,2603,4,19,11,VIP,10,1.954,3,True,14,140
2491,2603,4,19,11,VIP,12,4.302,9,True,14,168
2850,2603,4,19,11,standard,5,13.784,10,True,8,40
3001,2604,4,19,12,standard,9,45.685,10,False,8,0
2992,2604,4,19,12,standard,9,10.257,4,False,8,0
3217,2610,4,19,18,economy,5,16.039,3,True,4,20
2575,2610,4,19,18,VIP,10,7.809,7,True,14,140
3409,2610,4,19,18,economy,9,5.54,9,True,4,36
3229,2610,4,19,18,economy,9,23.044,3,True,4,36
2804,2610,4,19,18,standard,7,8.892,8,True,8,56
2673,2611,4,19,19,standard,7,10.645,8,True,8,56
2657,2612,4,19,20,standard,5,2.91,2,True,8,40
2791,2612,4,19,20,standard,5,14.468,4,True,8,40
2900,2613,4,19,21,standard,5,3.526,2,True,8,40
3330,2613,4,19,21,economy,7,7.984,3,True,4,28
2547,2613,4,19,21,VIP,18,1.53,10,True,14,252
3350,2613,4,19,21,economy,7,19.928,2,True,4,28
3305,2614,4,19,22,economy,5,15.55,4,True,4,20
2818,2615,4,19,23,standard,9,15.415,2,True,8,72
3016,2616,4,20,0,standard,5,4.929,9,True,8,40
2571,2616,4,20,0,VIP,10,1.638,10,True,14,140
3045,2619,4,20,3,standard,5,4.246,3,True,8,40
3163,2620,4,20,4,economy,3,33.484,3,True,4,12
2825,2620,4,20,4,standard,7,11.368,4,True,8,56
2710,2622,4,20,6,standard,5,11.182,5,True,8,40
3364,2623,4,20,7,economy,3,15.313,5,True,4,12
2621,2624,4,20,8,standard,7,15.807,7,True,8,56
2801,2625,4,20,9,standard,7,9.465,9,True,8,56
3289,2627,4,20,11,economy,5,26.724,1,True,4,20
2535,2627,4,20,11,VIP,15,0.338,7,True,14,210
3119,2629,4,20,13,economy,3,8.336,5,True,4,12
2835,2629,4,20,13,standard,7,16.614,7,True,8,56
2857,2630,4,20,14,standard,12,13.658,5,True,8,96
2618,2631,4,20,15,standard,7,9.087,2,True,8,56
3359,2632,4,20,16,economy,3,15.432,9,False,4,0
2674,2633,4,20,17,standard,5,5.49,7,True,8,40
3033,2633,4,20,17,standard,7,24.372,10,True,8,56
2654,2634,4,20,18,standard,5,15.839,5,True,8,40
2798,2634,4,20,18,standard,5,23.284,1,True,8,40
2550,2636,4,20,20,VIP,10,6.552,8,True,14,140
2700,2638,4,20,22,standard,9,2.405,10,True,8,72
3241,2638,4,20,22,economy,5,18.054,5,False,4,0
2996,2638,4,20,22,standard,7,2.918,4,True,8,56
3384,2640,4,21,0,economy,3,22.817,2,True,4,12
2759,2640,4,21,0,standard,7,24.229,3,True,8,56
2667,2640,4,21,0,standard,7,4.609,5,False,8,0
3443,2643,4,21,3,economy,5,2.779,2,True,4,20
2737,2643,4,21,3,standard,5,1.092,9,True,8,40
3101,2644,4,21,4,economy,9,6.841,1,False,4,0
2567,2644,4,21,4,VIP,18,1.635,8,True,14,252
3145,2644,4,21,4,economy,5,13.862,9,True,4,20
2666,2644,4,21,4,standard,5,5.472,4,True,8,40
2773,2645,4,21,5,standard,12,4.587,9,True,8,96
2877,2645,4,21,5,standard,7,6.18,6,False,8,0
2725,2645,4,21,5,standard,5,19.607,10,True,8,40
2532,2647,4,21,7,VIP,12,3.256,3,True,14,168
3434,2648,4,21,8,economy,7,6.979,9,True,4,28
2834,2651,4,21,11,standard,9,7.637,1,True,8,72
2746,2652,4,21,12,standard,9,6.423,4,True,8,72
2890,2654,4,21,14,standard,12,14.27,9,True,8,96
2917,2654,4,21,14,standard,5,17.269,7,True,8,40
2603,2655,4,21,15,standard,7,14.19,7,True,8,56
2790,2656,4,21,16,standard,7,6.924,4,True,8,56
3226,2656,4,21,16,economy,3,34.247,9,True,4,12
2722,2656,4,21,16,standard,9,12.758,4,True,8,72
3091,2657,4,21,17,economy,5,24.151,3,True,4,20
2797,2659,4,21,19,standard,7,7.301,7,True,8,56
2830,2659,4,21,19,standard,7,14.179,2,False,8,0
2922,2659,4,21,19,standard,7,3.862,5,True,8,56
3048,2659,4,21,19,standard,5,2.767,3,True,8,40
3250,2659,4,21,19,economy,5,66.304,4,True,4,20
2539,2660,4,21,20,VIP,15,2.451,8,True,14,210
2517,2661,4,21,21,VIP,12,15.319,6,True,14,168
2590,2661,4,21,21,VIP,15,0.366,7,True,14,210
2617,2662,4,21,22,standard,12,6.375,1,True,8,96
2842,2662,4,21,22,standard,9,10.473,6,False,8,0
2884,2663,4,21,23,standard,5,17.387,5,True,8,40
2562,2663,4,21,23,VIP,12,7.2,6,True,14,168
3391,2665,4,22,1,economy,3,14.599,8,True,4,12
3342,2667,4,22,3,economy,7,10.703,1,False,4,0
3369,2667,4,22,3,economy,7,16.042,1,False,4,0
2697,2668,4,22,4,standard,5,20.268,8,True,8,40
2649,2668,4,22,4,standard,7,8.37,1,True,8,56
2639,2668,4,22,4,standard,9,4.705,10,True,8,72
2868,2669,4,22,5,standard,5,17.215,6,False,8,0
3141,2670,4,22,6,economy,5,17.256,9,False,4,0
2923,2670,4,22,6,standard,7,6.803,9,True,8,56
3240,2670,4,22,6,economy,5,6.849,2,True,4,20
3218,2671,4,22,7,economy,5,24.058,9,False,4,0
2837,2671,4,22,7,standard,12,4.632,4,True,8,96
3002,2671,4,22,7,standard,9,3.923,10,True,8,72
3414,2672,4,22,8,economy,9,20.002,9,True,4,36
2976,2673,4,22,9,standard,5,8.009,3,True,8,40
3018,2676,4,22,12,standard,9,3.647,1,True,8,72
2715,2676,4,22,12,standard,7,4.708,1,True,8,56
2580,2676,4,22,12,VIP,10,3.489,2,True,14,140
2609,2676,4,22,12,standard,5,11.509,8,True,8,40
2500,2676,4,22,12,VIP,10,7.385,3,True,14,140
3170,2676,4,22,12,economy,7,6.461,4,True,4,28
2622,2677,4,22,13,standard,5,15.513,5,False,8,0
2587,2677,4,22,13,VIP,12,1.808,8,True,14,168
3043,2678,4,22,14,standard,9,8.938,2,True,8,72
3158,2678,4,22,14,economy,3,8.146,5,True,4,12
2686,2678,4,22,14,standard,9,1.829,5,True,8,72
3208,2679,4,22,15,economy,5,17.44,9,False,4,0
2624,2680,4,22,16,standard,5,12.012,5,True,8,40
3393,2680,4,22,16,economy,3,22.21,5,True,4,12
3212,2681,4,22,17,economy,9,26.34,3,True,4,36
3329,2681,4,22,17,economy,5,15.419,10,True,4,20
3390,2681,4,22,17,economy,3,40.595,3,False,4,0
2757,2683,4,22,19,standard,7,4.685,5,True,8,56
2513,2683,4,22,19,VIP,12,4.288,3,True,14,168
3116,2683,4,22,19,economy,7,53.865,10,False,4,0
2840,2683,4,22,19,standard,9,19.799,2,True,8,72
3014,2685,4,22,21,standard,12,22.094,2,True,8,96
3205,2685,4,22,21,economy,5,9.601,2,True,4,20
3078,2685,4,22,21,economy,3,69.0,8,True,4,12
2519,2686,4,22,22,VIP,12,5.673,5,True,14,168
3352,2687,4,22,23,economy,3,11.046,6,True,4,12
2927,2687,4,22,23,standard,5,21.158,8,True,8,40
3447,2687,4,22,23,economy,5,3.927,1,True,4,20
3396,2688,4,23,0,economy,7,3.044,8,True,4,28
3053,2688,4,23,0,standard,5,5.173,1,True,8,40
2556,2689,4,23,1,VIP,15,4.518,6,True,14,210
2944,2691,4,23,3,standard,5,7.832,5,False,8,0
3202,2691,4,23,3,economy,7,21.23,3,True,4,28
2548,2691,4,23,3,VIP,10,0.805,10,True,14,140
3144,2692,4,23,4,economy,3,18.494,2,True,4,12
2789,2693,4,23,5,standard,7,25.897,8,True,8,56
3230,2693,4,23,5,economy,5,12.529,9,True,4,20
3457,2693,4,23,5,economy,3,15.301,3,True,4,12
2748,2694,4,23,6,standard,7,2.435,1,True,8,56
3223,2694,4,23,6,economy,7,10.792,7,True,4,28
3168,2695,4,23,7,economy,3,40.689,3,True,4,12
3387,2696,4,23,8,economy,7,2.135,5,True,4,28
2915,2696,4,23,8,standard,7,12.055,10,True,8,56
2645,2696,4,23,8,standard,7,3.3,2,True,8,56
3435,2696,4,23,8,economy,7,15.594,10,False,4,0
2953,2696,4,23,8,standard,7,10.903,7,True,8,56
3118,2697,4,23,9,economy,5,39.56,7,True,4,20
2967,2697,4,23,9,standard,5,0.474,5,True,8,40
2716,2697,4,23,9,standard,7,9.012,5,True,8,56
2496,2698,4,23,10,VIP,12,14.427,6,True,14,168
3353,2699,4,23,11,economy,5,23.651,7,True,4,20
3385,2700,4,23,12,economy,3,26.01,1,True,4,12
2687,2701,4,23,13,standard,12,4.446,4,True,8,96
2706,2703,4,23,15,standard,9,8.687,4,True,8,72
3420,2707,4,23,19,economy,5,8.422,9,False,4,0
3402,2707,4,23,19,economy,5,31.345,6,True,4,20
3023,2707,4,23,19,standard,7,1.249,8,True,8,56
2853,2708,4,23,20,standard,12,3.889,1,True,8,96
2569,2708,4,23,20,VIP,12,9.799,4,True,14,168
2691,2708,4,23,20,standard,7,23.127,6,True,8,56
3034,2710,4,23,22,standard,7,8.706,5,True,8,56
3017,2711,4,23,23,standard,9,5.189,6,True,8,72
3243,2711,4,23,23,economy,7,24.308,4,True,4,28
3059,2711,4,23,23,economy,3,34.431,5,False,4,0
3400,2712,4,24,0,economy,3,7.563,5,True,4,12
3042,2712,4,24,0,standard,12,13.507,2,False,8,0
2680,2713,4,24,1,standard,7,14.975,3,True,8,56
2528,2713,4,24,1,VIP,18,3.36,8,True,14,252
3246,2713,4,24,1,economy,5,11.898,5,True,4,20
2599,2714,4,24,2,standard,9,8.253,3,True,8,72
3114,2714,4,24,2,economy,9,13.816,1,True,4,36
2693,2715,4,24,3,standard,7,3.689,10,True,8,56
2676,2715,4,24,3,standard,9,2.339,3,True,8,72
2552,2716,4,24,4,VIP,18,7.954,8,True,14,252
3210,2716,4,24,4,economy,5,7.325,5,True,4,20
3061,2717,4,24,5,economy,3,23.146,10,True,4,12
2608,2718,4,24,6,standard,9,7.706,10,True,8,72
3038,2718,4,24,6,standard,12,2.215,6,True,8,96
3089,2718,4,24,6,economy,5,28.163,4,False,4,0
3071,2719,4,24,7,economy,7,17.996,3,False,4,0
2711,2720,4,24,8,standard,12,8.775,1,True,8,96
2755,2721,4,24,9,standard,5,16.116,9,True,8,40
3356,2722,4,24,10,economy,5,14.326,5,True,4,20
2616,2723,4,24,11,standard,9,5.747,4,True,8,72
3388,2724,4,24,12,economy,5,19.15,1,False,4,0
2546,2724,4,24,12,VIP,12,6.481,2,True,14,168
2665,2726,4,24,14,standard,5,2.294,4,True,8,40
2705,2727,4,24,15,standard,5,0.364,4,True,8,40
3291,2727,4,24,15,economy,7,22.916,7,True,4,28
3005,2728,4,24,16,standard,9,2.492,10,True,8,72
2816,2728,4,24,16,standard,9,9.192,9,True,8,72
2995,2730,4,24,18,standard,12,7.285,10,True,8,96
2719,2731,4,24,19,standard,7,17.264,8,True,8,56
2747,2732,4,24,20,standard,7,1.507,5,True,8,56
2724,2734,4,24,22,standard,12,16.251,7,True,8,96
3326,2736,4,25,0,economy,3,27.399,7,True,4,12
2557,2736,4,25,0,VIP,12,1.809,3,True,14,168
2836,2737,4,25,1,standard,5,3.897,1,True,8,40
3037,2738,4,25,2,standard,7,5.91,10,True,8,56
2506,2739,4,25,3,VIP,18,0.943,8,True,14,252
3135,2739,4,25,3,economy,5,6.06,4,True,4,20
2591,2740,4,25,4,VIP,15,0.693,6,True,14,210
3024,2741,4,25,5,standard,12,2.655,9,True,8,96
2928,2741,4,25,5,standard,5,34.125,7,True,8,40
3340,2741,4,25,5,economy,5,13.687,1,True,4,20
2742,2744,4,25,8,standard,5,9.595,3,True,8,40
2984,2744,4,25,8,standard,7,15.961,2,True,8,56
2980,2744,4,25,8,standard,12,2.246,7,True,8,96
2955,2745,4,25,9,standard,9,6.565,8,True,8,72
3232,2746,4,25,10,economy,7,58.709,2,True,4,28
2966,2747,4,25,11,standard,7,6.055,9,False,8,0
3177,2748,4,25,12,economy,5,7.044,9,True,4,20
2678,2748,4,25,12,standard,7,10.232,5,True,8,56
2793,2748,4,25,12,standard,7,7.266,9,False,8,0
2938,2748,4,25,12,standard,7,5.764,2,False,8,0
3433,2752,4,25,16,economy,7,24.539,10,False,4,0
2518,2753,4,25,17,VIP,18,2.262,9,False,14,0
2514,2754,4,25,18,VIP,12,5.614,8,True,14,168
2505,2755,4,25,19,VIP,12,3.63,9,True,14,168
3421,2759,4,25,23,economy,3,16.148,9,True,4,12
2651,2760,4,26,0,standard,7,0.684,6,True,8,56
2597,2761,4,26,1,standard,7,6.486,8,True,8,56
2965,2762,4,26,2,standard,5,3.724,10,True,8,40
2987,2762,4,26,2,standard,9,11.01,3,True,8,72
3413,2764,4,26,4,economy,3,36.761,10,True,4,12
3371,2764,4,26,4,economy,5,5.056,6,True,4,20
2574,2766,4,26,6,VIP,15,5.048,5,True,14,210
3363,2768,4,26,8,economy,7,9.927,1,True,4,28
2540,2772,4,26,12,VIP,10,8.178,8,True,14,140
3194,2772,4,26,12,economy,5,28.8,9,True,4,20
3248,2772,4,26,12,economy,9,26.5,8,True,4,36
3438,2773,4,26,13,economy,7,23.541,6,True,4,28
2504,2773,4,26,13,VIP,12,8.549,10,True,14,168
3417,2773,4,26,13,economy,5,14.613,5,True,4,20
3066,2774,4,26,14,economy,3,24.552,10,False,4,0
3328,2774,4,26,14,economy,3,7.408,7,True,4,12
2851,2775,4,26,15,standard,7,6.083,2,True,8,56
3010,2775,4,26,15,standard,5,9.821,1,True,8,40
3006,2777,4,26,17,standard,9,13.713,9,False,8,0
2756,2778,4,26,18,standard,9,6.858,5,False,8,0
3154,2779,4,26,19,economy,5,21.632,1,True,4,20
2502,2779,4,26,19,VIP,15,0.74,10,True,14,210
3120,2780,4,26,20,economy,3,39.135,9,True,4,12
3143,2782,4,26,22,economy,7,11.753,1,True,4,28
3032,2783,4,26,23,standard,5,15.75,3,True,8,40
2986,2783,4,26,23,standard,7,8.853,10,True,8,56
2760,2784,4,27,0,standard,5,3.782,9,True,8,40
3324,2785,4,27,1,economy,3,24.186,4,True,4,12
3279,2786,4,27,2,economy,5,6.426,2,False,4,0
2560,2786,4,27,2,VIP,12,7.138,10,True,14,168
2957,2789,4,27,5,standard,12,15.071,6,False,8,0
3341,2789,4,27,5,economy,3,3.321,1,True,4,12
2815,2790,4,27,6,standard,12,19.203,1,True,8,96
2490,2792,4,27,8,VIP,12,5.479,7,True,14,168
2768,2793,4,27,9,standard,5,8.691,8,True,8,40
2968,2793,4,27,9,standard,7,2.89,10,True,8,56
2925,2794,4,27,10,standard,7,7.496,6,True,8,56
2689,2795,4,27,11,standard,9,10.605,6,True,8,72
3244,2795,4,27,11,economy,5,17.471,5,True,4,20
2752,2797,4,27,13,standard,5,3.793,6,True,8,40
3346,2798,4,27,14,economy,7,40.831,7,True,4,28
2934,2799,4,27,15,standard,7,8.089,8,True,8,56
3455,2799,4,27,15,economy,5,38.184,9,False,4,0
2582,2800,4,27,16,VIP,12,5.469,8,True,14,168
3451,2801,4,27,17,economy,7,10.09,3,True,4,28
3404,2802,4,27,18,economy,7,20.188,2,True,4,28
2787,2802,4,27,18,standard,5,8.945,9,True,8,40
3086,2803,4,27,19,economy,7,7.685,8,False,4,0
3436,2803,4,27,19,economy,7,2.334,7,True,4,28
2694,2803,4,27,19,standard,12,6.092,4,True,8,96
2626,2804,4,27,20,standard,9,10.087,7,True,8,72
2918,2805,4,27,21,standard,5,15.139,10,True,8,40
3187,2805,4,27,21,economy,5,12.184,1,False,4,0
2780,2805,4,27,21,standard,7,10.288,5,True,8,56
2501,2806,4,27,22,VIP,12,2.496,6,True,14,168
2668,2807,4,27,23,standard,7,2.481,6,True,8,56
2629,2807,4,27,23,standard,7,21.44,4,True,8,56
3374,2808,4,28,0,economy,5,8.237,1,True,4,20
3054,2808,4,28,0,standard,7,20.762,3,True,8,56
2792,2809,4,28,1,standard,12,18.128,7,True,8,96
3227,2811,4,28,3,economy,3,14.231,4,False,4,0
2625,2811,4,28,3,standard,9,26.814,5,True,8,72
2822,2811,4,28,3,standard,7,6.686,10,True,8,56
2919,2812,4,28,4,standard,9,38.372,2,True,8,72
2892,2812,4,28,4,standard,7,11.214,9,True,8,56
2885,2812,4,28,4,standard,9,4.218,10,True,8,72
2584,2813,4,28,5,VIP,12,4.326,9,True,14,168
3222,2815,4,28,7,economy,5,24.956,6,True,4,20
3165,2815,4,28,7,economy,5,20.936,6,True,4,20
3095,2816,4,28,8,economy,7,7.376,2,True,4,28
2772,2816,4,28,8,standard,7,9.002,3,True,8,56
3245,2817,4,28,9,economy,5,16.611,2,True,4,20
2876,2817,4,28,9,standard,5,13.815,9,True,8,40
3207,2820,4,28,12,economy,3,15.393,6,False,4,0
2788,2821,4,28,13,standard,7,4.927,4,True,8,56
3055,2821,4,28,13,standard,7,1.844,1,False,8,0
2544,2821,4,28,13,VIP,12,6.933,2,True,14,168
2595,2823,4,28,15,VIP,10,2.553,3,True,14,140
3131,2823,4,28,15,economy,3,20.796,5,False,4,0
3394,2824,4,28,16,economy,3,27.82,2,True,4,12
2744,2824,4,28,16,standard,5,20.669,2,False,8,0
3214,2824,4,28,16,economy,9,27.053,5,False,4,0
3322,2825,4,28,17,economy,5,14.2,2,True,4,20
2895,2825,4,28,17,standard,12,25.574,10,False,8,0
2688,2826,4,28,18,standard,12,4.488,7,True,8,96
2845,2826,4,28,18,standard,5,1.363,9,True,8,40
2961,2827,4,28,19,standard,7,12.593,9,True,8,56
3360,2827,4,28,19,economy,3,41.91,10,True,4,12
3310,2827,4,28,19,economy,7,9.438,10,True,4,28
2619,2828,4,28,20,standard,7,2.686,8,True,8,56
2634,2828,4,28,20,standard,7,9.299,3,False,8,0
2647,2829,4,28,21,standard,5,12.273,2,True,8,40
3105,2829,4,28,21,economy,5,13.311,10,True,4,20
3113,2829,4,28,21,economy,9,8.941,6,True,4,36
3439,2829,4,28,21,economy,3,41.605,5,True,4,12
3122,2830,4,28,22,economy,7,32.283,8,True,4,28
2887,2831,4,28,23,standard,5,11.605,1,True,8,40
3057,2832,4,29,0,economy,5,22.681,7,True,4,20
3314,2832,4,29,0,economy,7,6.263,6,True,4,28
3067,2833,4,29,1,economy,5,1.54,5,True,4,20
2493,2833,4,29,1,VIP,18,2.588,10,True,14,252
2990,2833,4,29,1,standard,5,0.301,10,False,8,0
3301,2833,4,29,1,economy,3,60.7,9,True,4,12
3156,2834,4,29,2,economy,5,11.679,2,True,4,20
2914,2834,4,29,2,standard,12,2.394,6,True,8,96
2871,2834,4,29,2,standard,5,3.358,10,True,8,40
2503,2835,4,29,3,VIP,18,9.04,9,True,14,252
3450,2836,4,29,4,economy,7,8.064,1,True,4,28
3121,2837,4,29,5,economy,3,5.022,7,True,4,12
2658,2838,4,29,6,standard,7,12.267,6,True,8,56
3164,2838,4,29,6,economy,7,14.216,6,True,4,28
3298,2839,4,29,7,economy,7,3.674,4,True,4,28
3275,2839,4,29,7,economy,7,24.408,5,True,4,28
3261,2839,4,29,7,economy,5,23.776,6,True,4,20
3254,2839,4,29,7,economy,7,22.939,1,False,4,0
3358,2840,4,29,8,economy,7,8.893,8,True,4,28
2497,2841,4,29,9,VIP,12,9.558,10,True,14,168
2512,2841,4,29,9,VIP,18,9.362,9,True,14,252
2908,2841,4,29,9,standard,9,7.509,4,True,8,72
3104,2842,4,29,10,economy,9,48.232,9,True,4,36
3381,2843,4,29,11,economy,5,33.604,7,True,4,20
3151,2843,4,29,11,economy,3,31.752,1,True,4,12
2520,2845,4,29,13,VIP,12,9.713,9,True,14,168
2718,2845,4,29,13,standard,12,3.881,1,True,8,96
3004,2848,4,29,16,standard,7,2.581,7,True,8,56
3130,2848,4,29,16,economy,3,6.962,1,True,4,12
3027,2848,4,29,16,standard,5,13.785,9,True,8,40
3026,2848,4,29,16,standard,7,13.529,7,True,8,56
2848,2849,4,29,17,standard,12,2.719,7,True,8,96
2821,2850,4,29,18,standard,12,13.727,2,True,8,96
2802,2850,4,29,18,standard,5,8.933,3,True,8,40
2631,2851,4,29,19,standard,5,36.463,4,True,8,40
2823,2852,4,29,20,standard,9,22.086,1,True,8,72
3442,2855,4,29,23,economy,5,40.606,6,True,4,20
2612,2856,4,30,0,standard,9,6.228,8,True,8,72
3351,2856,4,30,0,economy,5,21.734,1,True,4,20
2897,2858,4,30,2,standard,5,16.134,6,True,8,40
2549,2858,4,30,2,VIP,12,2.271,2,True,14,168
2810,2858,4,30,2,standard,12,5.878,6,True,8,96
3265,2858,4,30,2,economy,3,6.111,5,False,4,0
3065,2858,4,30,2,economy,7,60.799,6,True,4,28
2633,2859,4,30,3,standard,9,18.854,4,True,8,72
2977,2860,4,30,4,standard,9,17.035,8,True,8,72
2867,2860,4,30,4,standard,9,10.864,10,True,8,72
2600,2860,4,30,4,standard,7,9.262,3,False,8,0
2511,2861,4,30,5,VIP,10,15.538,10,False,14,0
2615,2862,4,30,6,standard,9,3.612,5,True,8,72
3083,2862,4,30,6,economy,5,10.982,6,True,4,20
2763,2862,4,30,6,standard,7,7.125,3,True,8,56
3429,2863,4,30,7,economy,7,8.192,3,True,4,28
3224,2864,4,30,8,economy,3,4.803,9,False,4,0
3446,2864,4,30,8,economy,5,10.438,5,True,4,20
2581,2864,4,30,8,VIP,10,2.068,6,True,14,140
2515,2864,4,30,8,VIP,15,13.407,5,True,14,210
3407,2865,4,30,9,economy,7,43.654,5,True,4,28
3430,2865,4,30,9,economy,3,5.945,1,True,4,12
3377,2866,4,30,10,economy,7,9.801,1,True,4,28
3216,2866,4,30,10,economy,5,6.09,3,True,4,20
3025,2867,4,30,11,standard,7,2.56,7,True,8,56
2753,2868,4,30,12,standard,12,4.42,8,True,8,96
3201,2868,4,30,12,economy,5,14.481,7,True,4,20
2880,2869,4,30,13,standard,7,13.05,8,True,8,56
3008,2870,4,30,14,standard,12,8.497,10,False,8,0
3036,2870,4,30,14,standard,7,7.099,10,False,8,0
2828,2871,4,30,15,standard,7,8.188,4,True,8,56
2561,2871,4,30,15,VIP,12,7.761,3,True,14,168
2874,2873,4,30,17,standard,9,24.611,2,False,8,0
3094,2873,4,30,17,economy,7,8.174,3,True,4,28
3319,2874,4,30,18,economy,5,14.503,5,True,4,20
2685,2874,4,30,18,standard,7,5.993,5,True,8,56
3315,2875,4,30,19,economy,5,4.299,1,True,4,20
2782,2876,4,30,20,standard,9,5.209,2,True,8,72
2846,2877,4,30,21,standard,5,25.591,7,True,8,40
2769,2878,4,30,22,standard,9,2.928,2,True,8,72
2935,2878,4,30,22,standard,5,2.87,10,True,8,40
3333,2879,4,30,23,economy,5,31.069,7,True,4,20
3879,2882,5,1,2,standard,12,11.747,10,True,8,96
3603,2884,5,1,4,standard,5,3.015,1,True,8,40
3566,2884,5,1,4,VIP,12,1.341,5,True,14,168
4343,2885,5,1,5,economy,5,14.129,5,True,4,20
3660,2885,5,1,5,standard,7,9.322,2,True,8,56
3508,2886,5,1,6,VIP,15,3.848,5,True,14,210
3878,2887,5,1,7,standard,9,2.874,5,True,8,72
3974,2888,5,1,8,standard,9,18.011,6,True,8,72
4313,2888,5,1,8,economy,5,25.924,5,True,4,20
4039,2889,5,1,9,economy,7,23.757,4,True,4,28
4249,2892,5,1,12,economy,7,32.99,3,True,4,28
3911,2893,5,1,13,standard,9,6.598,7,True,8,72
3621,2893,5,1,13,standard,7,0.956,4,True,8,56
3605,2893,5,1,13,standard,7,4.299,9,True,8,56
4080,2893,5,1,13,economy,5,19.025,3,True,4,20
4165,2894,5,1,14,economy,5,27.852,3,False,4,0
3936,2894,5,1,14,standard,9,9.673,6,True,8,72
4126,2894,5,1,14,economy,5,15.955,8,True,4,20
3931,2895,5,1,15,standard,7,8.319,5,True,8,56
3916,2895,5,1,15,standard,7,5.334,8,True,8,56
4035,2896,5,1,16,economy,3,20.36,10,False,4,0
3946,2896,5,1,16,standard,7,20.666,10,True,8,56
3721,2896,5,1,16,standard,9,11.536,3,True,8,72
4218,2899,5,1,19,economy,9,19.992,4,True,4,36
3690,2899,5,1,19,standard,9,12.401,4,True,8,72
4391,2900,5,1,20,economy,7,19.581,2,True,4,28
4086,2901,5,1,21,economy,5,22.426,6,True,4,20
3823,2901,5,1,21,standard,12,5.847,3,True,8,96
3659,2901,5,1,21,standard,7,19.308,10,True,8,56
3675,2902,5,1,22,standard,7,4.527,8,True,8,56
3808,2902,5,1,22,standard,5,16.545,4,True,8,40
3580,2902,5,1,22,standard,5,3.859,7,False,8,0
4348,2903,5,1,23,economy,3,9.681,7,False,4,0
4022,2905,5,2,1,economy,5,8.353,2,True,4,20
3520,2905,5,2,1,VIP,18,15.704,9,True,14,252
3864,2908,5,2,4,standard,7,6.126,8,True,8,56
3523,2909,5,2,5,VIP,12,2.818,6,True,14,168
3601,2909,5,2,5,standard,12,12.407,4,True,8,96
3528,2909,5,2,5,VIP,12,5.043,2,True,14,168
4331,2910,5,2,6,economy,3,19.672,9,True,4,12
3885,2910,5,2,6,standard,5,10.248,5,True,8,40
3562,2910,5,2,6,VIP,18,12.342,9,True,14,252
3833,2911,5,2,7,standard,7,10.694,7,True,8,56
4225,2911,5,2,7,economy,7,9.835,3,True,4,28
4382,2912,5,2,8,economy,3,3.442,4,True,4,12
3575,2912,5,2,8,standard,7,11.994,6,True,8,56
3790,2912,5,2,8,standard,7,3.919,9,True,8,56
3771,2913,5,2,9,standard,9,17.098,7,True,8,72
3625,2913,5,2,9,standard,12,2.457,7,False,8,0
3475,2913,5,2,9,VIP,18,4.999,10,True,14,252
4188,2915,5,2,11,economy,7,37.135,8,True,4,28
3553,2915,5,2,11,VIP,12,22.177,1,True,14,168
4144,2916,5,2,12,economy,3,22.451,4,True,4,12
3626,2916,5,2,12,standard,7,19.257,8,True,8,56
4090,2917,5,2,13,economy,7,32.553,10,True,4,28
3596,2918,5,2,14,standard,12,9.999,9,True,8,96
4042,2918,5,2,14,economy,7,16.246,3,True,4,28
4239,2921,5,2,17,economy,3,18.926,6,True,4,12
4278,2921,5,2,17,economy,5,22.177,6,True,4,20
3732,2922,5,2,18,standard,9,4.408,2,True,8,72
3657,2923,5,2,19,standard,5,10.914,1,True,8,40
4315,2923,5,2,19,economy,7,26.363,4,True,4,28
3840,2924,5,2,20,standard,12,6.215,6,False,8,0
3696,2924,5,2,20,standard,9,0.441,10,True,8,72
4021,2924,5,2,20,economy,3,3.198,3,True,4,12
4195,2924,5,2,20,economy,5,12.39,1,True,4,20
3827,2925,5,2,21,standard,12,7.004,3,True,8,96
4295,2925,5,2,21,economy,7,22.194,3,True,4,28
4026,2926,5,2,22,economy,5,8.153,9,True,4,20
3671,2927,5,2,23,standard,7,5.716,10,True,8,56
4366,2927,5,2,23,economy,3,16.156,8,True,4,12
4311,2927,5,2,23,economy,7,52.79,8,True,4,28
4128,2928,5,3,0,economy,7,4.422,10,False,4,0
4214,2930,5,3,2,economy,9,20.907,9,True,4,36
4229,2930,5,3,2,economy,7,14.244,8,True,4,28
3574,2931,5,3,3,standard,9,17.073,2,True,8,72
3977,2934,5,3,6,standard,7,7.173,8,False,8,0
4171,2934,5,3,6,economy,9,11.956,8,True,4,36
4013,2934,5,3,6,standard,7,12.645,4,False,8,0
4206,2934,5,3,6,economy,5,5.828,4,True,4,20
3499,2935,5,3,7,VIP,12,7.069,8,True,14,168
4270,2936,5,3,8,economy,3,27.731,9,True,4,12
4006,2936,5,3,8,standard,12,2.807,7,True,8,96
3665,2937,5,3,9,standard,5,7.059,1,True,8,40
3717,2937,5,3,9,standard,7,15.08,9,True,8,56
4365,2937,5,3,9,economy,5,11.691,7,False,4,0
4385,2937,5,3,9,economy,7,24.743,6,True,4,28
3646,2938,5,3,10,standard,7,7.447,3,True,8,56
4230,2939,5,3,11,economy,9,22.141,2,True,4,36
3850,2940,5,3,12,standard,7,4.122,9,True,8,56
3637,2940,5,3,12,standard,9,11.45,9,True,8,72
4002,2940,5,3,12,standard,7,5.927,2,True,8,56
3693,2941,5,3,13,standard,12,10.727,6,False,8,0
4061,2941,5,3,13,economy,3,50.706,3,True,4,12
3733,2942,5,3,14,standard,12,2.649,10,True,8,96
3738,2943,5,3,15,standard,9,5.669,3,True,8,72
4127,2945,5,3,17,economy,7,25.335,6,True,4,28
3830,2945,5,3,17,standard,9,13.223,6,True,8,72
4190,2946,5,3,18,economy,7,19.237,3,True,4,28
4023,2946,5,3,18,economy,7,16.35,4,True,4,28
3669,2946,5,3,18,standard,7,2.007,8,True,8,56
3490,2947,5,3,19,VIP,12,8.314,9,False,14,0
3769,2948,5,3,20,standard,7,8.109,3,True,8,56
3479,2948,5,3,20,VIP,12,5.293,9,True,14,168
4220,2949,5,3,21,economy,3,42.968,2,True,4,12
3965,2950,5,3,22,standard,5,12.63,2,False,8,0
3780,2951,5,3,23,standard,7,5.191,2,True,8,56
3992,2951,5,3,23,standard,12,15.125,4,True,8,96
3976,2952,5,4,0,standard,5,2.555,7,True,8,40
4342,2952,5,4,0,economy,7,8.294,10,False,4,0
4318,2953,5,4,1,economy,3,52.09,10,True,4,12
3636,2956,5,4,4,standard,5,3.954,4,True,8,40
4263,2956,5,4,4,economy,9,7.07,10,False,4,0
4194,2957,5,4,5,economy,5,29.286,5,True,4,20
3724,2957,5,4,5,standard,9,3.306,10,True,8,72
3651,2958,5,4,6,standard,9,8.576,10,False,8,0
3962,2958,5,4,6,standard,7,11.019,9,True,8,56
4152,2959,5,4,7,economy,3,27.794,2,False,4,0
3754,2961,5,4,9,standard,12,9.352,8,True,8,96
4383,2961,5,4,9,economy,7,15.692,1,True,4,28
4280,2962,5,4,10,economy,3,22.006,6,True,4,12
3742,2963,5,4,11,standard,7,14.356,2,True,8,56
3531,2963,5,4,11,VIP,12,4.341,8,True,14,168
3959,2963,5,4,11,standard,12,7.252,7,True,8,96
3775,2964,5,4,12,standard,5,3.084,4,True,8,40
4414,2964,5,4,12,economy,7,17.32,8,True,4,28
3818,2964,5,4,12,standard,5,5.071,8,True,8,40
3969,2965,5,4,13,standard,12,25.883,5,True,8,96
4290,2966,5,4,14,economy,3,3.716,1,False,4,0
4145,2966,5,4,14,economy,5,20.765,4,False,4,0
3753,2967,5,4,15,standard,12,3.428,7,True,8,96
3993,2967,5,4,15,standard,9,5.232,5,True,8,72
3467,2969,5,4,17,VIP,12,2.308,10,True,14,168
4071,2969,5,4,17,economy,7,25.732,2,True,4,28
4177,2969,5,4,17,economy,7,51.358,6,True,4,28
4113,2970,5,4,18,economy,5,14.349,5,True,4,20
3661,2971,5,4,19,standard,12,12.851,9,True,8,96
3630,2971,5,4,19,standard,9,3.546,7,True,8,72
4000,2972,5,4,20,standard,5,22.812,8,True,8,40
4014,2972,5,4,20,standard,7,12.008,2,True,8,56
3953,2972,5,4,20,standard,7,6.504,3,True,8,56
3555,2974,5,4,22,VIP,12,6.456,2,True,14,168
3901,2974,5,4,22,standard,7,11.895,9,True,8,56
3866,2975,5,4,23,standard,12,8.502,8,True,8,96
4075,2975,5,4,23,economy,3,18.237,8,True,4,12
4003,2975,5,4,23,standard,12,9.188,4,False,8,0
3803,2976,5,5,0,standard,9,10.126,1,True,8,72
3571,2977,5,5,1,VIP,12,12.858,4,True,14,168
4363,2977,5,5,1,economy,5,22.843,4,True,4,20
4333,2977,5,5,1,economy,7,15.546,6,True,4,28
3597,2977,5,5,1,standard,5,5.249,5,True,8,40
4329,2977,5,5,1,economy,7,43.282,2,True,4,28
4203,2978,5,5,2,economy,3,23.661,1,False,4,0
3668,2978,5,5,2,standard,12,8.632,7,True,8,96
4109,2979,5,5,3,economy,3,27.386,5,True,4,12
3701,2980,5,5,4,standard,5,4.462,2,True,8,40
3513,2981,5,5,5,VIP,12,2.218,10,False,14,0
3593,2983,5,5,7,standard,12,2.143,8,True,8,96
4347,2983,5,5,7,economy,5,21.507,9,True,4,20
3730,2983,5,5,7,standard,7,3.88,6,False,8,0
3535,2984,5,5,8,VIP,10,0.358,7,True,14,140
4241,2985,5,5,9,economy,7,46.666,10,True,4,28
3984,2985,5,5,9,standard,5,9.532,6,True,8,40
4068,2987,5,5,11,economy,3,11.532,8,True,4,12
4131,2987,5,5,11,economy,7,19.162,10,True,4,28
4148,2987,5,5,11,economy,7,0.779,10,False,4,0
3460,2988,5,5,12,VIP,12,4.667,2,True,14,168
3945,2988,5,5,12,standard,5,18.986,4,True,8,40
3609,2989,5,5,13,standard,5,1.624,7,True,8,40
4050,2989,5,5,13,economy,7,50.061,4,False,4,0
3991,2990,5,5,14,standard,5,4.267,4,True,8,40
4226,2992,5,5,16,economy,5,45.674,7,False,4,0
3907,2993,5,5,17,standard,7,8.041,8,True,8,56
3464,2994,5,5,18,VIP,12,11.656,6,True,14,168
4070,2996,5,5,20,economy,7,5.922,6,True,4,28
4182,2996,5,5,20,economy,5,32.516,8,True,4,20
3942,2996,5,5,20,standard,5,5.343,4,True,8,40
3644,2996,5,5,20,standard,12,6.372,3,False,8,0
3692,2997,5,5,21,standard,5,3.635,6,True,8,40
3530,2997,5,5,21,VIP,15,1.874,10,True,14,210
4210,2998,5,5,22,economy,5,32.831,10,True,4,20
3559,2998,5,5,22,VIP,12,5.751,6,True,14,168
3909,2998,5,5,22,standard,7,0.841,3,False,8,0
3649,2999,5,5,23,standard,5,5.13,4,True,8,40
4032,2999,5,5,23,economy,5,18.635,8,True,4,20
3970,3001,5,6,1,standard,7,23.587,1,False,8,0
3963,3002,5,6,2,standard,5,4.003,8,False,8,0
3507,3004,5,6,4,VIP,12,3.707,6,True,14,168
3843,3005,5,6,5,standard,9,17.236,2,True,8,72
4268,3006,5,6,6,economy,7,20.946,4,False,4,0
3595,3007,5,6,7,standard,9,4.364,4,True,8,72
3546,3008,5,6,8,VIP,15,4.057,5,True,14,210
4149,3008,5,6,8,economy,3,61.975,7,True,4,12
4015,3009,5,6,9,standard,9,14.61,4,True,8,72
4360,3010,5,6,10,economy,5,12.582,5,True,4,20
4053,3011,5,6,11,economy,3,13.332,7,True,4,12
3836,3011,5,6,11,standard,7,13.985,4,True,8,56
3652,3011,5,6,11,standard,9,3.606,3,False,8,0
3894,3011,5,6,11,standard,9,5.025,3,True,8,72
4353,3012,5,6,12,economy,7,4.162,6,True,4,28
3503,3013,5,6,13,VIP,15,7.681,5,True,14,210
3727,3013,5,6,13,standard,12,2.654,8,True,8,96
4361,3013,5,6,13,economy,3,65.345,10,True,4,12
3752,3014,5,6,14,standard,7,7.167,5,True,8,56
3502,3014,5,6,14,VIP,15,3.624,9,True,14,210
4299,3014,5,6,14,economy,3,73.765,8,False,4,0
4269,3014,5,6,14,economy,7,12.607,1,True,4,28
3632,3015,5,6,15,standard,5,7.59,1,True,8,40
4054,3017,5,6,17,economy,9,9.103,1,False,4,0
4209,3018,5,6,18,economy,3,10.706,3,True,4,12
3663,3020,5,6,20,standard,9,6.878,6,True,8,72
4355,3020,5,6,20,economy,3,20.274,4,False,4,0
3525,3021,5,6,21,VIP,15,1.939,6,True,14,210
3720,3023,5,6,23,standard,5,1.816,2,True,8,40
4306,3027,5,7,3,economy,7,8.151,7,False,4,0
3982,3029,5,7,5,standard,5,7.536,1,True,8,40
4317,3031,5,7,7,economy,3,16.018,7,True,4,12
3914,3032,5,7,8,standard,5,0.335,9,True,8,40
3486,3032,5,7,8,VIP,10,3.495,3,True,14,140
3607,3032,5,7,8,standard,5,3.325,5,True,8,40
4340,3033,5,7,9,economy,3,22.216,2,True,4,12
3822,3035,5,7,11,standard,7,3.197,9,False,8,0
3709,3036,5,7,12,standard,9,3.764,2,False,8,0
3676,3036,5,7,12,standard,12,2.847,3,False,8,0
3674,3037,5,7,13,standard,7,11.027,6,True,8,56
4250,3039,5,7,15,economy,3,10.08,10,True,4,12
4056,3040,5,7,16,economy,5,1.709,10,True,4,20
3804,3040,5,7,16,standard,9,5.387,7,True,8,72
3511,3041,5,7,17,VIP,15,5.72,6,True,14,210
4389,3041,5,7,17,economy,5,6.515,8,False,4,0
4154,3041,5,7,17,economy,5,16.191,10,False,4,0
3841,3042,5,7,18,standard,9,7.717,2,True,8,72
3581,3042,5,7,18,standard,5,13.348,10,True,8,40
3919,3042,5,7,18,standard,5,7.756,9,True,8,40
3812,3042,5,7,18,standard,9,12.153,6,True,8,72
4067,3043,5,7,19,economy,5,10.791,7,True,4,20
3729,3045,5,7,21,standard,9,3.951,4,True,8,72
4132,3046,5,7,22,economy,5,19.548,8,False,4,0
3934,3047,5,7,23,standard,9,8.766,6,True,8,72
4285,3047,5,7,23,economy,3,9.578,7,False,4,0
3485,3048,5,8,0,VIP,18,5.016,7,True,14,252
4298,3048,5,8,0,economy,3,41.66,6,True,4,12
3707,3048,5,8,0,standard,12,7.118,5,True,8,96
4153,3050,5,8,2,economy,5,15.372,6,True,4,20
3706,3051,5,8,3,standard,9,2.751,10,True,8,72
3867,3051,5,8,3,standard,5,13.696,10,True,8,40
4254,3052,5,8,4,economy,3,51.365,6,True,4,12
4077,3052,5,8,4,economy,5,2.209,5,True,4,20
3915,3052,5,8,4,standard,7,6.255,3,True,8,56
4106,3053,5,8,5,economy,5,27.712,1,False,4,0
4107,3055,5,8,7,economy,5,11.256,7,True,4,20
4413,3056,5,8,8,economy,5,8.88,6,True,4,20
4111,3056,5,8,8,economy,3,14.567,9,True,4,12
3667,3056,5,8,8,standard,9,28.694,4,True,8,72
3590,3056,5,8,8,standard,12,2.764,1,True,8,96
3846,3057,5,8,9,standard,5,7.075,5,True,8,40
3653,3057,5,8,9,standard,9,7.342,7,True,8,72
4364,3058,5,8,10,economy,7,8.109,10,False,4,0
3689,3059,5,8,11,standard,5,1.013,5,True,8,40
3728,3059,5,8,11,standard,12,6.562,4,True,8,96
3493,3060,5,8,12,VIP,12,10.224,6,True,14,168
4410,3060,5,8,12,economy,3,3.198,6,True,4,12
3940,3061,5,8,13,standard,5,6.196,10,True,8,40
4335,3061,5,8,13,economy,3,8.587,7,True,4,12
3787,3062,5,8,14,standard,7,13.819,10,True,8,56
4244,3062,5,8,14,economy,3,17.754,10,True,4,12
4055,3063,5,8,15,economy,5,17.271,6,True,4,20
3536,3063,5,8,15,VIP,18,13.508,10,True,14,252
4204,3064,5,8,16,economy,3,8.49,2,False,4,0
4223,3064,5,8,16,economy,7,24.255,8,False,4,0
4404,3065,5,8,17,economy,5,18.694,6,True,4,20
4016,3066,5,8,18,standard,9,1.659,5,True,8,72
3788,3066,5,8,18,standard,5,6.289,8,True,8,40
3854,3067,5,8,19,standard,7,7.82,3,True,8,56
4043,3067,5,8,19,economy,5,12.488,5,False,4,0
3994,3067,5,8,19,standard,5,7.028,1,True,8,40
3716,3068,5,8,20,standard,5,10.5,5,True,8,40
4141,3068,5,8,20,economy,9,53.269,6,True,4,36
3903,3069,5,8,21,standard,7,11.127,2,True,8,56
3500,3069,5,8,21,VIP,12,2.903,1,True,14,168
4207,3071,5,8,23,economy,3,18.008,9,True,4,12
3471,3071,5,8,23,VIP,10,1.947,3,True,14,140
4266,3072,5,9,0,economy,9,7.004,5,True,4,36
4051,3072,5,9,0,economy,7,9.311,7,False,4,0
4396,3072,5,9,0,economy,5,46.292,4,True,4,20
4065,3073,5,9,1,economy,5,14.148,5,True,4,20
3504,3075,5,9,3,VIP,15,3.168,5,True,14,210
4367,3075,5,9,3,economy,5,9.982,6,False,4,0
3561,3076,5,9,4,VIP,15,4.172,6,True,14,210
4167,3076,5,9,4,economy,7,21.39,9,True,4,28
3682,3077,5,9,5,standard,7,16.067,4,True,8,56
3917,3078,5,9,6,standard,7,13.991,3,True,8,56
3988,3080,5,9,8,standard,5,13.856,3,False,8,0
4405,3083,5,9,11,economy,9,6.262,1,True,4,36
3718,3083,5,9,11,standard,9,8.391,9,True,8,72
4069,3085,5,9,13,economy,7,34.232,6,True,4,28
3825,3087,5,9,15,standard,5,4.278,9,True,8,40
3565,3087,5,9,15,VIP,10,3.407,3,True,14,140
3592,3088,5,9,16,standard,7,5.477,8,True,8,56
3542,3093,5,9,21,VIP,10,5.925,8,True,14,140
4168,3093,5,9,21,economy,3,33.032,10,False,4,0
3461,3093,5,9,21,VIP,15,5.523,9,True,14,210
4319,3094,5,9,22,economy,3,40.544,5,True,4,12
3807,3095,5,9,23,standard,9,4.722,8,True,8,72
3828,3095,5,9,23,standard,5,7.206,9,True,8,40
4181,3095,5,9,23,economy,5,32.389,6,True,4,20
3768,3095,5,9,23,standard,7,7.04,10,False,8,0
3990,3096,5,10,0,standard,5,9.286,7,True,8,40
4338,3096,5,10,0,economy,3,22.584,6,True,4,12
4324,3097,5,10,1,economy,3,15.354,8,False,4,0
4228,3097,5,10,1,economy,5,19.544,1,True,4,20
3710,3099,5,10,3,standard,7,2.08,7,True,8,56
3983,3099,5,10,3,standard,5,19.947,2,False,8,0
3524,3100,5,10,4,VIP,10,5.375,5,True,14,140
3877,3100,5,10,4,standard,7,3.619,8,True,8,56
4166,3101,5,10,5,economy,9,15.045,9,False,4,0
4025,3102,5,10,6,economy,5,17.877,1,True,4,20
3518,3104,5,10,8,VIP,18,6.398,8,True,14,252
4169,3105,5,10,9,economy,7,12.818,9,True,4,28
4351,3106,5,10,10,economy,5,28.099,6,True,4,20
4162,3107,5,10,11,economy,5,31.385,1,True,4,20
3514,3108,5,10,12,VIP,15,0.653,6,True,14,210
3678,3108,5,10,12,standard,5,16.593,2,True,8,40
3817,3108,5,10,12,standard,9,15.287,8,False,8,0
4402,3108,5,10,12,economy,7,14.663,10,True,4,28
3895,3109,5,10,13,standard,7,10.435,3,True,8,56
4308,3109,5,10,13,economy,7,19.44,5,True,4,28
3509,3110,5,10,14,VIP,18,5.221,10,True,14,252
3881,3110,5,10,14,standard,7,5.571,3,True,8,56
4216,3110,5,10,14,economy,9,6.128,2,True,4,36
4349,3112,5,10,16,economy,5,6.635,10,True,4,20
4189,3113,5,10,17,economy,3,13.728,4,False,4,0
3496,3115,5,10,19,VIP,12,3.284,10,True,14,168
3746,3116,5,10,20,standard,7,0.807,5,True,8,56
3975,3116,5,10,20,standard,7,20.031,8,True,8,56
4150,3118,5,10,22,economy,3,10.343,5,True,4,12
3921,3118,5,10,22,standard,5,8.82,3,True,8,40
4095,3119,5,10,23,economy,5,1.156,7,True,4,20
3924,3121,5,11,1,standard,5,6.315,8,True,8,40
4276,3122,5,11,2,economy,9,22.655,1,True,4,36
4379,3122,5,11,2,economy,3,107.101,3,False,4,0
3576,3122,5,11,2,standard,9,3.616,1,True,8,72
3929,3123,5,11,3,standard,5,7.563,4,True,8,40
4008,3125,5,11,5,standard,5,1.641,4,False,8,0
3604,3126,5,11,6,standard,12,13.281,1,True,8,96
3978,3127,5,11,7,standard,9,9.232,10,True,8,72
3526,3128,5,11,8,VIP,12,4.479,2,True,14,168
3615,3128,5,11,8,standard,5,9.802,4,True,8,40
4180,3128,5,11,8,economy,7,13.203,1,True,4,28
4028,3128,5,11,8,economy,5,16.3,1,True,4,20
3608,3131,5,11,11,standard,9,7.826,10,True,8,72
4100,3134,5,11,14,economy,5,4.364,5,True,4,20
3755,3135,5,11,15,standard,5,33.596,7,True,8,40
4314,3135,5,11,15,economy,5,18.26,8,True,4,20
3700,3136,5,11,16,standard,7,3.836,6,True,8,56
4088,3137,5,11,17,economy,5,17.384,7,True,4,20
3645,3139,5,11,19,standard,5,11.902,10,True,8,40
3681,3140,5,11,20,standard,5,9.27,3,True,8,40
3594,3140,5,11,20,standard,9,9.427,7,True,8,72
4201,3141,5,11,21,economy,7,14.249,9,True,4,28
3824,3141,5,11,21,standard,9,4.343,5,True,8,72
4373,3142,5,11,22,economy,5,19.981,2,True,4,20
3650,3142,5,11,22,standard,5,4.661,1,False,8,0
3782,3142,5,11,22,standard,7,17.242,6,False,8,0
4159,3142,5,11,22,economy,7,0.696,5,True,4,28
3629,3143,5,11,23,standard,12,10.338,6,True,8,96
3979,3145,5,12,1,standard,9,8.485,3,True,8,72
3725,3145,5,12,1,standard,7,14.561,1,True,8,56
3951,3145,5,12,1,standard,12,14.063,2,True,8,96
3858,3146,5,12,2,standard,7,7.872,2,True,8,56
3837,3148,5,12,4,standard,7,10.007,4,True,8,56
3764,3149,5,12,5,standard,9,18.092,7,True,8,72
3981,3150,5,12,6,standard,7,3.0,4,True,8,56
4398,3152,5,12,8,economy,7,2.224,7,True,4,28
4079,3153,5,12,9,economy,9,5.491,4,True,4,36
4192,3154,5,12,10,economy,9,9.322,3,True,4,36
4081,3154,5,12,10,economy,5,2.513,3,False,4,0
3814,3154,5,12,10,standard,5,29.523,1,True,8,40
3736,3155,5,12,11,standard,5,18.42,2,True,8,40
3838,3156,5,12,12,standard,5,4.719,2,True,8,40
4400,3158,5,12,14,economy,7,12.222,10,True,4,28
3551,3158,5,12,14,VIP,12,3.246,10,True,14,168
4376,3158,5,12,14,economy,7,23.493,2,True,4,28
3762,3158,5,12,14,standard,9,2.075,10,True,8,72
4157,3160,5,12,16,economy,3,52.612,4,True,4,12
4117,3160,5,12,16,economy,5,12.276,1,True,4,20
4156,3160,5,12,16,economy,5,8.372,5,True,4,20
4326,3161,5,12,17,economy,9,11.007,8,True,4,36
4142,3162,5,12,18,economy,3,13.404,4,False,4,0
3952,3162,5,12,18,standard,9,3.84,4,True,8,72
4191,3163,5,12,19,economy,3,15.21,1,True,4,12
3961,3164,5,12,20,standard,9,3.168,4,True,8,72
3545,3165,5,12,21,VIP,12,8.188,4,True,14,168
3633,3166,5,12,22,standard,9,2.359,10,True,8,72
4161,3167,5,12,23,economy,5,54.15,9,True,4,20
4243,3167,5,12,23,economy,9,15.902,3,True,4,36
3955,3168,5,13,0,standard,9,11.375,4,True,8,72
3723,3170,5,13,2,standard,5,5.763,10,False,8,0
3896,3171,5,13,3,standard,7,5.662,5,True,8,56
3785,3172,5,13,4,standard,5,15.478,4,False,8,0
4358,3172,5,13,4,economy,7,39.696,6,False,4,0
3765,3173,5,13,5,standard,12,6.325,2,True,8,96
3935,3173,5,13,5,standard,5,9.115,7,True,8,40
3491,3173,5,13,5,VIP,18,1.957,7,True,14,252
4073,3175,5,13,7,economy,5,37.796,1,True,4,20
3960,3176,5,13,8,standard,9,18.55,2,True,8,72
4240,3178,5,13,10,economy,3,32.331,9,True,4,12
4252,3178,5,13,10,economy,5,15.738,8,True,4,20
4175,3180,5,13,12,economy,5,38.367,8,True,4,20
3862,3180,5,13,12,standard,9,1.495,9,True,8,72
3819,3181,5,13,13,standard,12,1.552,4,True,8,96
4386,3182,5,13,14,economy,7,29.302,10,True,4,28
3910,3182,5,13,14,standard,9,3.841,2,True,8,72
3871,3183,5,13,15,standard,5,20.414,4,False,8,0
4187,3184,5,13,16,economy,5,20.825,2,False,4,0
4401,3185,5,13,17,economy,7,13.35,5,False,4,0
4282,3185,5,13,17,economy,5,7.378,5,True,4,20
4246,3185,5,13,17,economy,5,31.728,5,True,4,20
3627,3186,5,13,18,standard,9,4.242,8,True,8,72
4208,3186,5,13,18,economy,5,3.21,7,True,4,20
4260,3187,5,13,19,economy,9,7.411,7,True,4,36
3774,3187,5,13,19,standard,5,8.064,9,True,8,40
3602,3187,5,13,19,standard,9,18.578,4,True,8,72
4122,3188,5,13,20,economy,3,24.095,7,True,4,12
3469,3188,5,13,20,VIP,15,3.208,8,True,14,210
3906,3189,5,13,21,standard,7,19.775,3,True,8,56
3512,3189,5,13,21,VIP,12,3.108,2,True,14,168
3831,3189,5,13,21,standard,9,3.148,9,True,8,72
3886,3192,5,14,0,standard,7,1.042,10,True,8,56
3715,3193,5,14,1,standard,7,8.793,6,True,8,56
4406,3194,5,14,2,economy,7,12.651,4,True,4,28
3786,3194,5,14,2,standard,7,4.482,5,True,8,56
3883,3194,5,14,2,standard,7,13.54,5,True,8,56
3478,3196,5,14,4,VIP,12,1.728,5,True,14,168
3855,3196,5,14,4,standard,12,11.836,6,False,8,0
3888,3196,5,14,4,standard,5,14.323,3,True,8,40
3584,3196,5,14,4,standard,5,4.048,6,True,8,40
3679,3198,5,14,6,standard,5,3.768,8,True,8,40
4380,3199,5,14,7,economy,3,17.921,6,True,4,12
4309,3199,5,14,7,economy,5,14.791,10,True,4,20
4060,3200,5,14,8,economy,5,39.019,2,True,4,20
4137,3201,5,14,9,economy,5,9.035,7,True,4,20
4211,3201,5,14,9,economy,7,40.694,6,True,4,28
3589,3201,5,14,9,standard,9,12.581,3,True,8,72
4368,3202,5,14,10,economy,3,48.983,6,True,4,12
3930,3202,5,14,10,standard,7,6.386,2,True,8,56
4108,3204,5,14,12,economy,5,5.009,4,True,4,20
4233,3205,5,14,13,economy,3,6.985,6,True,4,12
4058,3205,5,14,13,economy,5,30.161,1,True,4,20
3573,3205,5,14,13,standard,9,11.604,1,True,8,72
3796,3208,5,14,16,standard,5,13.433,1,True,8,40
3635,3210,5,14,18,standard,9,7.63,2,True,8,72
3995,3210,5,14,18,standard,9,9.679,8,True,8,72
3792,3212,5,14,20,standard,12,10.828,10,True,8,96
3489,3213,5,14,21,VIP,12,3.525,1,True,14,168
3802,3214,5,14,22,standard,9,3.689,3,True,8,72
3795,3214,5,14,22,standard,12,2.075,8,True,8,96
4105,3215,5,14,23,economy,5,39.66,1,True,4,20
3874,3219,5,15,3,standard,9,6.144,4,False,8,0
3487,3219,5,15,3,VIP,15,4.667,5,True,14,210
4048,3220,5,15,4,economy,3,5.189,5,True,4,12
4038,3220,5,15,4,economy,7,18.977,9,False,4,0
4378,3221,5,15,5,economy,3,6.171,7,True,4,12
3527,3221,5,15,5,VIP,12,7.179,7,True,14,168
3872,3222,5,15,6,standard,7,0.704,1,True,8,56
3890,3222,5,15,6,standard,5,3.302,9,True,8,40
3932,3225,5,15,9,standard,7,2.876,6,True,8,56
4040,3226,5,15,10,economy,5,24.292,3,True,4,20
4130,3226,5,15,10,economy,5,11.71,2,False,4,0
3947,3226,5,15,10,standard,7,0.59,3,True,8,56
4085,3226,5,15,10,economy,7,26.912,5,True,4,28
4219,3227,5,15,11,economy,7,15.914,6,True,4,28
3598,3228,5,15,12,standard,7,13.492,7,False,8,0
3996,3229,5,15,13,standard,5,19.141,5,True,8,40
3694,3229,5,15,13,standard,7,6.379,8,True,8,56
4139,3230,5,15,14,economy,5,13.908,10,True,4,20
4047,3231,5,15,15,economy,9,12.488,5,True,4,36
3587,3231,5,15,15,standard,7,11.589,6,True,8,56
4094,3232,5,15,16,economy,5,34.534,8,True,4,20
3923,3234,5,15,18,standard,7,22.081,8,False,8,0
3698,3235,5,15,19,standard,9,2.521,4,True,8,72
3585,3235,5,15,19,standard,7,2.297,10,True,8,56
3620,3235,5,15,19,standard,7,2.114,7,True,8,56
3763,3235,5,15,19,standard,12,2.496,5,True,8,96
4096,3235,5,15,19,economy,7,4.059,1,True,4,28
4418,3237,5,15,21,economy,3,25.184,2,True,4,12
3568,3238,5,15,22,VIP,18,6.324,9,True,14,252
3748,3238,5,15,22,standard,9,9.382,7,True,8,72
3482,3238,5,15,22,VIP,12,2.362,3,True,14,168
4184,3239,5,15,23,economy,5,16.509,4,True,4,20
4097,3239,5,15,23,economy,3,26.895,4,True,4,12
4232,3241,5,16,1,economy,3,41.729,1,True,4,12
4419,3243,5,16,3,economy,3,15.51,10,True,4,12
4030,3244,5,16,4,economy,3,26.197,9,True,4,12
3662,3246,5,16,6,standard,5,4.401,8,True,8,40
4120,3247,5,16,7,economy,5,26.082,1,True,4,20
4197,3247,5,16,7,economy,5,5.076,8,True,4,20
3950,3247,5,16,7,standard,5,9.613,1,True,8,40
3697,3248,5,16,8,standard,5,25.236,1,True,8,40
3639,3249,5,16,9,standard,5,13.506,9,True,8,40
3719,3250,5,16,10,standard,9,15.048,4,False,8,0
4098,3251,5,16,11,economy,7,8.354,3,True,4,28
3809,3251,5,16,11,standard,7,11.926,8,True,8,56
4370,3252,5,16,12,economy,3,23.492,10,True,4,12
3760,3255,5,16,15,standard,9,16.263,2,True,8,72
4103,3255,5,16,15,economy,7,17.788,2,True,4,28
4258,3256,5,16,16,economy,3,69.84,10,True,4,12
3848,3256,5,16,16,standard,5,29.086,2,False,8,0
3558,3257,5,16,17,VIP,12,2.119,4,True,14,168
3777,3257,5,16,17,standard,5,5.464,10,True,8,40
3703,3258,5,16,18,standard,7,5.245,7,True,8,56
3801,3261,5,16,21,standard,9,2.961,9,True,8,72
3643,3262,5,16,22,standard,7,6.159,3,True,8,56
4063,3263,5,16,23,economy,7,15.076,9,True,4,28
3521,3263,5,16,23,VIP,12,2.413,7,True,14,168
4362,3267,5,17,3,economy,7,21.285,7,True,4,28
3480,3267,5,17,3,VIP,18,0.832,9,True,14,252
3495,3267,5,17,3,VIP,18,7.319,10,True,14,252
3845,3269,5,17,5,standard,7,2.799,3,True,8,56
3747,3269,5,17,5,standard,5,18.882,4,True,8,40
3744,3269,5,17,5,standard,12,9.774,5,True,8,96
3800,3271,5,17,7,standard,9,2.037,4,True,8,72
4264,3272,5,17,8,economy,3,20.27,1,True,4,12
4303,3272,5,17,8,economy,5,31.825,5,True,4,20
3987,3272,5,17,8,standard,7,8.321,2,True,8,56
4066,3274,5,17,10,economy,5,23.125,9,True,4,20
4357,3274,5,17,10,economy,5,27.409,7,True,4,20
3971,3274,5,17,10,standard,7,4.907,7,True,8,56
3949,3274,5,17,10,standard,7,6.708,4,True,8,56
3570,3274,5,17,10,VIP,15,8.552,10,True,14,210
4407,3275,5,17,11,economy,5,22.768,4,True,4,20
4115,3276,5,17,12,economy,5,38.756,10,True,4,20
4121,3276,5,17,12,economy,5,18.861,4,True,4,20
3544,3277,5,17,13,VIP,15,8.838,9,True,14,210
3658,3278,5,17,14,standard,9,6.488,3,True,8,72
3655,3278,5,17,14,standard,9,8.453,8,True,8,72
3773,3278,5,17,14,standard,9,12.44,7,True,8,72
4416,3279,5,17,15,economy,7,8.207,10,True,4,28
3516,3282,5,17,18,VIP,15,11.09,5,True,14,210
3666,3282,5,17,18,standard,7,6.41,3,True,8,56
4300,3282,5,17,18,economy,5,7.321,4,True,4,20
4017,3283,5,17,19,economy,3,19.971,6,True,4,12
3497,3285,5,17,21,VIP,18,1.393,7,False,14,0
4110,3285,5,17,21,economy,5,31.004,6,True,4,20
3686,3286,5,17,22,standard,9,5.041,2,True,8,72
4397,3287,5,17,23,economy,3,8.881,9,True,4,12
3860,3287,5,17,23,standard,9,12.387,8,False,8,0
3501,3287,5,17,23,VIP,10,6.421,2,True,14,140
3622,3287,5,17,23,standard,7,6.142,8,True,8,56
3699,3288,5,18,0,standard,5,1.455,6,False,8,0
3506,3291,5,18,3,VIP,15,2.977,5,True,14,210
3556,3291,5,18,3,VIP,12,4.677,10,True,14,168
3564,3292,5,18,4,VIP,12,1.093,8,True,14,168
4041,3292,5,18,4,economy,7,13.023,8,True,4,28
4212,3293,5,18,5,economy,3,9.478,3,True,4,12
4293,3294,5,18,6,economy,5,20.605,7,True,4,20
3761,3295,5,18,7,standard,5,11.13,8,True,8,40
3539,3295,5,18,7,VIP,18,4.41,10,True,14,252
4164,3297,5,18,9,economy,7,24.159,5,True,4,28
4283,3297,5,18,9,economy,7,16.453,8,True,4,28
4163,3299,5,18,11,economy,7,15.004,1,False,4,0
4305,3299,5,18,11,economy,9,22.999,3,False,4,0
4253,3301,5,18,13,economy,7,21.485,7,True,4,28
3505,3301,5,18,13,VIP,12,4.146,8,True,14,168
3623,3302,5,18,14,standard,9,13.744,7,True,8,72
3583,3303,5,18,15,standard,7,9.5,6,True,8,56
4369,3303,5,18,15,economy,7,27.788,10,False,4,0
3472,3304,5,18,16,VIP,18,11.882,10,True,14,252
3677,3306,5,18,18,standard,9,10.499,4,True,8,72
4193,3307,5,18,19,economy,9,24.913,1,True,4,36
3799,3307,5,18,19,standard,7,8.783,2,True,8,56
3899,3308,5,18,20,standard,9,8.934,6,True,8,72
3577,3309,5,18,21,standard,9,13.65,5,False,8,0
3778,3309,5,18,21,standard,9,6.894,4,True,8,72
3918,3309,5,18,21,standard,9,9.658,10,True,8,72
3619,3309,5,18,21,standard,12,12.335,9,True,8,96
4411,3313,5,19,1,economy,5,11.682,7,False,4,0
3664,3313,5,19,1,standard,7,7.267,9,True,8,56
4234,3314,5,19,2,economy,3,11.856,7,True,4,12
4412,3315,5,19,3,economy,9,5.299,1,True,4,36
3529,3316,5,19,4,VIP,15,9.408,7,True,14,210
4256,3317,5,19,5,economy,3,27.479,10,False,4,0
3569,3318,5,19,6,VIP,12,3.828,8,True,14,168
4007,3319,5,19,7,standard,7,8.631,4,True,8,56
3820,3321,5,19,9,standard,7,5.136,7,True,8,56
4199,3321,5,19,9,economy,5,59.935,7,True,4,20
3474,3323,5,19,11,VIP,15,2.257,10,True,14,210
3839,3325,5,19,13,standard,7,6.102,4,True,8,56
4248,3326,5,19,14,economy,3,5.282,4,False,4,0
4321,3326,5,19,14,economy,5,4.052,5,True,4,20
4019,3327,5,19,15,economy,5,18.04,3,False,4,0
3713,3327,5,19,15,standard,9,9.573,4,False,8,0
3685,3328,5,19,16,standard,12,1.53,3,True,8,96
4012,3329,5,19,17,standard,12,1.842,6,True,8,96
4034,3330,5,19,18,economy,3,23.67,3,False,4,0
3722,3332,5,19,20,standard,7,10.006,7,True,8,56
3849,3332,5,19,20,standard,9,13.085,8,True,8,72
4011,3332,5,19,20,standard,7,9.874,7,True,8,56
3481,3332,5,19,20,VIP,18,4.464,7,True,14,252
3966,3335,5,19,23,standard,9,9.242,2,True,8,72
4205,3337,5,20,1,economy,9,14.197,1,True,4,36
4227,3339,5,20,3,economy,5,4.679,7,True,4,20
4076,3339,5,20,3,economy,3,3.745,5,True,4,12
4392,3340,5,20,4,economy,5,9.757,1,True,4,20
3517,3340,5,20,4,VIP,12,2.851,7,True,14,168
4179,3341,5,20,5,economy,3,4.93,5,False,4,0
4359,3341,5,20,5,economy,3,20.204,2,True,4,12
4275,3342,5,20,6,economy,5,28.548,7,True,4,20
3687,3343,5,20,7,standard,12,1.803,6,False,8,0
3852,3344,5,20,8,standard,5,12.293,10,True,8,40
3538,3344,5,20,8,VIP,10,0.907,4,True,14,140
4236,3344,5,20,8,economy,3,14.612,6,True,4,12
3842,3346,5,20,10,standard,7,13.294,8,True,8,56
4371,3346,5,20,10,economy,5,14.176,8,True,4,20
4356,3346,5,20,10,economy,9,66.138,5,True,4,36
4178,3346,5,20,10,economy,3,6.856,8,True,4,12
4033,3347,5,20,11,economy,7,15.948,7,False,4,0
3714,3349,5,20,13,standard,7,2.828,9,True,8,56
3534,3349,5,20,13,VIP,12,6.771,1,True,14,168
3484,3350,5,20,14,VIP,18,15.145,8,True,14,252
4134,3350,5,20,14,economy,5,42.983,1,True,4,20
4322,3350,5,20,14,economy,3,1.198,7,True,4,12
3600,3351,5,20,15,standard,5,20.96,1,True,8,40
4004,3351,5,20,15,standard,7,14.282,8,True,8,56
4087,3352,5,20,16,economy,3,17.475,9,True,4,12
3579,3352,5,20,16,standard,5,16.765,5,True,8,40
3731,3353,5,20,17,standard,5,29.849,4,False,8,0
4245,3356,5,20,20,economy,5,20.651,7,True,4,20
3711,3356,5,20,20,standard,9,17.444,8,True,8,72
3766,3357,5,20,21,standard,9,9.686,10,True,8,72
3973,3358,5,20,22,standard,5,4.052,9,True,8,40
3891,3358,5,20,22,standard,7,8.874,3,True,8,56
4296,3359,5,20,23,economy,5,3.073,7,True,4,20
3897,3359,5,20,23,standard,5,6.484,10,False,8,0
3624,3359,5,20,23,standard,9,6.65,10,True,8,72
4020,3360,5,21,0,economy,5,25.257,3,False,4,0
3813,3361,5,21,1,standard,12,4.379,5,True,8,96
4415,3361,5,21,1,economy,3,7.203,6,True,4,12
3821,3361,5,21,1,standard,7,4.587,8,True,8,56
4133,3363,5,21,3,economy,3,28.25,1,False,4,0
3634,3363,5,21,3,standard,5,5.754,10,True,8,40
4387,3363,5,21,3,economy,3,19.967,2,True,4,12
4116,3365,5,21,5,economy,3,11.717,1,True,4,12
3815,3367,5,21,7,standard,12,11.945,9,False,8,0
3968,3369,5,21,9,standard,7,11.208,3,True,8,56
4316,3369,5,21,9,economy,9,7.165,2,True,4,36
4302,3370,5,21,10,economy,5,14.837,5,False,4,0
3477,3370,5,21,10,VIP,12,6.066,5,True,14,168
3683,3371,5,21,11,standard,7,12.168,3,True,8,56
3829,3371,5,21,11,standard,9,10.135,3,True,8,72
3887,3373,5,21,13,standard,9,3.328,1,True,8,72
3740,3373,5,21,13,standard,9,7.55,7,True,8,72
4262,3375,5,21,15,economy,3,22.547,4,False,4,0
4237,3376,5,21,16,economy,7,39.207,9,False,4,0
4328,3376,5,21,16,economy,5,13.466,1,True,4,20
3618,3376,5,21,16,standard,7,16.225,9,True,8,56
4151,3376,5,21,16,economy,7,19.661,1,True,4,28
3552,3377,5,21,17,VIP,15,3.474,5,True,14,210
4082,3378,5,21,18,economy,5,4.039,4,True,4,20
4135,3379,5,21,19,economy,7,12.412,5,True,4,28
4273,3379,5,21,19,economy,5,30.932,3,True,4,20
3737,3379,5,21,19,standard,7,8.078,8,True,8,56
3654,3381,5,21,21,standard,12,11.269,3,True,8,96
3948,3383,5,21,23,standard,9,3.288,7,False,8,0
3898,3383,5,21,23,standard,7,11.53,5,True,8,56
3582,3384,5,22,0,standard,5,8.93,4,True,8,40
3548,3385,5,22,1,VIP,12,0.79,3,True,14,168
4272,3385,5,22,1,economy,5,13.52,1,True,4,20
3578,3386,5,22,2,standard,5,2.346,10,True,8,40
3741,3387,5,22,3,standard,5,15.931,10,True,8,40
3614,3387,5,22,3,standard,5,6.792,9,True,8,40
4301,3388,5,22,4,economy,5,12.407,8,True,4,20
3541,3388,5,22,4,VIP,12,3.908,1,True,14,168
4291,3389,5,22,5,economy,7,28.664,3,False,4,0
4399,3389,5,22,5,economy,7,21.958,5,False,4,0
4129,3389,5,22,5,economy,3,6.917,10,True,4,12
3522,3389,5,22,5,VIP,12,1.969,9,True,14,168
4251,3389,5,22,5,economy,9,28.348,6,True,4,36
4388,3390,5,22,6,economy,5,40.897,1,True,4,20
4125,3393,5,22,9,economy,5,14.273,7,False,4,0
4350,3394,5,22,10,economy,5,16.427,1,True,4,20
4114,3394,5,22,10,economy,5,38.2,4,True,4,20
3691,3395,5,22,11,standard,5,21.365,3,True,8,40
3857,3396,5,22,12,standard,7,10.005,6,True,8,56
3670,3397,5,22,13,standard,5,11.974,8,True,8,40
4288,3398,5,22,14,economy,5,41.874,2,True,4,20
4221,3398,5,22,14,economy,5,24.01,6,True,4,20
4119,3398,5,22,14,economy,7,22.114,1,False,4,0
4093,3399,5,22,15,economy,7,9.449,10,True,4,28
3560,3399,5,22,15,VIP,18,3.719,9,True,14,252
4320,3399,5,22,15,economy,5,24.843,8,True,4,20
4284,3400,5,22,16,economy,3,27.327,1,False,4,0
3847,3401,5,22,17,standard,12,5.823,6,True,8,96
3554,3403,5,22,19,VIP,12,4.292,2,True,14,168
4083,3405,5,22,21,economy,5,11.048,5,False,4,0
4018,3407,5,22,23,economy,5,14.726,9,True,4,20
4036,3408,5,23,0,economy,7,3.462,5,True,4,28
3673,3409,5,23,1,standard,7,11.021,6,False,8,0
4377,3411,5,23,3,economy,5,18.695,7,True,4,20
3956,3412,5,23,4,standard,9,4.487,10,True,8,72
4215,3412,5,23,4,economy,7,40.486,7,False,4,0
3586,3412,5,23,4,standard,5,1.238,10,True,8,40
3567,3414,5,23,6,VIP,10,6.3,4,True,14,140
3905,3415,5,23,7,standard,12,4.709,6,True,8,96
3616,3418,5,23,10,standard,5,10.623,1,True,8,40
3465,3418,5,23,10,VIP,15,9.628,5,True,14,210
3745,3419,5,23,11,standard,7,5.196,5,True,8,56
4046,3420,5,23,12,economy,5,21.972,7,True,4,20
4089,3420,5,23,12,economy,7,47.664,2,True,4,28
4072,3421,5,23,13,economy,5,15.208,5,False,4,0
4158,3423,5,23,15,economy,5,14.606,6,True,4,20
4271,3423,5,23,15,economy,5,26.86,3,True,4,20
4099,3424,5,23,16,economy,7,12.759,6,True,4,28
3870,3424,5,23,16,standard,9,9.782,3,True,8,72
4325,3424,5,23,16,economy,5,24.064,9,False,4,0
3912,3425,5,23,17,standard,7,6.423,2,True,8,56
4143,3425,5,23,17,economy,7,11.372,7,True,4,28
4198,3426,5,23,18,economy,3,21.496,1,True,4,12
3537,3427,5,23,19,VIP,12,3.942,8,True,14,168
4001,3427,5,23,19,standard,12,5.429,9,True,8,96
4354,3429,5,23,21,economy,5,26.671,6,True,4,20
4381,3431,5,23,23,economy,3,13.283,3,True,4,12
4279,3432,5,24,0,economy,7,9.836,4,False,4,0
4059,3432,5,24,0,economy,3,16.11,3,True,4,12
4231,3433,5,24,1,economy,7,29.095,2,True,4,28
3943,3433,5,24,1,standard,5,1.229,6,True,8,40
3793,3433,5,24,1,standard,7,14.539,1,True,8,56
4372,3433,5,24,1,economy,5,23.562,5,True,4,20
4224,3434,5,24,2,economy,3,15.8,1,False,4,0
3889,3434,5,24,2,standard,5,21.321,3,True,8,40
4202,3435,5,24,3,economy,3,14.091,2,True,4,12
4031,3435,5,24,3,economy,5,32.536,3,True,4,20
3908,3436,5,24,4,standard,9,5.689,9,True,8,72
4274,3437,5,24,5,economy,5,14.72,1,True,4,20
4146,3439,5,24,7,economy,5,14.561,2,True,4,20
3557,3439,5,24,7,VIP,18,3.828,8,True,14,252
4140,3439,5,24,7,economy,5,13.359,10,False,4,0
3599,3440,5,24,8,standard,7,9.811,6,True,8,56
4247,3442,5,24,10,economy,3,14.379,6,True,4,12
4057,3442,5,24,10,economy,7,20.1,7,True,4,28
3759,3442,5,24,10,standard,7,7.105,3,True,8,56
4345,3443,5,24,11,economy,3,21.045,2,True,4,12
3806,3444,5,24,12,standard,7,3.517,8,True,8,56
4346,3444,5,24,12,economy,3,5.569,3,True,4,12
4408,3446,5,24,14,economy,3,28.0,10,True,4,12
3739,3446,5,24,14,standard,5,4.72,5,True,8,40
3958,3447,5,24,15,standard,7,8.479,4,True,8,56
3492,3448,5,24,16,VIP,10,7.482,5,True,14,140
4091,3448,5,24,16,economy,5,11.949,5,True,4,20
4242,3449,5,24,17,economy,7,31.108,3,True,4,28
3938,3450,5,24,18,standard,7,14.608,2,True,8,56
3986,3450,5,24,18,standard,9,12.031,2,True,8,72
3826,3451,5,24,19,standard,7,9.174,6,False,8,0
3648,3452,5,24,20,standard,5,15.334,9,True,8,40
4124,3454,5,24,22,economy,9,17.63,7,True,4,36
3985,3456,5,25,0,standard,9,3.656,2,True,8,72
4393,3457,5,25,1,economy,9,24.614,5,True,4,36
4009,3457,5,25,1,standard,9,9.93,9,False,8,0
4330,3457,5,25,1,economy,3,27.114,2,False,4,0
4084,3458,5,25,2,economy,5,21.098,5,False,4,0
3610,3460,5,25,4,standard,9,35.624,3,True,8,72
4037,3460,5,25,4,economy,3,3.237,4,True,4,12
4062,3461,5,25,5,economy,5,10.119,9,True,4,20
4257,3462,5,25,6,economy,5,24.312,3,True,4,20
3776,3463,5,25,7,standard,5,1.364,7,True,8,40
3832,3464,5,25,8,standard,9,6.897,8,True,8,72
4277,3464,5,25,8,economy,3,10.275,4,True,4,12
3876,3464,5,25,8,standard,12,13.942,6,True,8,96
4294,3464,5,25,8,economy,5,2.824,6,False,4,0
3844,3464,5,25,8,standard,5,1.707,10,True,8,40
4310,3465,5,25,9,economy,5,2.932,10,True,4,20
4174,3467,5,25,11,economy,5,31.363,7,True,4,20
4064,3468,5,25,12,economy,7,22.9,4,True,4,28
3757,3468,5,25,12,standard,9,5.126,3,False,8,0
4136,3468,5,25,12,economy,5,74.523,4,False,4,0
3868,3468,5,25,12,standard,7,22.842,2,True,8,56
3791,3468,5,25,12,standard,5,14.14,1,False,8,0
3515,3469,5,25,13,VIP,12,3.384,5,False,14,0
3834,3469,5,25,13,standard,7,6.336,2,True,8,56
4265,3469,5,25,13,economy,3,61.402,7,True,4,12
4196,3470,5,25,14,economy,3,6.318,4,True,4,12
3964,3471,5,25,15,standard,9,14.917,5,False,8,0
3779,3471,5,25,15,standard,12,1.939,1,True,8,96
3628,3472,5,25,16,standard,9,1.542,7,True,8,72
4286,3473,5,25,17,economy,9,1.342,7,True,4,36
3470,3473,5,25,17,VIP,12,5.556,9,True,14,168
3797,3474,5,25,18,standard,7,2.857,8,True,8,56
3989,3474,5,25,18,standard,7,0.617,9,True,8,56
3688,3474,5,25,18,standard,7,4.052,2,False,8,0
4052,3474,5,25,18,economy,5,8.41,1,True,4,20
3756,3475,5,25,19,standard,12,6.278,6,True,8,96
3483,3477,5,25,21,VIP,18,10.959,9,True,14,252
3549,3477,5,25,21,VIP,15,11.12,5,True,14,210
3861,3478,5,25,22,standard,7,1.032,9,True,8,56
3612,3479,5,25,23,standard,9,6.758,1,True,8,72
3783,3479,5,25,23,standard,7,20.371,2,True,8,56
3926,3479,5,25,23,standard,5,8.773,4,True,8,40
4155,3480,5,26,0,economy,5,18.608,5,True,4,20
3533,3480,5,26,0,VIP,10,10.956,7,True,14,140
4024,3480,5,26,0,economy,7,20.747,5,True,4,28
3476,3481,5,26,1,VIP,15,3.829,7,True,14,210
3913,3481,5,26,1,standard,9,9.4,1,True,8,72
3865,3481,5,26,1,standard,12,12.406,6,True,8,96
3749,3482,5,26,2,standard,9,13.166,7,True,8,72
3853,3483,5,26,3,standard,12,18.977,7,True,8,96
4255,3483,5,26,3,economy,7,8.34,6,True,4,28
4213,3484,5,26,4,economy,3,32.608,2,False,4,0
3997,3485,5,26,5,standard,12,18.371,3,True,8,96
3735,3486,5,26,6,standard,9,1.366,3,False,8,0
3892,3486,5,26,6,standard,9,0.344,5,True,8,72
4005,3486,5,26,6,standard,9,2.386,9,True,8,72
4138,3487,5,26,7,economy,5,35.951,4,True,4,20
3547,3487,5,26,7,VIP,12,2.246,5,True,14,168
3816,3488,5,26,8,standard,7,3.674,4,True,8,56
4172,3489,5,26,9,economy,9,20.877,4,True,4,36
4374,3489,5,26,9,economy,3,5.17,8,True,4,12
3893,3490,5,26,10,standard,5,7.286,9,True,8,40
4238,3491,5,26,11,economy,7,20.072,9,True,4,28
4352,3493,5,26,13,economy,3,41.908,1,True,4,12
3939,3493,5,26,13,standard,7,0.831,10,True,8,56
4289,3494,5,26,14,economy,5,26.508,5,True,4,20
3611,3494,5,26,14,standard,7,6.384,2,True,8,56
3588,3496,5,26,16,standard,7,6.831,4,True,8,56
3750,3496,5,26,16,standard,9,7.139,3,True,8,72
4297,3497,5,26,17,economy,5,26.273,10,True,4,20
4118,3498,5,26,18,economy,7,44.297,9,True,4,28
4160,3498,5,26,18,economy,3,16.919,7,True,4,12
3638,3498,5,26,18,standard,9,12.676,8,True,8,72
3851,3498,5,26,18,standard,9,2.07,2,True,8,72
3770,3500,5,26,20,standard,7,8.061,4,True,8,56
3880,3500,5,26,20,standard,5,3.105,6,True,8,40
4394,3502,5,26,22,economy,5,21.126,5,True,4,20
4176,3502,5,26,22,economy,7,22.136,9,False,4,0
4341,3503,5,26,23,economy,5,19.195,7,True,4,20
3631,3505,5,27,1,standard,7,12.108,3,True,8,56
4267,3505,5,27,1,economy,3,14.779,6,True,4,12
4049,3509,5,27,5,economy,9,6.134,7,True,4,36
4029,3510,5,27,6,economy,3,1.547,7,True,4,12
4344,3511,5,27,7,economy,3,14.795,9,True,4,12
4010,3512,5,27,8,standard,5,10.773,8,False,8,0
3875,3512,5,27,8,standard,7,18.12,3,True,8,56
3882,3512,5,27,8,standard,9,9.167,6,True,8,72
4123,3513,5,27,9,economy,3,25.147,4,True,4,12
3734,3513,5,27,9,standard,5,14.463,6,True,8,40
4287,3514,5,27,10,economy,7,32.479,2,True,4,28
4170,3515,5,27,11,economy,9,19.972,7,True,4,36
3954,3515,5,27,11,standard,12,6.027,5,True,8,96
3798,3516,5,27,12,standard,12,6.395,1,True,8,96
3884,3518,5,27,14,standard,7,5.824,8,True,8,56
3922,3519,5,27,15,standard,5,10.703,4,True,8,40
3684,3521,5,27,17,standard,5,19.712,8,True,8,40
3811,3522,5,27,18,standard,12,15.966,8,True,8,96
3967,3522,5,27,18,standard,7,14.308,1,True,8,56
4332,3523,5,27,19,economy,7,8.946,1,True,4,28
3563,3524,5,27,20,VIP,12,3.122,5,True,14,168
3927,3525,5,27,21,standard,5,16.133,7,True,8,40
3726,3525,5,27,21,standard,9,2.981,6,True,8,72
4323,3525,5,27,21,economy,5,8.975,3,True,4,20
3957,3526,5,27,22,standard,5,4.117,7,True,8,40
4304,3527,5,27,23,economy,3,8.318,2,True,4,12
3617,3527,5,27,23,standard,9,4.1,10,False,8,0
3743,3527,5,27,23,standard,7,3.928,1,True,8,56
4281,3528,5,28,0,economy,5,24.217,5,True,4,20
3498,3529,5,28,1,VIP,15,20.271,8,True,14,210
4259,3529,5,28,1,economy,5,11.441,10,True,4,20
4147,3529,5,28,1,economy,5,4.629,5,True,4,20
3856,3530,5,28,2,standard,5,1.131,2,True,8,40
3532,3530,5,28,2,VIP,15,4.904,9,True,14,210
3705,3530,5,28,2,standard,9,4.227,10,True,8,72
3466,3531,5,28,3,VIP,12,16.208,1,True,14,168
4112,3533,5,28,5,economy,3,20.017,2,True,4,12
4092,3534,5,28,6,economy,3,9.452,9,True,4,12
3640,3537,5,28,9,standard,5,4.42,10,True,8,40
4339,3540,5,28,12,economy,5,16.203,5,True,4,20
4074,3540,5,28,12,economy,3,60.354,6,True,4,12
4104,3541,5,28,13,economy,5,33.009,9,True,4,20
4337,3542,5,28,14,economy,7,12.822,3,True,4,28
3642,3542,5,28,14,standard,5,6.297,3,True,8,40
3869,3544,5,28,16,standard,9,19.575,2,True,8,72
3758,3545,5,28,17,standard,5,9.498,10,True,8,40
3751,3547,5,28,19,standard,7,4.071,6,True,8,56
3572,3547,5,28,19,standard,7,6.092,9,True,8,56
3920,3547,5,28,19,standard,5,10.297,8,True,8,40
3680,3548,5,28,20,standard,7,18.412,2,True,8,56
3606,3549,5,28,21,standard,7,8.917,4,True,8,56
3708,3549,5,28,21,standard,7,5.216,7,True,8,56
3613,3550,5,28,22,standard,7,9.079,8,True,8,56
3641,3550,5,28,22,standard,9,10.76,7,True,8,72
3672,3552,5,29,0,standard,7,11.246,7,True,8,56
3810,3553,5,29,1,standard,7,12.948,1,True,8,56
4183,3554,5,29,2,economy,7,8.154,6,False,4,0
3900,3554,5,29,2,standard,9,7.463,5,True,8,72
4101,3554,5,29,2,economy,7,17.459,2,False,4,0
3980,3555,5,29,3,standard,9,10.059,6,True,8,72
3468,3555,5,29,3,VIP,15,4.981,10,True,14,210
3656,3558,5,29,6,standard,5,7.143,10,True,8,40
3784,3558,5,29,6,standard,12,12.928,5,True,8,96
3805,3558,5,29,6,standard,5,7.37,5,True,8,40
4403,3560,5,29,8,economy,7,20.996,5,True,4,28
4390,3560,5,29,8,economy,7,14.095,10,True,4,28
3781,3561,5,29,9,standard,9,4.252,2,True,8,72
3904,3561,5,29,9,standard,5,11.289,3,True,8,40
3543,3561,5,29,9,VIP,15,0.142,7,True,14,210
3863,3562,5,29,10,standard,7,13.337,4,True,8,56
3999,3562,5,29,10,standard,9,15.804,4,True,8,72
4417,3563,5,29,11,economy,5,23.994,4,True,4,20
4235,3564,5,29,12,economy,5,4.046,4,False,4,0
3873,3564,5,29,12,standard,7,5.813,5,True,8,56
3647,3564,5,29,12,standard,5,4.539,9,True,8,40
4384,3565,5,29,13,economy,5,9.738,3,False,4,0
3712,3566,5,29,14,standard,12,9.924,7,True,8,96
4078,3566,5,29,14,economy,7,2.012,3,True,4,28
4312,3566,5,29,14,economy,5,4.707,3,True,4,20
4102,3567,5,29,15,economy,3,9.035,9,True,4,12
3519,3567,5,29,15,VIP,15,7.368,5,True,14,210
4375,3568,5,29,16,economy,9,18.138,3,True,4,36
3925,3569,5,29,17,standard,9,1.439,9,True,8,72
4200,3569,5,29,17,economy,5,40.633,4,True,4,20
3704,3570,5,29,18,standard,7,33.499,7,True,8,56
3933,3571,5,29,19,standard,12,10.108,2,True,8,96
4261,3572,5,29,20,economy,7,2.085,3,True,4,28
3540,3573,5,29,21,VIP,12,4.098,4,True,14,168
3902,3574,5,29,22,standard,12,10.874,5,False,8,0
3789,3574,5,29,22,standard,9,7.646,1,True,8,72
3550,3575,5,29,23,VIP,18,4.9,7,True,14,252
3859,3575,5,29,23,standard,7,8.042,6,True,8,56
3702,3576,5,30,0,standard,7,9.585,7,True,8,56
3998,3578,5,30,2,standard,12,6.062,8,True,8,96
3488,3578,5,30,2,VIP,10,2.424,9,True,14,140
3463,3578,5,30,2,VIP,18,2.584,8,True,14,252
3937,3580,5,30,4,standard,9,1.198,2,True,8,72
3494,3580,5,30,4,VIP,12,10.38,9,True,14,168
4186,3580,5,30,4,economy,3,16.777,2,False,4,0
3928,3581,5,30,5,standard,5,5.393,8,True,8,40
3794,3581,5,30,5,standard,5,5.641,9,True,8,40
4027,3582,5,30,6,economy,7,6.902,3,True,4,28
4185,3582,5,30,6,economy,3,3.317,7,True,4,12
4336,3583,5,30,7,economy,5,17.126,9,True,4,20
4217,3583,5,30,7,economy,5,3.76,1,True,4,20
4292,3583,5,30,7,economy,7,43.07,10,False,4,0
4327,3585,5,30,9,economy,7,12.395,10,True,4,28
3972,3586,5,30,10,standard,9,3.815,2,True,8,72
3835,3586,5,30,10,standard,12,15.568,9,True,8,96
3944,3587,5,30,11,standard,5,12.16,8,True,8,40
4222,3587,5,30,11,economy,7,15.68,5,True,4,28
4044,3588,5,30,12,economy,7,2.316,3,True,4,28
4420,3589,5,30,13,economy,5,14.887,5,True,4,20
4307,3589,5,30,13,economy,9,14.652,6,False,4,0
3941,3591,5,30,15,standard,5,3.308,1,True,8,40
3591,3592,5,30,16,standard,7,13.158,5,True,8,56
4334,3592,5,30,16,economy,3,11.617,9,True,4,12
4173,3593,5,30,17,economy,5,61.189,5,True,4,20
3462,3593,5,30,17,VIP,12,7.469,4,True,14,168
4395,3593,5,30,17,economy,7,27.199,5,True,4,28
4045,3593,5,30,17,economy,3,26.86,3,True,4,12
3767,3593,5,30,17,standard,9,4.453,2,True,8,72
3473,3596,5,30,20,VIP,12,4.934,3,True,14,168
3510,3597,5,30,21,VIP,18,7.984,10,True,14,252
3772,3597,5,30,21,standard,5,6.031,9,True,8,40
3695,3597,5,30,21,standard,7,2.67,9,True,8,56
4409,3599,5,30,23,economy,7,25.069,10,False,4,0
5445,3600,6,1,0,economy,9,11.445,4,False,4,0
5192,3602,6,1,2,economy,3,20.657,1,True,4,12
4657,3602,6,1,2,standard,9,27.04,6,True,8,72
5215,3602,6,1,2,economy,5,8.247,9,True,4,20
4725,3603,6,1,3,standard,7,1.775,2,True,8,56
4546,3604,6,1,4,VIP,12,3.175,7,True,14,168
5403,3604,6,1,4,economy,7,7.396,6,True,4,28
5340,3605,6,1,5,economy,9,25.817,3,True,4,36
4442,3605,6,1,5,VIP,12,6.119,6,True,14,168
4585,3605,6,1,5,standard,5,4.647,2,True,8,40
5337,3606,6,1,6,economy,7,11.959,9,True,4,28
4847,3606,6,1,6,standard,5,11.265,4,True,8,40
5332,3606,6,1,6,economy,3,17.566,3,True,4,12
4812,3606,6,1,6,standard,5,3.842,5,True,8,40
5267,3607,6,1,7,economy,3,36.325,2,True,4,12
5251,3609,6,1,9,economy,5,2.975,8,True,4,20
5262,3609,6,1,9,economy,5,15.828,1,False,4,0
4866,3609,6,1,9,standard,9,2.16,6,False,8,0
4804,3610,6,1,10,standard,9,3.295,6,True,8,72
5032,3611,6,1,11,standard,5,7.632,2,True,8,40
4476,3611,6,1,11,VIP,10,9.302,6,True,14,140
5264,3611,6,1,11,economy,3,47.7,4,True,4,12
4696,3614,6,1,14,standard,5,20.603,5,False,8,0
4781,3615,6,1,15,standard,12,16.832,10,True,8,96
5282,3616,6,1,16,economy,7,15.685,8,False,4,0
4996,3616,6,1,16,standard,7,8.416,4,True,8,56
4793,3618,6,1,18,standard,7,15.94,7,True,8,56
4482,3618,6,1,18,VIP,12,6.963,2,True,14,168
4978,3619,6,1,19,standard,9,15.206,7,True,8,72
4977,3620,6,1,20,standard,7,4.282,8,True,8,56
5231,3620,6,1,20,economy,3,31.105,10,True,4,12
5283,3620,6,1,20,economy,3,6.111,6,True,4,12
5419,3621,6,1,21,economy,7,1.53,4,True,4,28
4997,3623,6,1,23,standard,12,12.425,2,True,8,96
5075,3623,6,1,23,economy,3,40.447,10,True,4,12
4688,3623,6,1,23,standard,7,25.397,9,True,8,56
5223,3624,6,2,0,economy,7,21.954,4,True,4,28
5253,3625,6,2,1,economy,5,6.329,1,True,4,20
4935,3626,6,2,2,standard,7,4.074,4,True,8,56
4697,3628,6,2,4,standard,5,5.25,5,True,8,40
4920,3628,6,2,4,standard,7,5.82,10,True,8,56
5453,3629,6,2,5,economy,7,25.437,8,True,4,28
5321,3629,6,2,5,economy,5,29.458,8,True,4,20
4655,3630,6,2,6,standard,12,12.229,10,True,8,96
5077,3631,6,2,7,economy,7,9.158,6,True,4,28
4713,3631,6,2,7,standard,7,3.673,3,True,8,56
4747,3632,6,2,8,standard,7,3.866,3,False,8,0
5061,3633,6,2,9,economy,3,22.357,6,False,4,0
4814,3633,6,2,9,standard,12,4.995,2,True,8,96
5472,3634,6,2,10,economy,5,1.718,5,False,4,0
5170,3634,6,2,10,economy,5,7.986,6,False,4,0
5022,3635,6,2,11,standard,5,23.193,3,True,8,40
5294,3636,6,2,12,economy,7,13.061,2,False,4,0
5383,3637,6,2,13,economy,3,8.083,1,True,4,12
5198,3637,6,2,13,economy,5,8.673,4,True,4,20
4584,3637,6,2,13,standard,12,3.166,1,True,8,96
5043,3637,6,2,13,standard,12,6.889,7,True,8,96
5459,3639,6,2,15,economy,3,37.855,7,True,4,12
4541,3640,6,2,16,VIP,18,4.66,7,True,14,252
5191,3640,6,2,16,economy,7,2.672,5,True,4,28
4435,3641,6,2,17,VIP,12,10.209,9,True,14,168
4539,3641,6,2,17,VIP,18,1.757,7,True,14,252
4857,3641,6,2,17,standard,7,3.622,9,True,8,56
4842,3642,6,2,18,standard,9,5.703,4,True,8,72
5054,3643,6,2,19,standard,9,11.104,1,True,8,72
5066,3643,6,2,19,economy,3,20.48,5,False,4,0
4980,3643,6,2,19,standard,12,1.836,9,False,8,0
5411,3644,6,2,20,economy,5,27.8,1,True,4,20
5222,3645,6,2,21,economy,3,29.816,8,True,4,12
4549,3646,6,2,22,standard,7,1.09,9,True,8,56
5194,3647,6,2,23,economy,5,13.076,4,True,4,20
5008,3648,6,3,0,standard,7,3.376,2,True,8,56
4805,3649,6,3,1,standard,5,3.897,4,True,8,40
5224,3649,6,3,1,economy,9,20.068,6,True,4,36
5031,3649,6,3,1,standard,5,6.137,4,True,8,40
4492,3649,6,3,1,VIP,15,14.698,8,True,14,210
5396,3650,6,3,2,economy,3,37.675,3,False,4,0
4772,3650,6,3,2,standard,7,16.454,10,True,8,56
4890,3651,6,3,3,standard,5,3.224,2,True,8,40
4898,3651,6,3,3,standard,5,1.285,4,True,8,40
4998,3651,6,3,3,standard,12,2.182,9,True,8,96
5245,3651,6,3,3,economy,9,6.645,8,True,4,36
5479,3652,6,3,4,economy,7,17.093,4,True,4,28
4421,3653,6,3,5,VIP,15,15.225,5,True,14,210
4710,3653,6,3,5,standard,5,13.897,5,False,8,0
5327,3654,6,3,6,economy,7,17.125,5,True,4,28
4611,3654,6,3,6,standard,7,5.73,10,True,8,56
4554,3654,6,3,6,standard,7,13.263,8,True,8,56
5130,3655,6,3,7,economy,5,11.802,5,True,4,20
5252,3655,6,3,7,economy,3,9.225,9,False,4,0
4851,3655,6,3,7,standard,5,12.401,8,True,8,40
5464,3655,6,3,7,economy,5,9.491,3,True,4,20
4750,3656,6,3,8,standard,5,5.725,4,True,8,40
4512,3656,6,3,8,VIP,15,10.669,7,True,14,210
5213,3656,6,3,8,economy,5,48.957,3,True,4,20
4789,3657,6,3,9,standard,7,9.843,8,True,8,56
4434,3658,6,3,10,VIP,12,1.464,7,True,14,168
5311,3658,6,3,10,economy,7,10.951,5,True,4,28
5162,3659,6,3,11,economy,7,14.125,3,True,4,28
5145,3660,6,3,12,economy,5,10.025,10,False,4,0
5042,3660,6,3,12,standard,12,3.583,9,True,8,96
5415,3661,6,3,13,economy,3,32.364,6,True,4,12
4481,3661,6,3,13,VIP,15,4.638,10,True,14,210
4848,3664,6,3,16,standard,12,6.249,8,True,8,96
5246,3664,6,3,16,economy,5,15.273,8,False,4,0
4839,3664,6,3,16,standard,7,1.328,5,True,8,56
4795,3666,6,3,18,standard,9,4.769,8,True,8,72
5123,3666,6,3,18,economy,3,15.057,10,True,4,12
5076,3668,6,3,20,economy,3,41.974,1,True,4,12
4749,3669,6,3,21,standard,5,17.915,10,True,8,40
4741,3670,6,3,22,standard,7,8.111,9,True,8,56
5038,3672,6,4,0,standard,7,3.76,3,True,8,56
4932,3673,6,4,1,standard,9,14.826,2,True,8,72
4868,3674,6,4,2,standard,12,11.175,9,True,8,96
4568,3674,6,4,2,standard,5,1.253,4,True,8,40
5269,3674,6,4,2,economy,5,10.4,4,True,4,20
4528,3675,6,4,3,VIP,15,0.406,5,True,14,210
4792,3678,6,4,6,standard,5,3.445,8,True,8,40
5440,3678,6,4,6,economy,3,19.381,6,True,4,12
5299,3679,6,4,7,economy,7,17.087,6,True,4,28
4931,3681,6,4,9,standard,9,9.093,6,True,8,72
5233,3682,6,4,10,economy,9,6.781,8,True,4,36
5188,3682,6,4,10,economy,5,16.348,7,True,4,20
5416,3682,6,4,10,economy,3,20.878,6,False,4,0
5207,3682,6,4,10,economy,7,35.744,6,True,4,28
4928,3683,6,4,11,standard,7,5.459,6,True,8,56
4893,3683,6,4,11,standard,5,10.102,3,True,8,40
5147,3684,6,4,12,economy,9,11.583,5,True,4,36
4520,3684,6,4,12,VIP,12,1.628,5,True,14,168
5137,3686,6,4,14,economy,3,14.371,2,True,4,12
5217,3687,6,4,15,economy,3,15.238,10,False,4,0
4765,3688,6,4,16,standard,7,10.69,7,True,8,56
4776,3689,6,4,17,standard,7,5.686,9,True,8,56
4705,3690,6,4,18,standard,7,2.685,6,True,8,56
5126,3690,6,4,18,economy,9,14.566,10,False,4,0
4743,3690,6,4,18,standard,7,23.362,10,True,8,56
5317,3690,6,4,18,economy,3,16.397,8,True,4,12
4721,3691,6,4,19,standard,9,4.688,9,True,8,72
5199,3691,6,4,19,economy,7,10.897,7,True,4,28
4915,3692,6,4,20,standard,7,3.738,5,True,8,56
5449,3692,6,4,20,economy,7,11.867,3,False,4,0
4958,3693,6,4,21,standard,7,15.643,1,True,8,56
5000,3693,6,4,21,standard,9,6.363,8,True,8,72
4985,3694,6,4,22,standard,7,16.754,4,True,8,56
4834,3695,6,4,23,standard,9,6.713,10,False,8,0
4936,3696,6,5,0,standard,12,23.042,3,True,8,96
5254,3697,6,5,1,economy,9,11.039,8,False,4,0
5444,3698,6,5,2,economy,5,14.008,2,True,4,20
5016,3698,6,5,2,standard,5,8.105,2,True,8,40
4829,3698,6,5,2,standard,7,6.42,7,True,8,56
4988,3699,6,5,3,standard,12,12.556,4,True,8,96
5469,3700,6,5,4,economy,9,3.083,3,True,4,36
5316,3700,6,5,4,economy,5,26.127,6,True,4,20
4607,3703,6,5,7,standard,7,3.051,6,True,8,56
4565,3703,6,5,7,standard,9,6.997,5,True,8,72
5011,3704,6,5,8,standard,5,9.535,8,True,8,40
4529,3708,6,5,12,VIP,12,2.525,3,True,14,168
4731,3708,6,5,12,standard,7,9.826,1,False,8,0
4674,3710,6,5,14,standard,7,4.471,1,True,8,56
5211,3711,6,5,15,economy,9,23.879,2,True,4,36
5060,3713,6,5,17,economy,7,20.596,9,False,4,0
4970,3714,6,5,18,standard,9,5.346,4,True,8,72
4472,3714,6,5,18,VIP,12,4.535,9,True,14,168
4695,3715,6,5,19,standard,5,7.402,6,True,8,40
5456,3716,6,5,20,economy,7,14.466,4,False,4,0
4929,3717,6,5,21,standard,7,11.964,10,True,8,56
5209,3717,6,5,21,economy,7,2.369,6,True,4,28
4560,3717,6,5,21,standard,7,11.482,5,True,8,56
5288,3717,6,5,21,economy,5,6.985,3,False,4,0
5092,3719,6,5,23,economy,3,20.546,4,False,4,0
4823,3719,6,5,23,standard,7,15.762,8,True,8,56
5489,3720,6,6,0,economy,5,29.18,1,True,4,20
4573,3720,6,6,0,standard,7,3.08,1,True,8,56
4543,3721,6,6,1,VIP,10,10.146,1,True,14,140
5018,3721,6,6,1,standard,5,6.109,3,True,8,40
4462,3724,6,6,4,VIP,12,2.744,9,True,14,168
5122,3724,6,6,4,economy,5,22.258,10,True,4,20
5048,3724,6,6,4,standard,5,10.38,4,True,8,40
4459,3725,6,6,5,VIP,10,4.835,9,True,14,140
4670,3725,6,6,5,standard,12,3.143,3,True,8,96
4771,3726,6,6,6,standard,5,10.571,10,True,8,40
4524,3726,6,6,6,VIP,18,2.945,10,True,14,252
5425,3728,6,6,8,economy,7,26.11,3,True,4,28
4689,3729,6,6,9,standard,5,17.603,4,True,8,40
5404,3730,6,6,10,economy,3,8.743,7,True,4,12
4808,3732,6,6,12,standard,9,22.354,7,False,8,0
4440,3734,6,6,14,VIP,15,4.108,10,True,14,210
5391,3734,6,6,14,economy,3,19.747,7,True,4,12
5372,3736,6,6,16,economy,3,13.493,6,True,4,12
5357,3737,6,6,17,economy,7,9.348,10,True,4,28
4974,3737,6,6,17,standard,12,16.82,4,True,8,96
4471,3737,6,6,17,VIP,12,0.875,1,True,14,168
5197,3737,6,6,17,economy,3,28.809,2,True,4,12
4431,3737,6,6,17,VIP,12,1.675,7,True,14,168
4853,3737,6,6,17,standard,7,1.377,4,True,8,56
4506,3737,6,6,17,VIP,15,18.027,9,True,14,210
5475,3737,6,6,17,economy,3,14.927,7,True,4,12
4457,3738,6,6,18,VIP,10,2.412,2,True,14,140
5305,3738,6,6,18,economy,3,5.215,8,False,4,0
5329,3738,6,6,18,economy,5,20.07,5,True,4,20
4682,3739,6,6,19,standard,9,22.368,4,True,8,72
4843,3739,6,6,19,standard,9,11.39,7,True,8,72
5243,3740,6,6,20,economy,7,35.423,1,True,4,28
4817,3741,6,6,21,standard,5,10.353,4,True,8,40
4685,3742,6,6,22,standard,7,8.036,6,True,8,56
5289,3742,6,6,22,economy,7,13.2,4,True,4,28
5431,3743,6,6,23,economy,5,3.999,1,True,4,20
4875,3745,6,7,1,standard,9,13.096,5,True,8,72
5405,3747,6,7,3,economy,5,4.919,2,True,4,20
4583,3747,6,7,3,standard,5,8.05,4,True,8,40
5280,3747,6,7,3,economy,3,18.689,2,False,4,0
5266,3749,6,7,5,economy,9,6.7,3,False,4,0
5045,3752,6,7,8,standard,7,6.373,2,True,8,56
5480,3752,6,7,8,economy,7,10.289,2,True,4,28
5037,3753,6,7,9,standard,5,11.687,4,True,8,40
5378,3753,6,7,9,economy,7,29.09,7,True,4,28
5474,3753,6,7,9,economy,5,26.025,8,False,4,0
5312,3753,6,7,9,economy,9,16.797,7,True,4,36
5200,3754,6,7,10,economy,3,1.569,2,True,4,12
4661,3754,6,7,10,standard,12,8.726,4,True,8,96
4531,3755,6,7,11,VIP,15,1.651,8,True,14,210
4443,3757,6,7,13,VIP,12,2.648,8,True,14,168
4667,3757,6,7,13,standard,5,10.919,3,False,8,0
5097,3758,6,7,14,economy,7,12.777,6,True,4,28
5027,3759,6,7,15,standard,5,4.688,1,True,8,40
4827,3760,6,7,16,standard,5,13.408,6,True,8,40
4451,3762,6,7,18,VIP,15,7.177,6,True,14,210
4810,3762,6,7,18,standard,5,10.065,6,True,8,40
4649,3763,6,7,19,standard,5,1.828,2,True,8,40
4780,3764,6,7,20,standard,5,5.171,8,True,8,40
5166,3767,6,7,23,economy,3,11.908,2,True,4,12
4900,3767,6,7,23,standard,7,12.909,7,True,8,56
4479,3768,6,8,0,VIP,12,0.519,5,True,14,168
4990,3768,6,8,0,standard,7,11.429,8,True,8,56
4840,3768,6,8,0,standard,9,18.969,5,True,8,72
4522,3773,6,8,5,VIP,12,1.185,1,True,14,168
4724,3773,6,8,5,standard,7,6.062,1,True,8,56
5073,3774,6,8,6,economy,7,10.863,7,False,4,0
5470,3775,6,8,7,economy,5,21.585,7,False,4,0
4983,3775,6,8,7,standard,7,13.111,5,True,8,56
4659,3776,6,8,8,standard,9,23.702,4,True,8,72
5460,3776,6,8,8,economy,3,4.594,1,False,4,0
4591,3776,6,8,8,standard,7,9.511,9,True,8,56
5167,3776,6,8,8,economy,9,22.599,8,True,4,36
4592,3777,6,8,9,standard,9,7.625,3,True,8,72
5369,3778,6,8,10,economy,5,27.686,8,True,4,20
4467,3779,6,8,11,VIP,18,9.429,10,True,14,252
5442,3780,6,8,12,economy,3,8.246,9,True,4,12
5272,3780,6,8,12,economy,5,25.637,9,True,4,20
5228,3781,6,8,13,economy,5,58.944,10,False,4,0
4687,3782,6,8,14,standard,9,10.646,6,True,8,72
4801,3782,6,8,14,standard,7,15.578,2,True,8,56
5071,3782,6,8,14,economy,3,2.149,5,True,4,12
4450,3783,6,8,15,VIP,12,8.509,5,True,14,168
5110,3783,6,8,15,economy,3,3.484,2,False,4,0
4566,3784,6,8,16,standard,7,14.173,7,True,8,56
5363,3785,6,8,17,economy,5,7.066,8,True,4,20
5344,3786,6,8,18,economy,7,49.397,2,True,4,28
5384,3786,6,8,18,economy,3,15.206,7,True,4,12
5036,3788,6,8,20,standard,12,10.251,7,False,8,0
5238,3789,6,8,21,economy,7,41.025,9,True,4,28
5180,3789,6,8,21,economy,9,23.172,3,False,4,0
5481,3789,6,8,21,economy,7,8.174,7,False,4,0
5291,3791,6,8,23,economy,7,19.718,7,True,4,28
5012,3793,6,9,1,standard,7,19.423,5,True,8,56
4548,3794,6,9,2,standard,5,5.371,7,True,8,40
5300,3794,6,9,2,economy,3,31.59,8,True,4,12
4722,3795,6,9,3,standard,5,10.67,9,True,8,40
5354,3797,6,9,5,economy,5,14.318,10,True,4,20
5111,3797,6,9,5,economy,5,23.469,6,True,4,20
4873,3798,6,9,6,standard,9,7.196,6,True,8,72
4627,3798,6,9,6,standard,9,10.256,1,True,8,72
5174,3798,6,9,6,economy,3,17.338,3,True,4,12
4870,3798,6,9,6,standard,9,15.044,8,True,8,72
4950,3799,6,9,7,standard,9,3.781,3,True,8,72
5020,3799,6,9,7,standard,5,1.552,8,True,8,40
5407,3799,6,9,7,economy,3,7.895,6,False,4,0
5399,3799,6,9,7,economy,5,16.099,10,True,4,20
5168,3800,6,9,8,economy,5,18.004,5,True,4,20
5412,3801,6,9,9,economy,5,63.69,8,True,4,20
4458,3801,6,9,9,VIP,18,2.168,7,True,14,252
5429,3802,6,9,10,economy,5,12.903,10,False,4,0
5041,3803,6,9,11,standard,5,5.876,4,True,8,40
5265,3803,6,9,11,economy,7,43.178,8,False,4,0
4699,3803,6,9,11,standard,5,8.072,7,False,8,0
4519,3803,6,9,11,VIP,15,12.478,9,True,14,210
4965,3804,6,9,12,standard,12,2.412,6,False,8,0
5055,3804,6,9,12,standard,7,3.604,3,True,8,56
5127,3805,6,9,13,economy,7,3.021,6,True,4,28
5165,3806,6,9,14,economy,5,5.608,5,False,4,0
5290,3806,6,9,14,economy,9,38.643,6,False,4,0
4427,3807,6,9,15,VIP,18,7.268,9,True,14,252
5086,3809,6,9,17,economy,7,16.718,1,False,4,0
4545,3809,6,9,17,VIP,18,1.567,10,True,14,252
5476,3810,6,9,18,economy,5,2.301,4,True,4,20
4952,3811,6,9,19,standard,7,5.99,4,True,8,56
4510,3812,6,9,20,VIP,15,5.445,7,True,14,210
4796,3813,6,9,21,standard,5,4.689,9,True,8,40
5242,3814,6,9,22,economy,3,10.077,7,True,4,12
5004,3814,6,9,22,standard,12,15.066,4,True,8,96
4579,3815,6,9,23,standard,7,11.967,4,True,8,56
5286,3816,6,10,0,economy,9,4.533,6,False,4,0
5014,3816,6,10,0,standard,9,7.891,8,True,8,72
5116,3816,6,10,0,economy,7,49.445,8,True,4,28
4947,3817,6,10,1,standard,12,2.763,1,True,8,96
4962,3818,6,10,2,standard,7,0.841,4,False,8,0
4582,3818,6,10,2,standard,7,7.52,2,True,8,56
5084,3819,6,10,3,economy,3,18.205,8,True,4,12
5385,3819,6,10,3,economy,7,19.713,1,True,4,28
5448,3819,6,10,3,economy,5,19.268,1,False,4,0
4642,3820,6,10,4,standard,9,21.681,4,True,8,72
5172,3821,6,10,5,economy,9,44.494,5,True,4,36
4567,3821,6,10,5,standard,7,17.294,3,False,8,0
4738,3822,6,10,6,standard,9,3.678,5,True,8,72
4643,3822,6,10,6,standard,9,3.339,10,True,8,72
5358,3822,6,10,6,economy,5,20.052,9,False,4,0
4744,3823,6,10,7,standard,12,14.942,3,False,8,0
5139,3823,6,10,7,economy,9,47.303,8,True,4,36
5040,3825,6,10,9,standard,9,2.902,9,True,8,72
4428,3825,6,10,9,VIP,12,2.659,7,True,14,168
4502,3825,6,10,9,VIP,15,10.35,5,True,14,210
4824,3826,6,10,10,standard,5,2.936,10,True,8,40
4872,3826,6,10,10,standard,7,31.316,3,True,8,56
5006,3827,6,10,11,standard,7,3.773,9,True,8,56
5418,3827,6,10,11,economy,3,36.382,1,True,4,12
4813,3829,6,10,13,standard,7,6.096,10,True,8,56
5345,3830,6,10,14,economy,3,16.16,1,True,4,12
4897,3830,6,10,14,standard,7,2.097,10,False,8,0
5029,3832,6,10,16,standard,7,12.714,9,True,8,56
5302,3833,6,10,17,economy,7,3.089,6,False,4,0
5190,3833,6,10,17,economy,7,6.226,7,True,4,28
4615,3833,6,10,17,standard,9,33.738,6,True,8,72
5349,3834,6,10,18,economy,7,13.342,9,True,4,28
4612,3835,6,10,19,standard,5,1.846,3,True,8,40
5101,3835,6,10,19,economy,3,13.658,4,False,4,0
4735,3835,6,10,19,standard,7,3.631,3,True,8,56
4663,3836,6,10,20,standard,12,6.656,2,True,8,96
4732,3837,6,10,21,standard,9,9.068,7,True,8,72
5227,3837,6,10,21,economy,7,5.375,2,True,4,28
4923,3837,6,10,21,standard,7,16.071,9,True,8,56
4647,3838,6,10,22,standard,7,5.165,7,True,8,56
4886,3839,6,10,23,standard,5,10.872,9,True,8,40
5159,3840,6,11,0,economy,5,14.983,8,True,4,20
4860,3841,6,11,1,standard,5,6.406,2,True,8,40
4831,3841,6,11,1,standard,7,4.377,4,True,8,56
4445,3842,6,11,2,VIP,10,3.918,4,True,14,140
5333,3842,6,11,2,economy,7,20.811,10,False,4,0
4862,3842,6,11,2,standard,9,5.865,8,False,8,0
5189,3844,6,11,4,economy,7,24.311,7,True,4,28
4449,3844,6,11,4,VIP,18,2.864,10,True,14,252
4571,3845,6,11,5,standard,5,12.111,9,True,8,40
4799,3845,6,11,5,standard,9,7.321,3,True,8,72
4723,3846,6,11,6,standard,12,15.296,9,True,8,96
4783,3846,6,11,6,standard,5,8.546,7,True,8,40
5153,3847,6,11,7,economy,3,5.496,7,True,4,12
5067,3848,6,11,8,economy,5,14.718,1,True,4,20
4704,3849,6,11,9,standard,7,8.708,9,True,8,56
5386,3849,6,11,9,economy,7,43.004,10,True,4,28
4501,3849,6,11,9,VIP,12,1.599,7,True,14,168
5132,3849,6,11,9,economy,5,5.207,7,True,4,20
4887,3850,6,11,10,standard,7,11.853,6,True,8,56
4508,3851,6,11,11,VIP,18,6.736,9,True,14,252
5477,3851,6,11,11,economy,7,17.212,5,True,4,28
5171,3851,6,11,11,economy,7,3.586,6,True,4,28
5320,3852,6,11,12,economy,7,38.151,1,False,4,0
4629,3853,6,11,13,standard,9,5.087,9,True,8,72
4645,3854,6,11,14,standard,7,1.995,10,True,8,56
5421,3854,6,11,14,economy,9,20.44,10,True,4,36
4497,3855,6,11,15,VIP,12,0.76,5,True,14,168
4639,3856,6,11,16,standard,12,18.427,1,True,8,96
4577,3857,6,11,17,standard,5,3.95,3,True,8,40
4816,3858,6,11,18,standard,9,10.937,7,True,8,72
4861,3859,6,11,19,standard,9,8.499,4,True,8,72
4968,3860,6,11,20,standard,12,6.026,4,True,8,96
5377,3861,6,11,21,economy,3,14.859,10,False,4,0
5129,3861,6,11,21,economy,7,47.569,9,True,4,28
5112,3863,6,11,23,economy,5,9.59,4,True,4,20
4971,3864,6,12,0,standard,5,2.883,5,True,8,40
4477,3864,6,12,0,VIP,18,7.177,10,True,14,252
4668,3865,6,12,1,standard,9,6.896,4,True,8,72
4768,3865,6,12,1,standard,7,15.918,5,True,8,56
5389,3866,6,12,2,economy,5,24.673,10,True,4,20
5216,3867,6,12,3,economy,9,27.088,3,False,4,0
4533,3868,6,12,4,VIP,12,3.534,7,True,14,168
4576,3870,6,12,6,standard,5,4.926,1,True,8,40
4787,3870,6,12,6,standard,7,15.482,7,True,8,56
5183,3870,6,12,6,economy,5,21.608,10,False,4,0
4910,3870,6,12,6,standard,7,6.595,6,True,8,56
4570,3871,6,12,7,standard,7,15.249,3,True,8,56
4821,3872,6,12,8,standard,12,18.976,2,True,8,96
4557,3872,6,12,8,standard,12,9.131,2,False,8,0
5360,3872,6,12,8,economy,5,33.64,8,True,4,20
4702,3872,6,12,8,standard,9,6.85,7,True,8,72
5432,3872,6,12,8,economy,9,20.551,8,True,4,36
4927,3873,6,12,9,standard,9,15.015,10,True,8,72
4909,3874,6,12,10,standard,7,5.742,4,True,8,56
4717,3875,6,12,11,standard,9,2.165,8,True,8,72
5466,3877,6,12,13,economy,5,16.852,6,True,4,20
4515,3877,6,12,13,VIP,15,3.649,5,True,14,210
4766,3878,6,12,14,standard,5,6.106,8,True,8,40
5135,3879,6,12,15,economy,7,75.417,9,True,4,28
5154,3880,6,12,16,economy,3,16.46,9,False,4,0
4748,3881,6,12,17,standard,12,14.31,9,True,8,96
4911,3881,6,12,17,standard,7,8.729,9,True,8,56
5422,3881,6,12,17,economy,9,25.374,7,False,4,0
4586,3882,6,12,18,standard,7,12.677,6,True,8,56
4581,3882,6,12,18,standard,7,31.821,10,True,8,56
4961,3883,6,12,19,standard,5,13.372,5,True,8,40
5423,3884,6,12,20,economy,3,33.574,9,False,4,0
5131,3884,6,12,20,economy,5,16.192,2,False,4,0
5255,3885,6,12,21,economy,5,43.624,9,True,4,20
4488,3885,6,12,21,VIP,12,4.572,1,True,14,168
4942,3885,6,12,21,standard,12,1.379,6,True,8,96
5279,3885,6,12,21,economy,7,9.565,7,False,4,0
5072,3885,6,12,21,economy,7,11.901,7,True,4,28
5350,3888,6,13,0,economy,3,36.22,4,True,4,12
4752,3888,6,13,0,standard,9,5.024,3,True,8,72
5406,3888,6,13,0,economy,7,21.77,2,False,4,0
5103,3889,6,13,1,economy,7,22.522,9,True,4,28
4945,3889,6,13,1,standard,9,13.416,1,True,8,72
4822,3890,6,13,2,standard,9,5.852,8,True,8,72
5364,3890,6,13,2,economy,7,69.922,1,False,4,0
4588,3893,6,13,5,standard,5,10.568,8,True,8,40
4902,3893,6,13,5,standard,7,5.355,3,True,8,56
4767,3893,6,13,5,standard,9,31.162,5,True,8,72
5113,3894,6,13,6,economy,5,3.247,8,True,4,20
5056,3895,6,13,7,economy,5,26.925,10,True,4,20
5182,3896,6,13,8,economy,5,5.044,4,True,4,20
5287,3896,6,13,8,economy,3,20.294,1,True,4,12
5185,3897,6,13,9,economy,7,39.519,8,True,4,28
5058,3898,6,13,10,economy,3,17.379,3,True,4,12
4742,3898,6,13,10,standard,12,6.665,8,True,8,96
4553,3899,6,13,11,standard,12,3.199,4,True,8,96
5471,3899,6,13,11,economy,3,4.232,8,False,4,0
5323,3899,6,13,11,economy,5,40.71,5,False,4,0
4527,3900,6,13,12,VIP,10,1.955,9,True,14,140
4894,3901,6,13,13,standard,9,10.063,1,True,8,72
5105,3902,6,13,14,economy,9,5.04,2,True,4,36
4975,3902,6,13,14,standard,7,9.656,7,True,8,56
5175,3902,6,13,14,economy,5,24.206,3,False,4,0
5352,3902,6,13,14,economy,5,27.741,3,True,4,20
4878,3903,6,13,15,standard,5,13.404,1,True,8,40
4982,3903,6,13,15,standard,5,15.381,5,True,8,40
4684,3905,6,13,17,standard,5,9.013,1,True,8,40
4580,3905,6,13,17,standard,7,19.262,9,False,8,0
5003,3906,6,13,18,standard,5,7.445,5,True,8,40
4608,3906,6,13,18,standard,9,9.254,4,True,8,72
5136,3907,6,13,19,economy,5,18.194,4,True,4,20
4806,3908,6,13,20,standard,9,16.873,2,True,8,72
5488,3910,6,13,22,economy,9,5.944,6,True,4,36
4937,3910,6,13,22,standard,9,36.43,7,True,8,72
5478,3912,6,14,0,economy,7,11.43,4,True,4,28
5258,3912,6,14,0,economy,3,42.624,6,True,4,12
5160,3912,6,14,0,economy,5,15.406,1,True,4,20
4858,3912,6,14,0,standard,7,12.111,7,False,8,0
4422,3913,6,14,1,VIP,10,1.017,7,True,14,140
4475,3913,6,14,1,VIP,15,2.076,6,True,14,210
5424,3914,6,14,2,economy,7,22.925,3,True,4,28
4869,3915,6,14,3,standard,9,6.931,1,True,8,72
5361,3916,6,14,4,economy,3,9.832,7,True,4,12
4763,3916,6,14,4,standard,12,3.68,10,True,8,96
4671,3916,6,14,4,standard,12,1.625,7,True,8,96
4617,3919,6,14,7,standard,9,15.179,9,True,8,72
4490,3920,6,14,8,VIP,15,2.808,8,True,14,210
5314,3920,6,14,8,economy,7,19.54,8,False,4,0
5236,3921,6,14,9,economy,9,12.304,1,True,4,36
4593,3921,6,14,9,standard,5,7.541,9,False,8,0
4790,3921,6,14,9,standard,9,18.342,1,True,8,72
4679,3923,6,14,11,standard,7,3.732,6,True,8,56
5098,3923,6,14,11,economy,3,22.876,7,True,4,12
5348,3924,6,14,12,economy,7,7.473,1,True,4,28
4809,3924,6,14,12,standard,7,8.117,4,True,8,56
4836,3924,6,14,12,standard,7,14.259,6,True,8,56
5158,3925,6,14,13,economy,5,44.04,2,True,4,20
4946,3925,6,14,13,standard,9,8.484,1,True,8,72
4569,3926,6,14,14,standard,7,9.623,10,True,8,56
4837,3926,6,14,14,standard,5,9.596,1,True,8,40
4485,3926,6,14,14,VIP,10,4.142,9,True,14,140
4614,3926,6,14,14,standard,7,1.264,4,False,8,0
4984,3927,6,14,15,standard,5,2.045,2,True,8,40
5322,3928,6,14,16,economy,5,6.839,5,True,4,20
4727,3929,6,14,17,standard,9,1.073,10,True,8,72
5375,3930,6,14,18,economy,5,2.588,4,True,4,20
4786,3931,6,14,19,standard,9,5.515,9,True,8,72
4658,3932,6,14,20,standard,7,8.765,10,True,8,56
4855,3933,6,14,21,standard,9,16.233,9,True,8,72
4960,3933,6,14,21,standard,7,8.581,4,True,8,56
5173,3933,6,14,21,economy,3,12.869,10,True,4,12
4563,3934,6,14,22,standard,7,11.96,3,True,8,56
4825,3934,6,14,22,standard,9,12.129,9,True,8,72
4432,3934,6,14,22,VIP,12,3.744,8,True,14,168
5082,3935,6,14,23,economy,3,46.842,6,True,4,12
4651,3935,6,14,23,standard,7,5.735,8,True,8,56
5064,3936,6,15,0,economy,7,12.373,2,True,4,28
4484,3938,6,15,2,VIP,18,3.891,8,True,14,252
4447,3939,6,15,3,VIP,12,0.486,5,True,14,168
5179,3940,6,15,4,economy,7,8.419,1,True,4,28
5342,3940,6,15,4,economy,3,8.381,10,False,4,0
5319,3941,6,15,5,economy,3,16.991,6,True,4,12
5381,3942,6,15,6,economy,3,3.968,8,True,4,12
4841,3943,6,15,7,standard,7,3.439,5,True,8,56
5220,3944,6,15,8,economy,7,7.157,3,False,4,0
5338,3944,6,15,8,economy,5,34.493,4,True,4,20
5408,3944,6,15,8,economy,3,29.534,10,True,4,12
4537,3945,6,15,9,VIP,15,0.518,8,True,14,210
4892,3945,6,15,9,standard,7,13.725,1,True,8,56
4709,3946,6,15,10,standard,9,11.4,3,True,8,72
5318,3946,6,15,10,economy,7,18.957,9,False,4,0
5239,3947,6,15,11,economy,3,14.521,1,True,4,12
4456,3947,6,15,11,VIP,12,11.819,4,True,14,168
5081,3947,6,15,11,economy,7,12.23,4,False,4,0
4706,3948,6,15,12,standard,5,8.427,9,True,8,40
5141,3948,6,15,12,economy,3,10.414,4,True,4,12
4491,3951,6,15,15,VIP,12,6.272,6,True,14,168
4496,3951,6,15,15,VIP,12,4.293,9,True,14,168
5044,3952,6,15,16,standard,9,24.5,3,True,8,72
5326,3952,6,15,16,economy,7,19.847,4,True,4,28
4552,3953,6,15,17,standard,5,18.065,9,True,8,40
4779,3954,6,15,18,standard,5,3.974,10,True,8,40
4487,3955,6,15,19,VIP,10,6.161,10,True,14,140
4759,3955,6,15,19,standard,12,5.226,8,False,8,0
5435,3955,6,15,19,economy,5,41.534,9,True,4,20
5050,3957,6,15,21,standard,9,15.182,2,True,8,72
5134,3957,6,15,21,economy,3,30.608,8,True,4,12
5284,3957,6,15,21,economy,9,20.893,9,False,4,0
5114,3958,6,15,22,economy,3,28.815,10,True,4,12
4885,3959,6,15,23,standard,5,7.671,2,True,8,40
4818,3959,6,15,23,standard,9,2.48,3,True,8,72
4828,3960,6,16,0,standard,9,15.215,8,True,8,72
4933,3961,6,16,1,standard,7,4.069,4,True,8,56
5397,3962,6,16,2,economy,7,25.574,7,True,4,28
4666,3962,6,16,2,standard,12,10.142,10,False,8,0
5293,3962,6,16,2,economy,7,46.255,4,True,4,28
5297,3963,6,16,3,economy,5,19.695,1,False,4,0
5278,3964,6,16,4,economy,5,4.748,2,True,4,20
4963,3964,6,16,4,standard,5,6.829,1,True,8,40
5021,3965,6,16,5,standard,12,2.669,9,True,8,96
4691,3966,6,16,6,standard,9,25.61,2,True,8,72
4680,3966,6,16,6,standard,9,11.459,1,True,8,72
4540,3966,6,16,6,VIP,12,7.22,10,True,14,168
4891,3966,6,16,6,standard,12,8.304,7,True,8,96
4633,3968,6,16,8,standard,12,3.717,1,False,8,0
4864,3969,6,16,9,standard,7,10.875,8,True,8,56
4901,3969,6,16,9,standard,7,3.31,10,True,8,56
5240,3970,6,16,10,economy,5,10.852,9,True,4,20
4654,3970,6,16,10,standard,9,8.498,7,True,8,72
4686,3971,6,16,11,standard,12,7.302,1,True,8,96
5439,3973,6,16,13,economy,7,8.407,7,True,4,28
5164,3973,6,16,13,economy,7,3.815,9,True,4,28
4558,3973,6,16,13,standard,5,4.375,1,True,8,40
5436,3974,6,16,14,economy,5,4.1,2,True,4,20
4976,3974,6,16,14,standard,9,9.221,3,True,8,72
4605,3974,6,16,14,standard,5,9.433,2,True,8,40
5083,3974,6,16,14,economy,9,18.905,1,False,4,0
4486,3978,6,16,18,VIP,15,12.117,8,True,14,210
5260,3978,6,16,18,economy,3,15.249,5,False,4,0
5334,3979,6,16,19,economy,5,9.267,4,False,4,0
4967,3980,6,16,20,standard,9,22.07,7,False,8,0
5143,3981,6,16,21,economy,9,25.931,2,True,4,36
5438,3982,6,16,22,economy,5,15.549,6,True,4,20
4644,3982,6,16,22,standard,7,9.689,1,True,8,56
4444,3983,6,16,23,VIP,12,8.679,1,True,14,168
4889,3984,6,17,0,standard,9,1.62,1,True,8,72
4572,3986,6,17,2,standard,7,14.676,10,False,8,0
4439,3987,6,17,3,VIP,12,22.237,9,True,14,168
4826,3987,6,17,3,standard,9,13.805,6,True,8,72
5468,3988,6,17,4,economy,3,16.203,5,False,4,0
4770,3988,6,17,4,standard,9,18.495,5,False,8,0
4665,3988,6,17,4,standard,7,2.493,9,False,8,0
4739,3989,6,17,5,standard,7,13.927,10,True,8,56
5430,3990,6,17,6,economy,5,33.281,2,False,4,0
4602,3990,6,17,6,standard,7,3.838,1,True,8,56
4712,3991,6,17,7,standard,7,4.825,10,True,8,56
5330,3991,6,17,7,economy,3,43.59,2,True,4,12
4494,3994,6,17,10,VIP,15,2.63,10,True,14,210
5002,3996,6,17,12,standard,9,6.156,1,True,8,72
5005,3998,6,17,14,standard,7,21.704,9,True,8,56
5276,3999,6,17,15,economy,5,7.469,10,True,4,20
4916,4001,6,17,17,standard,7,16.871,10,True,8,56
4460,4001,6,17,17,VIP,12,3.469,3,True,14,168
5485,4003,6,17,19,economy,3,16.048,6,True,4,12
5237,4004,6,17,20,economy,7,13.782,7,True,4,28
4474,4005,6,17,21,VIP,10,1.416,7,True,14,140
4597,4005,6,17,21,standard,9,3.801,10,True,8,72
4652,4005,6,17,21,standard,9,3.446,2,True,8,72
5106,4006,6,17,22,economy,9,32.429,7,False,4,0
4599,4007,6,17,23,standard,7,9.534,4,True,8,56
4895,4007,6,17,23,standard,5,2.027,7,True,8,40
4698,4009,6,18,1,standard,12,5.399,6,True,8,96
5301,4011,6,18,3,economy,9,10.843,4,False,4,0
4904,4011,6,18,3,standard,5,7.151,5,True,8,40
5063,4011,6,18,3,economy,3,9.856,7,True,4,12
5450,4013,6,18,5,economy,3,24.751,4,False,4,0
5186,4013,6,18,5,economy,7,18.96,5,True,4,28
4504,4013,6,18,5,VIP,15,5.076,9,False,14,0
5463,4013,6,18,5,economy,7,14.205,6,True,4,28
4938,4016,6,18,8,standard,5,6.151,4,True,8,40
5274,4016,6,18,8,economy,5,36.575,1,True,4,20
4939,4019,6,18,11,standard,5,20.421,9,True,8,40
5313,4020,6,18,12,economy,3,5.38,5,False,4,0
5024,4022,6,18,14,standard,7,3.832,7,True,8,56
5296,4023,6,18,15,economy,7,0.987,2,True,4,28
4555,4023,6,18,15,standard,12,8.591,8,False,8,0
5023,4023,6,18,15,standard,12,9.078,7,True,8,96
5341,4023,6,18,15,economy,5,16.188,5,True,4,20
5148,4024,6,18,16,economy,7,5.864,2,True,4,28
4483,4025,6,18,17,VIP,10,5.608,4,True,14,140
4438,4026,6,18,18,VIP,12,3.323,9,True,14,168
5013,4026,6,18,18,standard,9,4.911,3,True,8,72
4437,4027,6,18,19,VIP,18,5.784,7,True,14,252
4736,4030,6,18,22,standard,7,0.961,4,True,8,56
4595,4030,6,18,22,standard,5,7.393,3,True,8,40
5094,4031,6,18,23,economy,7,9.663,8,True,4,28
5089,4032,6,19,0,economy,5,8.794,1,True,4,20
4820,4032,6,19,0,standard,5,10.119,7,True,8,40
4807,4033,6,19,1,standard,9,9.666,6,True,8,72
5184,4034,6,19,2,economy,5,6.024,10,False,4,0
4526,4034,6,19,2,VIP,10,4.442,8,True,14,140
5015,4035,6,19,3,standard,5,36.64,7,True,8,40
4575,4035,6,19,3,standard,7,5.449,2,True,8,56
4948,4036,6,19,4,standard,7,8.961,1,True,8,56
4969,4037,6,19,5,standard,7,2.031,8,True,8,56
4899,4037,6,19,5,standard,5,11.827,1,True,8,40
4925,4037,6,19,5,standard,7,9.795,2,True,8,56
4601,4037,6,19,5,standard,5,13.215,5,True,8,40
5156,4038,6,19,6,economy,3,55.537,3,False,4,0
4636,4039,6,19,7,standard,7,4.92,8,True,8,56
5030,4039,6,19,7,standard,7,4.989,7,True,8,56
5428,4039,6,19,7,economy,9,42.358,8,True,4,36
4907,4039,6,19,7,standard,9,1.05,6,False,8,0
4648,4040,6,19,8,standard,9,19.014,8,True,8,72
4835,4042,6,19,10,standard,5,11.422,4,False,8,0
5324,4042,6,19,10,economy,3,13.495,8,False,4,0
5234,4042,6,19,10,economy,5,23.012,7,True,4,20
5443,4044,6,19,12,economy,5,11.578,6,False,4,0
5019,4045,6,19,13,standard,7,7.791,10,True,8,56
5010,4046,6,19,14,standard,9,11.514,2,True,8,72
4538,4047,6,19,15,VIP,12,5.179,10,True,14,168
5119,4049,6,19,17,economy,3,8.579,5,True,4,12
4955,4049,6,19,17,standard,9,3.826,10,True,8,72
4619,4050,6,19,18,standard,7,14.672,7,True,8,56
5115,4050,6,19,18,economy,5,9.698,2,True,4,20
4511,4051,6,19,19,VIP,18,6.556,7,True,14,252
5281,4052,6,19,20,economy,7,13.906,2,True,4,28
5080,4056,6,20,0,economy,3,21.171,10,True,4,12
4844,4057,6,20,1,standard,7,12.198,4,True,8,56
4881,4057,6,20,1,standard,5,11.574,2,True,8,40
4503,4058,6,20,2,VIP,18,3.862,8,True,14,252
5298,4059,6,20,3,economy,5,24.657,7,True,4,20
4600,4059,6,20,3,standard,12,15.542,10,True,8,96
4675,4059,6,20,3,standard,5,5.706,8,True,8,40
5292,4059,6,20,3,economy,7,6.06,7,True,4,28
4966,4063,6,20,7,standard,9,17.773,6,True,8,72
5155,4065,6,20,9,economy,5,10.382,7,True,4,20
4535,4066,6,20,10,VIP,12,4.815,2,True,14,168
4756,4066,6,20,10,standard,9,8.908,8,True,8,72
5039,4069,6,20,13,standard,5,11.49,5,True,8,40
4882,4069,6,20,13,standard,12,4.93,8,True,8,96
4854,4070,6,20,14,standard,12,9.01,5,False,8,0
5452,4070,6,20,14,economy,5,24.942,4,True,4,20
5100,4071,6,20,15,economy,7,18.692,5,True,4,28
4464,4071,6,20,15,VIP,18,9.276,8,True,14,252
5392,4071,6,20,15,economy,3,3.8,3,False,4,0
4498,4072,6,20,16,VIP,18,4.13,8,True,14,252
4720,4073,6,20,17,standard,9,18.596,4,True,8,72
5001,4073,6,20,17,standard,12,20.763,5,True,8,96
4507,4075,6,20,19,VIP,15,10.172,7,True,14,210
5434,4075,6,20,19,economy,9,4.384,1,True,4,36
5142,4076,6,20,20,economy,5,14.69,3,False,4,0
4547,4077,6,20,21,standard,9,17.677,8,True,8,72
4606,4078,6,20,22,standard,7,8.609,4,True,8,56
4991,4079,6,20,23,standard,7,9.086,5,True,8,56
5451,4079,6,20,23,economy,5,22.569,8,True,4,20
5401,4080,6,21,0,economy,3,20.16,7,True,4,12
4536,4080,6,21,0,VIP,10,1.572,4,True,14,140
5306,4080,6,21,0,economy,5,39.693,7,False,4,0
4693,4080,6,21,0,standard,7,14.586,7,True,8,56
4943,4080,6,21,0,standard,7,0.781,6,True,8,56
5366,4081,6,21,1,economy,3,25.976,6,True,4,12
5250,4081,6,21,1,economy,3,8.105,1,False,4,0
4578,4082,6,21,2,standard,7,7.484,10,True,8,56
4634,4082,6,21,2,standard,12,11.117,9,True,8,96
5107,4082,6,21,2,economy,9,11.209,7,True,4,36
4879,4082,6,21,2,standard,7,1.838,3,True,8,56
4603,4083,6,21,3,standard,12,6.661,3,True,8,96
4758,4083,6,21,3,standard,5,12.184,3,True,8,40
4446,4083,6,21,3,VIP,18,3.829,7,True,14,252
5328,4084,6,21,4,economy,5,10.738,10,False,4,0
5457,4085,6,21,5,economy,7,18.211,3,False,4,0
5204,4085,6,21,5,economy,3,31.045,9,True,4,12
4708,4085,6,21,5,standard,9,9.433,2,True,8,72
4714,4085,6,21,5,standard,7,4.387,5,True,8,56
4469,4085,6,21,5,VIP,10,10.182,1,True,14,140
5157,4087,6,21,7,economy,3,20.147,3,True,4,12
4859,4087,6,21,7,standard,7,12.887,10,True,8,56
5417,4088,6,21,8,economy,9,15.69,6,True,4,36
4949,4089,6,21,9,standard,5,13.573,10,True,8,40
5454,4090,6,21,10,economy,5,11.703,8,False,4,0
5152,4090,6,21,10,economy,5,12.795,1,True,4,20
4681,4090,6,21,10,standard,7,9.216,3,True,8,56
5270,4090,6,21,10,economy,5,13.125,8,True,4,20
5467,4090,6,21,10,economy,9,20.301,3,False,4,0
5096,4091,6,21,11,economy,5,18.18,3,False,4,0
5201,4092,6,21,12,economy,3,18.263,3,False,4,0
5109,4093,6,21,13,economy,5,7.697,3,True,4,20
4852,4093,6,21,13,standard,7,28.501,8,True,8,56
5241,4094,6,21,14,economy,5,39.313,5,True,4,20
5068,4094,6,21,14,economy,3,20.503,6,True,4,12
5025,4095,6,21,15,standard,12,6.179,9,True,8,96
4846,4095,6,21,15,standard,9,23.964,9,True,8,72
5028,4095,6,21,15,standard,9,8.549,9,True,8,72
4660,4096,6,21,16,standard,7,5.253,3,True,8,56
4871,4096,6,21,16,standard,9,2.977,5,True,8,72
5146,4096,6,21,16,economy,3,18.947,2,False,4,0
4640,4097,6,21,17,standard,7,4.269,7,True,8,56
4690,4097,6,21,17,standard,9,1.328,10,True,8,72
5273,4097,6,21,17,economy,5,5.22,7,True,4,20
4815,4098,6,21,18,standard,7,8.435,8,True,8,56
4466,4099,6,21,19,VIP,12,1.48,8,True,14,168
5247,4100,6,21,20,economy,3,27.649,3,True,4,12
4751,4100,6,21,20,standard,7,11.889,7,True,8,56
5206,4102,6,21,22,economy,3,7.338,2,True,4,12
5400,4103,6,21,23,economy,5,29.106,1,True,4,20
5446,4104,6,22,0,economy,7,35.313,6,True,4,28
4773,4104,6,22,0,standard,7,19.947,6,True,8,56
5261,4104,6,22,0,economy,7,12.049,4,False,4,0
4880,4105,6,22,1,standard,12,11.42,1,True,8,96
5144,4106,6,22,2,economy,7,25.419,2,True,4,28
4802,4106,6,22,2,standard,9,16.457,3,True,8,72
4562,4107,6,22,3,standard,7,13.306,7,True,8,56
5079,4108,6,22,4,economy,5,24.269,4,True,4,20
4838,4109,6,22,5,standard,5,14.592,9,True,8,40
4532,4109,6,22,5,VIP,15,1.376,5,True,14,210
5232,4109,6,22,5,economy,3,5.121,7,True,4,12
4707,4109,6,22,5,standard,7,5.214,10,True,8,56
4884,4110,6,22,6,standard,7,4.794,2,True,8,56
5374,4110,6,22,6,economy,9,27.591,6,True,4,36
4677,4111,6,22,7,standard,12,5.394,10,True,8,96
5138,4111,6,22,7,economy,7,10.668,5,True,4,28
4453,4111,6,22,7,VIP,12,9.581,8,True,14,168
4676,4111,6,22,7,standard,7,9.304,7,True,8,56
5382,4112,6,22,8,economy,7,5.329,5,True,4,28
5394,4112,6,22,8,economy,5,10.7,8,True,4,20
4934,4112,6,22,8,standard,7,37.477,2,True,8,56
4922,4113,6,22,9,standard,7,0.195,2,True,8,56
5387,4113,6,22,9,economy,9,8.586,5,True,4,36
4811,4113,6,22,9,standard,7,17.795,8,True,8,56
5121,4114,6,22,10,economy,5,3.626,5,False,4,0
5490,4116,6,22,12,economy,5,6.046,7,False,4,0
4590,4116,6,22,12,standard,5,7.389,2,True,8,40
5202,4117,6,22,13,economy,3,12.973,9,True,4,12
4994,4118,6,22,14,standard,9,9.605,5,True,8,72
5303,4118,6,22,14,economy,7,29.068,8,True,4,28
4918,4118,6,22,14,standard,12,2.39,3,True,8,96
4641,4119,6,22,15,standard,9,12.405,2,True,8,72
4941,4119,6,22,15,standard,12,10.328,4,True,8,96
5205,4122,6,22,18,economy,5,10.673,10,True,4,20
4587,4122,6,22,18,standard,7,14.727,5,True,8,56
5482,4123,6,22,19,economy,5,12.322,3,True,4,20
4845,4123,6,22,19,standard,9,1.768,9,True,8,72
4544,4124,6,22,20,VIP,10,5.056,1,True,14,140
4740,4125,6,22,21,standard,7,2.734,10,True,8,56
4896,4125,6,22,21,standard,9,12.25,10,True,8,72
4726,4126,6,22,22,standard,5,2.936,4,True,8,40
4493,4126,6,22,22,VIP,12,5.187,9,True,14,168
5465,4129,6,23,1,economy,3,33.604,3,False,4,0
4865,4129,6,23,1,standard,7,10.204,7,True,8,56
4623,4130,6,23,2,standard,5,4.533,9,True,8,40
5225,4131,6,23,3,economy,7,31.635,4,True,4,28
4760,4131,6,23,3,standard,9,12.641,6,True,8,72
5026,4131,6,23,3,standard,9,5.943,6,True,8,72
5169,4133,6,23,5,economy,7,3.42,6,True,4,28
4953,4134,6,23,6,standard,9,24.291,10,True,8,72
5473,4134,6,23,6,economy,3,4.114,6,True,4,12
5339,4135,6,23,7,economy,7,14.845,4,False,4,0
5118,4135,6,23,7,economy,5,18.137,1,True,4,20
5090,4135,6,23,7,economy,3,13.214,1,True,4,12
4616,4136,6,23,8,standard,5,19.164,3,True,8,40
5091,4136,6,23,8,economy,5,12.749,7,True,4,20
4694,4136,6,23,8,standard,7,14.3,5,True,8,56
5335,4136,6,23,8,economy,5,59.191,3,False,4,0
4798,4137,6,23,9,standard,9,8.791,2,True,8,72
4877,4139,6,23,11,standard,7,1.053,6,True,8,56
5426,4140,6,23,12,economy,5,38.969,6,False,4,0
4774,4140,6,23,12,standard,9,10.138,8,True,8,72
4521,4140,6,23,12,VIP,10,11.627,4,True,14,140
5085,4141,6,23,13,economy,5,10.044,1,True,4,20
5373,4141,6,23,13,economy,3,33.422,3,True,4,12
5368,4142,6,23,14,economy,7,35.875,9,True,4,28
5346,4142,6,23,14,economy,5,28.448,2,True,4,20
4930,4143,6,23,15,standard,7,5.395,7,True,8,56
4672,4144,6,23,16,standard,9,3.093,4,True,8,72
5095,4145,6,23,17,economy,5,80.361,7,True,4,20
5295,4145,6,23,17,economy,5,9.823,3,True,4,20
5268,4146,6,23,18,economy,7,38.54,6,True,4,28
5128,4146,6,23,18,economy,3,24.887,8,True,4,12
4803,4147,6,23,19,standard,12,10.362,7,True,8,96
4656,4149,6,23,21,standard,7,11.095,10,True,8,56
4850,4149,6,23,21,standard,12,9.51,1,True,8,96
4973,4149,6,23,21,standard,5,16.642,2,False,8,0
4514,4149,6,23,21,VIP,18,4.603,10,True,14,252
5219,4149,6,23,21,economy,3,34.539,4,True,4,12
4701,4150,6,23,22,standard,9,14.287,4,True,8,72
4618,4150,6,23,22,standard,5,2.148,7,True,8,40
5052,4151,6,23,23,standard,12,3.874,4,True,8,96
4478,4152,6,24,0,VIP,12,2.006,8,True,14,168
4856,4153,6,24,1,standard,7,21.576,5,True,8,56
5214,4153,6,24,1,economy,5,6.925,5,True,4,20
4914,4154,6,24,2,standard,5,20.581,3,False,8,0
4620,4155,6,24,3,standard,7,5.933,1,True,8,56
4551,4156,6,24,4,standard,7,11.731,9,False,8,0
5102,4156,6,24,4,economy,5,3.543,8,True,4,20
4733,4156,6,24,4,standard,5,16.157,7,True,8,40
5149,4157,6,24,5,economy,5,1.321,9,True,4,20
4574,4157,6,24,5,standard,7,8.595,9,False,8,0
4505,4157,6,24,5,VIP,12,4.839,1,True,14,168
5353,4157,6,24,5,economy,5,41.496,8,True,4,20
4716,4158,6,24,6,standard,9,6.269,3,True,8,72
4468,4159,6,24,7,VIP,18,3.336,10,True,14,252
4425,4159,6,24,7,VIP,18,2.455,7,True,14,252
5210,4160,6,24,8,economy,7,30.528,2,True,4,28
4957,4160,6,24,8,standard,9,8.696,10,True,8,72
5244,4160,6,24,8,economy,9,18.405,5,False,4,0
5053,4161,6,24,9,standard,9,6.63,1,True,8,72
4621,4161,6,24,9,standard,9,25.398,1,True,8,72
4832,4161,6,24,9,standard,9,2.223,1,True,8,72
4719,4162,6,24,10,standard,7,6.219,4,False,8,0
5195,4163,6,24,11,economy,7,35.937,7,True,4,28
4926,4163,6,24,11,standard,7,15.411,8,False,8,0
5398,4164,6,24,12,economy,3,10.483,8,True,4,12
5161,4164,6,24,12,economy,7,4.794,10,True,4,28
4778,4164,6,24,12,standard,9,4.418,7,True,8,72
4737,4164,6,24,12,standard,5,3.553,5,True,8,40
5355,4164,6,24,12,economy,3,24.369,9,True,4,12
5033,4164,6,24,12,standard,12,4.621,8,True,8,96
4972,4164,6,24,12,standard,7,4.984,8,True,8,56
5336,4165,6,24,13,economy,5,26.022,6,True,4,20
4867,4166,6,24,14,standard,7,4.706,4,True,8,56
4993,4167,6,24,15,standard,7,3.37,7,True,8,56
5370,4168,6,24,16,economy,7,21.737,7,True,4,28
5009,4169,6,24,17,standard,9,27.427,4,True,8,72
5062,4169,6,24,17,economy,5,19.487,9,False,4,0
4964,4172,6,24,20,standard,12,2.597,5,True,8,96
5163,4172,6,24,20,economy,3,5.0,8,True,4,12
4598,4173,6,24,21,standard,7,10.639,8,False,8,0
4556,4174,6,24,22,standard,5,24.798,1,True,8,40
5309,4174,6,24,22,economy,3,5.384,4,True,4,12
4764,4174,6,24,22,standard,5,8.592,8,True,8,40
4755,4175,6,24,23,standard,5,32.042,10,True,8,40
5325,4175,6,24,23,economy,3,12.796,6,True,4,12
5376,4176,6,25,0,economy,3,5.983,8,True,4,12
4775,4176,6,25,0,standard,5,14.421,3,True,8,40
5117,4177,6,25,1,economy,7,5.608,2,True,4,28
4653,4179,6,25,3,standard,5,5.499,2,True,8,40
5359,4179,6,25,3,economy,3,17.301,6,False,4,0
5125,4180,6,25,4,economy,9,5.419,3,True,4,36
4465,4183,6,25,7,VIP,12,9.329,5,True,14,168
5277,4183,6,25,7,economy,5,16.293,7,True,4,20
5356,4183,6,25,7,economy,5,18.619,9,False,4,0
5212,4183,6,25,7,economy,5,45.753,7,False,4,0
5420,4184,6,25,8,economy,3,35.884,5,True,4,12
4561,4185,6,25,9,standard,7,8.0,3,True,8,56
5051,4185,6,25,9,standard,7,9.222,6,True,8,56
4791,4188,6,25,12,standard,12,12.706,2,True,8,96
4518,4188,6,25,12,VIP,15,1.839,10,True,14,210
5208,4189,6,25,13,economy,7,2.487,8,False,4,0
4683,4189,6,25,13,standard,9,3.746,7,True,8,72
4650,4189,6,25,13,standard,7,3.176,10,True,8,56
4788,4190,6,25,14,standard,12,20.307,6,True,8,96
5362,4191,6,25,15,economy,5,2.809,9,True,4,20
4461,4194,6,25,18,VIP,12,2.277,4,True,14,168
4762,4194,6,25,18,standard,7,0.838,8,False,8,0
5221,4195,6,25,19,economy,7,54.276,4,True,4,28
5070,4196,6,25,20,economy,3,14.859,9,False,4,0
4423,4196,6,25,20,VIP,12,6.586,6,True,14,168
4433,4197,6,25,21,VIP,15,0.622,7,True,14,210
4499,4198,6,25,22,VIP,12,8.609,7,True,14,168
4917,4199,6,25,23,standard,5,12.889,1,False,8,0
4944,4200,6,26,0,standard,12,2.602,1,True,8,96
4500,4201,6,26,1,VIP,10,5.002,10,True,14,140
5007,4201,6,26,1,standard,5,2.036,7,True,8,40
4624,4201,6,26,1,standard,5,7.225,10,True,8,40
5437,4202,6,26,2,economy,7,30.423,9,True,4,28
4637,4202,6,26,2,standard,7,3.989,1,True,8,56
4754,4203,6,26,3,standard,7,7.022,8,True,8,56
5193,4203,6,26,3,economy,3,3.889,3,True,4,12
4525,4204,6,26,4,VIP,10,5.998,6,True,14,140
5462,4205,6,26,5,economy,3,27.536,8,True,4,12
4610,4207,6,26,7,standard,5,19.16,6,False,8,0
5218,4207,6,26,7,economy,7,11.718,5,True,4,28
5108,4207,6,26,7,economy,3,82.567,10,True,4,12
5484,4208,6,26,8,economy,9,8.935,3,True,4,36
4596,4209,6,26,9,standard,7,3.739,6,True,8,56
5059,4209,6,26,9,economy,3,10.504,10,True,4,12
5069,4209,6,26,9,economy,3,11.936,2,True,4,12
5017,4210,6,26,10,standard,5,19.855,5,True,8,40
4424,4211,6,26,11,VIP,12,3.329,4,True,14,168
5099,4211,6,26,11,economy,7,11.55,2,False,4,0
4669,4212,6,26,12,standard,5,5.338,6,True,8,40
5150,4214,6,26,14,economy,9,37.395,6,True,4,36
5390,4214,6,26,14,economy,5,3.167,8,True,4,20
5427,4215,6,26,15,economy,5,19.436,5,True,4,20
4785,4215,6,26,15,standard,7,3.852,10,True,8,56
5393,4217,6,26,17,economy,5,46.318,5,False,4,0
4430,4219,6,26,19,VIP,18,4.713,9,True,14,252
4564,4220,6,26,20,standard,7,10.898,8,True,8,56
4632,4220,6,26,20,standard,7,3.653,8,True,8,56
5257,4221,6,26,21,economy,3,2.197,7,True,4,12
5087,4221,6,26,21,economy,9,15.576,8,True,4,36
5379,4223,6,26,23,economy,5,30.495,3,False,4,0
5483,4223,6,26,23,economy,3,14.783,2,False,4,0
5140,4224,6,27,0,economy,9,22.548,2,True,4,36
5371,4224,6,27,0,economy,9,0.569,3,True,4,36
4903,4225,6,27,1,standard,7,7.9,6,True,8,56
5049,4225,6,27,1,standard,9,1.347,4,True,8,72
4729,4226,6,27,2,standard,7,2.975,1,False,8,0
5078,4226,6,27,2,economy,9,32.512,10,True,4,36
5367,4227,6,27,3,economy,5,23.427,9,True,4,20
4913,4227,6,27,3,standard,7,2.588,10,True,8,56
4604,4227,6,27,3,standard,7,9.954,6,True,8,56
4703,4229,6,27,5,standard,7,7.689,6,True,8,56
5308,4229,6,27,5,economy,5,20.689,4,True,4,20
4664,4229,6,27,5,standard,7,24.944,5,True,8,56
4819,4230,6,27,6,standard,9,5.298,7,True,8,72
4956,4231,6,27,7,standard,12,4.765,5,True,8,96
4830,4231,6,27,7,standard,9,6.156,4,True,8,72
4638,4232,6,27,8,standard,5,2.518,3,False,8,0
5271,4232,6,27,8,economy,3,12.542,4,True,4,12
4429,4233,6,27,9,VIP,12,4.108,4,True,14,168
5433,4233,6,27,9,economy,5,24.868,4,True,4,20
4992,4233,6,27,9,standard,5,14.422,9,True,8,40
4730,4234,6,27,10,standard,12,3.316,6,True,8,96
4777,4235,6,27,11,standard,7,10.917,5,False,8,0
5395,4235,6,27,11,economy,5,24.537,4,True,4,20
5413,4235,6,27,11,economy,7,5.069,7,True,4,28
4745,4235,6,27,11,standard,5,0.948,6,True,8,40
5104,4236,6,27,12,economy,3,20.409,3,True,4,12
4753,4236,6,27,12,standard,7,11.892,5,True,8,56
5365,4236,6,27,12,economy,3,24.741,4,True,4,12
4635,4236,6,27,12,standard,7,10.513,7,True,8,56
4986,4236,6,27,12,standard,9,14.287,9,True,8,72
4473,4237,6,27,13,VIP,12,2.835,9,True,14,168
5410,4238,6,27,14,economy,7,32.156,10,True,4,28
4523,4239,6,27,15,VIP,18,5.252,8,True,14,252
4631,4239,6,27,15,standard,12,9.803,9,True,8,96
5455,4239,6,27,15,economy,7,2.429,1,False,4,0
4594,4240,6,27,16,standard,5,23.397,7,True,8,40
5230,4240,6,27,16,economy,5,3.672,3,False,4,0
4863,4241,6,27,17,standard,9,12.78,1,False,8,0
5441,4241,6,27,17,economy,5,30.41,1,True,4,20
4509,4242,6,27,18,VIP,12,4.746,10,True,14,168
5196,4242,6,27,18,economy,7,26.207,7,True,4,28
4734,4243,6,27,19,standard,7,8.199,4,True,8,56
4888,4244,6,27,20,standard,9,3.986,4,True,8,72
5124,4245,6,27,21,economy,5,7.06,6,True,4,20
4784,4245,6,27,21,standard,5,8.766,10,False,8,0
4646,4245,6,27,21,standard,7,2.3,5,True,8,56
5229,4245,6,27,21,economy,7,19.769,6,False,4,0
4436,4247,6,27,23,VIP,12,12.457,1,True,14,168
4470,4247,6,27,23,VIP,15,5.424,6,True,14,210
4454,4248,6,28,0,VIP,12,4.04,6,True,14,168
4987,4249,6,28,1,standard,5,6.286,1,True,8,40
4534,4250,6,28,2,VIP,18,1.278,7,True,14,252
4919,4251,6,28,3,standard,12,3.99,6,True,8,96
5331,4251,6,28,3,economy,3,28.857,10,False,4,0
4455,4253,6,28,5,VIP,18,5.092,8,True,14,252
5447,4254,6,28,6,economy,7,13.6,6,False,4,0
4622,4254,6,28,6,standard,7,14.618,6,True,8,56
5034,4256,6,28,8,standard,5,1.665,2,False,8,0
5249,4256,6,28,8,economy,7,7.155,5,True,4,28
4613,4257,6,28,9,standard,12,13.61,8,False,8,0
4769,4259,6,28,11,standard,9,22.497,3,True,8,72
5046,4260,6,28,12,standard,9,11.22,6,True,8,72
4912,4260,6,28,12,standard,12,4.631,5,True,8,96
4630,4260,6,28,12,standard,5,11.024,8,True,8,40
5074,4261,6,28,13,economy,3,15.456,9,True,4,12
4995,4261,6,28,13,standard,7,17.295,9,True,8,56
4550,4262,6,28,14,standard,7,5.223,10,True,8,56
5177,4262,6,28,14,economy,5,9.675,7,True,4,20
5304,4262,6,28,14,economy,7,5.1,3,True,4,28
4625,4262,6,28,14,standard,7,12.413,7,True,8,56
5380,4262,6,28,14,economy,5,12.653,6,False,4,0
5263,4263,6,28,15,economy,3,6.118,5,False,4,0
5487,4263,6,28,15,economy,5,17.937,4,True,4,20
4761,4263,6,28,15,standard,12,5.131,9,True,8,96
4940,4263,6,28,15,standard,9,5.765,8,False,8,0
4849,4263,6,28,15,standard,9,3.391,7,True,8,72
4797,4264,6,28,16,standard,12,9.694,6,False,8,0
5035,4265,6,28,17,standard,5,3.039,2,True,8,40
4678,4268,6,28,20,standard,7,4.221,5,True,8,56
4559,4268,6,28,20,standard,9,29.123,10,True,8,72
5402,4269,6,28,21,economy,7,8.148,1,True,4,28
5285,4270,6,28,22,economy,3,10.499,4,False,4,0
5315,4270,6,28,22,economy,3,38.2,2,True,4,12
5235,4270,6,28,22,economy,7,47.96,2,True,4,28
5458,4272,6,29,0,economy,5,58.917,10,True,4,20
4542,4272,6,29,0,VIP,15,4.61,7,True,14,210
5307,4272,6,29,0,economy,3,6.828,6,True,4,12
5343,4273,6,29,1,economy,5,37.141,7,True,4,20
5047,4273,6,29,1,standard,7,11.997,10,True,8,56
4441,4274,6,29,2,VIP,15,6.468,9,True,14,210
4448,4274,6,29,2,VIP,10,2.826,2,True,14,140
4715,4275,6,29,3,standard,7,7.111,2,True,8,56
4905,4276,6,29,4,standard,5,12.346,2,True,8,40
4746,4277,6,29,5,standard,7,24.027,6,True,8,56
5187,4279,6,29,7,economy,7,12.61,1,True,4,28
5093,4279,6,29,7,economy,5,28.053,4,False,4,0
5151,4279,6,29,7,economy,7,77.924,6,True,4,28
5461,4281,6,29,9,economy,7,59.754,4,True,4,28
4999,4282,6,29,10,standard,5,4.65,1,True,8,40
5414,4285,6,29,13,economy,7,19.09,9,True,4,28
5275,4285,6,29,13,economy,5,16.715,1,True,4,20
4692,4286,6,29,14,standard,9,5.119,5,True,8,72
4517,4288,6,29,16,VIP,10,0.576,7,True,14,140
4480,4289,6,29,17,VIP,12,1.653,2,True,14,168
4906,4289,6,29,17,standard,5,20.952,10,True,8,40
4981,4290,6,29,18,standard,7,10.621,4,True,8,56
4700,4290,6,29,18,standard,12,27.376,6,True,8,96
5486,4290,6,29,18,economy,5,23.516,7,True,4,20
4979,4291,6,29,19,standard,7,2.309,2,True,8,56
4463,4292,6,29,20,VIP,15,4.432,8,True,14,210
4626,4292,6,29,20,standard,12,8.607,1,True,8,96
4757,4292,6,29,20,standard,7,0.24,2,True,8,56
4989,4292,6,29,20,standard,5,1.974,10,True,8,40
5057,4294,6,29,22,economy,9,6.559,8,True,4,36
4924,4294,6,29,22,standard,7,6.336,9,True,8,56
5310,4294,6,29,22,economy,5,32.389,9,True,4,20
5088,4295,6,29,23,economy,7,13.005,9,True,4,28
4874,4296,6,30,0,standard,5,5.103,1,True,8,40
4495,4296,6,30,0,VIP,15,8.129,10,True,14,210
4833,4297,6,30,1,standard,5,16.752,2,True,8,40
4954,4298,6,30,2,standard,5,13.428,7,True,8,40
4800,4298,6,30,2,standard,7,5.291,1,True,8,56
4489,4299,6,30,3,VIP,15,1.664,6,True,14,210
5256,4300,6,30,4,economy,7,7.99,9,True,4,28
5409,4300,6,30,4,economy,3,24.902,7,False,4,0
4711,4300,6,30,4,standard,5,1.794,9,True,8,40
5178,4302,6,30,6,economy,3,31.658,9,True,4,12
4452,4303,6,30,7,VIP,12,23.139,7,True,14,168
4513,4303,6,30,7,VIP,15,14.846,8,True,14,210
4876,4304,6,30,8,standard,12,7.15,6,True,8,96
4673,4304,6,30,8,standard,7,20.746,3,True,8,56
5181,4306,6,30,10,economy,3,11.86,3,False,4,0
5226,4306,6,30,10,economy,7,15.085,4,True,4,28
4628,4307,6,30,11,standard,9,3.541,3,True,8,72
4794,4308,6,30,12,standard,9,15.076,4,True,8,72
4728,4308,6,30,12,standard,7,4.361,4,True,8,56
5248,4308,6,30,12,economy,7,9.686,1,True,4,28
4921,4309,6,30,13,standard,12,27.04,4,True,8,96
5120,4309,6,30,13,economy,5,22.187,1,True,4,20
4883,4309,6,30,13,standard,7,3.893,8,True,8,56
5259,4309,6,30,13,economy,7,9.934,5,True,4,28
5388,4310,6,30,14,economy,5,7.958,2,True,4,20
4589,4310,6,30,14,standard,5,7.765,4,True,8,40
5347,4310,6,30,14,economy,3,42.782,1,True,4,12
4951,4311,6,30,15,standard,5,3.556,2,True,8,40
4530,4311,6,30,15,VIP,15,16.18,7,True,14,210
4426,4313,6,30,17,VIP,15,1.646,10,True,14,210
5203,4315,6,30,19,economy,9,19.274,2,True,4,36
4718,4315,6,30,19,standard,7,5.634,9,True,8,56
4959,4315,6,30,19,standard,5,12.141,7,True,8,40
4908,4315,6,30,19,standard,5,31.64,6,True,8,40
4782,4316,6,30,20,standard,9,20.829,9,True,8,72
4609,4316,6,30,20,standard,12,4.029,1,True,8,96
4516,4316,6,30,20,VIP,12,4.778,3,True,14,168
5133,4317,6,30,21,economy,5,48.025,2,True,4,20
5065,4317,6,30,21,economy,9,66.271,7,True,4,36
4662,4317,6,30,21,standard,9,4.261,7,True,8,72
5176,4318,6,30,22,economy,5,35.404,5,False,4,0
5351,4319,6,30,23,economy,7,4.657,5,True,4,28
5632,4320,7,1,0,VIP,10,2.516,8,True,14,140
6060,4320,7,1,0,standard,7,1.818,1,True,8,56
6514,4321,7,1,1,economy,3,14.414,8,True,4,12
6471,4321,7,1,1,economy,5,8.41,1,True,4,20
5721,4322,7,1,2,standard,7,5.798,1,True,8,56
5548,4323,7,1,3,VIP,12,13.659,8,True,14,168
6529,4323,7,1,3,economy,7,4.069,3,True,4,28
5922,4325,7,1,5,standard,5,1.285,6,True,8,40
6116,4325,7,1,5,standard,9,13.441,10,True,8,72
6257,4327,7,1,7,standard,7,19.558,4,True,8,56
6160,4327,7,1,7,standard,5,13.899,7,True,8,40
6254,4328,7,1,8,standard,9,9.407,1,True,8,72
6347,4329,7,1,9,economy,5,17.631,5,True,4,20
5592,4329,7,1,9,VIP,12,0.194,1,True,14,168
6165,4330,7,1,10,standard,7,9.191,8,True,8,56
5862,4333,7,1,13,standard,9,9.209,9,False,8,0
6409,4333,7,1,13,economy,3,34.908,1,True,4,12
5778,4333,7,1,13,standard,12,6.157,2,True,8,96
5928,4334,7,1,14,standard,5,19.57,9,True,8,40
6234,4334,7,1,14,standard,12,10.169,10,True,8,96
5572,4334,7,1,14,VIP,18,6.18,9,False,14,0
5553,4335,7,1,15,VIP,15,3.421,10,True,14,210
6463,4337,7,1,17,economy,3,31.614,10,False,4,0
5573,4337,7,1,17,VIP,12,2.256,9,True,14,168
5913,4337,7,1,17,standard,12,4.043,10,True,8,96
6499,4338,7,1,18,economy,7,17.25,2,True,4,28
6582,4338,7,1,18,economy,9,31.006,8,True,4,36
6082,4340,7,1,20,standard,9,17.816,10,True,8,72
5707,4340,7,1,20,standard,9,15.594,1,True,8,72
6493,4340,7,1,20,economy,3,4.629,9,True,4,12
5578,4341,7,1,21,VIP,12,3.307,3,True,14,168
6425,4341,7,1,21,economy,3,14.158,6,True,4,12
6696,4343,7,1,23,economy,3,17.79,9,False,4,0
6546,4343,7,1,23,economy,3,5.443,4,True,4,12
5790,4343,7,1,23,standard,12,5.528,7,True,8,96
6076,4344,7,2,0,standard,7,19.61,10,True,8,56
5527,4345,7,2,1,VIP,15,3.264,10,True,14,210
5945,4345,7,2,1,standard,5,4.238,7,True,8,40
6467,4346,7,2,2,economy,5,20.43,2,False,4,0
5998,4347,7,2,3,standard,12,16.062,3,True,8,96
6048,4348,7,2,4,standard,12,5.664,5,True,8,96
6356,4349,7,2,5,economy,9,10.616,6,True,4,36
6353,4349,7,2,5,economy,3,9.297,7,True,4,12
6208,4349,7,2,5,standard,5,11.858,9,True,8,40
5585,4350,7,2,6,VIP,12,2.514,6,True,14,168
6098,4351,7,2,7,standard,12,5.766,6,True,8,96
6406,4352,7,2,8,economy,5,24.029,5,True,4,20
6271,4353,7,2,9,standard,5,11.142,6,True,8,40
5542,4353,7,2,9,VIP,12,0.316,5,True,14,168
5639,4353,7,2,9,VIP,18,2.537,8,True,14,252
6183,4354,7,2,10,standard,9,6.915,7,True,8,72
5824,4355,7,2,11,standard,7,7.219,7,True,8,56
5579,4355,7,2,11,VIP,18,5.361,7,True,14,252
5586,4355,7,2,11,VIP,10,1.816,2,True,14,140
6672,4355,7,2,11,economy,3,16.805,1,True,4,12
6551,4357,7,2,13,economy,3,40.724,5,True,4,12
6143,4358,7,2,14,standard,5,5.726,9,True,8,40
6044,4358,7,2,14,standard,7,6.692,1,True,8,56
5574,4359,7,2,15,VIP,15,3.958,7,True,14,210
6491,4360,7,2,16,economy,7,6.223,8,True,4,28
5844,4360,7,2,16,standard,9,8.457,3,True,8,72
6685,4360,7,2,16,economy,5,11.806,8,False,4,0
5833,4362,7,2,18,standard,9,5.009,7,True,8,72
6500,4362,7,2,18,economy,3,18.471,8,False,4,0
6584,4363,7,2,19,economy,7,38.0,3,False,4,0
5680,4364,7,2,20,standard,9,18.291,9,True,8,72
6629,4364,7,2,20,economy,9,43.38,10,False,4,0
5652,4366,7,2,22,VIP,10,5.319,9,True,14,140
6191,4366,7,2,22,standard,12,4.235,8,True,8,96
6541,4366,7,2,22,economy,5,27.492,9,True,4,20
6382,4367,7,2,23,economy,3,54.554,10,False,4,0
6402,4368,7,3,0,economy,7,22.787,8,True,4,28
6102,4368,7,3,0,standard,12,6.244,7,True,8,96
6507,4370,7,3,2,economy,5,13.062,9,True,4,20
6219,4370,7,3,2,standard,7,10.802,8,True,8,56
6602,4370,7,3,2,economy,5,19.494,7,True,4,20
6274,4370,7,3,2,standard,9,8.763,1,True,8,72
6427,4370,7,3,2,economy,3,8.71,6,True,4,12
6309,4371,7,3,3,economy,9,8.797,2,False,4,0
5763,4371,7,3,3,standard,12,8.839,8,True,8,96
6290,4371,7,3,3,economy,3,5.222,1,True,4,12
6525,4371,7,3,3,economy,7,3.845,8,True,4,28
5937,4371,7,3,3,standard,12,13.13,6,False,8,0
6239,4373,7,3,5,standard,5,1.865,9,True,8,40
5970,4373,7,3,5,standard,12,5.804,6,True,8,96
6318,4373,7,3,5,economy,5,28.424,8,True,4,20
6261,4373,7,3,5,standard,7,15.598,9,True,8,56
6371,4373,7,3,5,economy,5,22.144,4,True,4,20
5516,4374,7,3,6,VIP,15,0.226,7,True,14,210
6695,4374,7,3,6,economy,7,11.23,1,True,4,28
5729,4375,7,3,7,standard,7,4.421,10,True,8,56
6051,4376,7,3,8,standard,9,5.141,10,True,8,72
5681,4376,7,3,8,standard,7,2.966,5,True,8,56
5650,4377,7,3,9,VIP,12,9.642,6,True,14,168
5595,4378,7,3,10,VIP,12,5.641,5,True,14,168
6233,4378,7,3,10,standard,7,31.469,4,True,8,56
6404,4379,7,3,11,economy,9,17.038,1,True,4,36
6410,4380,7,3,12,economy,5,8.939,9,True,4,20
5630,4380,7,3,12,VIP,15,6.775,9,False,14,0
5949,4380,7,3,12,standard,5,7.82,5,True,8,40
6095,4380,7,3,12,standard,5,22.035,3,True,8,40
5787,4382,7,3,14,standard,5,4.793,9,True,8,40
6511,4382,7,3,14,economy,3,11.302,2,True,4,12
6608,4382,7,3,14,economy,3,11.449,9,True,4,12
6084,4382,7,3,14,standard,9,4.175,4,True,8,72
6256,4384,7,3,16,standard,9,2.5,8,True,8,72
6624,4384,7,3,16,economy,5,10.666,3,True,4,20
6391,4385,7,3,17,economy,7,23.015,2,True,4,28
6428,4385,7,3,17,economy,3,9.747,10,False,4,0
6533,4385,7,3,17,economy,5,9.041,7,False,4,0
6268,4386,7,3,18,standard,12,10.819,9,True,8,96
5623,4387,7,3,19,VIP,12,1.534,7,True,14,168
5529,4387,7,3,19,VIP,12,5.605,3,True,14,168
6320,4387,7,3,19,economy,3,33.308,8,False,4,0
5885,4387,7,3,19,standard,12,0.96,8,True,8,96
5594,4388,7,3,20,VIP,10,4.916,1,True,14,140
5547,4389,7,3,21,VIP,15,5.109,9,True,14,210
6512,4389,7,3,21,economy,5,29.074,9,True,4,20
5727,4389,7,3,21,standard,7,15.036,2,True,8,56
5515,4390,7,3,22,VIP,12,2.489,3,True,14,168
6554,4390,7,3,22,economy,5,5.871,9,False,4,0
5743,4391,7,3,23,standard,7,3.363,8,True,8,56
5675,4391,7,3,23,VIP,12,0.823,3,True,14,168
5938,4392,7,4,0,standard,7,8.442,9,True,8,56
5524,4392,7,4,0,VIP,12,12.743,2,True,14,168
6372,4392,7,4,0,economy,3,6.641,7,True,4,12
6087,4392,7,4,0,standard,7,8.04,7,True,8,56
6132,4393,7,4,1,standard,5,28.171,5,True,8,40
5823,4394,7,4,2,standard,5,4.828,7,True,8,40
5995,4395,7,4,3,standard,7,14.39,6,True,8,56
5917,4395,7,4,3,standard,12,0.944,5,False,8,0
5841,4395,7,4,3,standard,5,2.549,8,True,8,40
6447,4396,7,4,4,economy,5,2.975,9,True,4,20
6548,4397,7,4,5,economy,5,3.61,8,True,4,20
6322,4397,7,4,5,economy,5,20.916,4,True,4,20
5989,4397,7,4,5,standard,7,8.713,8,True,8,56
6195,4398,7,4,6,standard,5,6.964,7,True,8,40
5857,4398,7,4,6,standard,7,1.985,1,True,8,56
6069,4398,7,4,6,standard,7,27.071,3,True,8,56
5491,4398,7,4,6,VIP,18,7.68,9,True,14,252
6454,4399,7,4,7,economy,9,2.198,6,True,4,36
6062,4399,7,4,7,standard,12,8.988,8,True,8,96
5797,4401,7,4,9,standard,7,13.791,9,True,8,56
6169,4401,7,4,9,standard,7,1.689,4,True,8,56
6227,4401,7,4,9,standard,9,27.439,9,True,8,72
5720,4401,7,4,9,standard,9,3.733,3,True,8,72
5679,4402,7,4,10,standard,9,15.818,1,True,8,72
5836,4402,7,4,10,standard,12,16.858,9,True,8,96
6589,4402,7,4,10,economy,7,41.926,10,True,4,28
6286,4402,7,4,10,economy,9,12.799,5,True,4,36
6310,4404,7,4,12,economy,9,22.257,5,True,4,36
5865,4404,7,4,12,standard,9,17.574,2,True,8,72
5963,4406,7,4,14,standard,7,14.317,3,True,8,56
5709,4407,7,4,15,standard,7,13.446,2,True,8,56
6455,4408,7,4,16,economy,5,10.111,4,True,4,20
5604,4409,7,4,17,VIP,10,6.079,2,True,14,140
5517,4409,7,4,17,VIP,10,3.256,5,True,14,140
5954,4409,7,4,17,standard,7,7.089,3,True,8,56
5556,4409,7,4,17,VIP,12,9.946,6,True,14,168
5804,4409,7,4,17,standard,5,5.993,6,True,8,40
5904,4409,7,4,17,standard,7,6.463,2,True,8,56
5608,4409,7,4,17,VIP,18,1.654,10,True,14,252
6351,4410,7,4,18,economy,3,10.637,2,True,4,12
5546,4410,7,4,18,VIP,15,2.182,6,True,14,210
5670,4410,7,4,18,VIP,15,6.24,8,True,14,210
5505,4410,7,4,18,VIP,12,1.817,5,True,14,168
6023,4411,7,4,19,standard,7,2.315,5,True,8,56
6340,4411,7,4,19,economy,3,30.278,10,False,4,0
6692,4411,7,4,19,economy,3,7.651,2,True,4,12
5996,4412,7,4,20,standard,7,4.673,6,True,8,56
5920,4413,7,4,21,standard,12,14.049,5,True,8,96
5619,4414,7,4,22,VIP,12,4.325,6,True,14,168
6285,4414,7,4,22,economy,3,13.594,3,True,4,12
6061,4414,7,4,22,standard,7,9.346,6,True,8,56
5956,4415,7,4,23,standard,7,5.373,6,True,8,56
6538,4419,7,5,3,economy,5,2.672,3,True,4,20
5946,4419,7,5,3,standard,5,16.58,8,True,8,40
5692,4420,7,5,4,standard,5,14.633,8,True,8,40
5664,4420,7,5,4,VIP,15,5.784,5,True,14,210
6524,4421,7,5,5,economy,7,9.286,4,True,4,28
5940,4421,7,5,5,standard,12,3.643,7,True,8,96
5607,4422,7,5,6,VIP,12,5.998,6,True,14,168
5693,4423,7,5,7,standard,5,6.96,3,True,8,40
6323,4423,7,5,7,economy,5,57.42,4,True,4,20
5817,4424,7,5,8,standard,12,4.178,5,True,8,96
6439,4424,7,5,8,economy,7,18.433,1,True,4,28
6357,4425,7,5,9,economy,3,38.352,5,False,4,0
5800,4425,7,5,9,standard,5,3.281,1,True,8,40
5561,4425,7,5,9,VIP,12,3.803,3,True,14,168
6278,4426,7,5,10,standard,9,5.437,6,True,8,72
6487,4426,7,5,10,economy,3,20.018,2,False,4,0
6122,4427,7,5,11,standard,5,7.74,2,False,8,0
6625,4428,7,5,12,economy,3,20.59,8,True,4,12
5761,4429,7,5,13,standard,12,6.72,5,True,8,96
5874,4429,7,5,13,standard,12,14.003,4,True,8,96
6057,4429,7,5,13,standard,5,17.129,8,True,8,40
6134,4429,7,5,13,standard,7,4.897,8,True,8,56
5953,4430,7,5,14,standard,12,18.739,9,True,8,96
6311,4430,7,5,14,economy,5,50.708,4,False,4,0
6568,4430,7,5,14,economy,5,3.033,9,True,4,20
6489,4431,7,5,15,economy,3,20.609,1,True,4,12
5849,4431,7,5,15,standard,7,7.29,6,False,8,0
6047,4432,7,5,16,standard,7,7.029,4,False,8,0
5758,4432,7,5,16,standard,5,16.527,7,True,8,40
6664,4433,7,5,17,economy,3,14.829,2,True,4,12
6209,4434,7,5,18,standard,9,9.025,9,True,8,72
6202,4435,7,5,19,standard,9,6.918,9,False,8,0
5826,4435,7,5,19,standard,5,8.237,3,True,8,40
5795,4436,7,5,20,standard,12,4.276,2,True,8,96
5672,4437,7,5,21,VIP,12,9.807,6,True,14,168
6689,4438,7,5,22,economy,3,37.968,7,True,4,12
5947,4438,7,5,22,standard,12,5.139,4,True,8,96
6252,4438,7,5,22,standard,12,8.79,6,False,8,0
5969,4438,7,5,22,standard,12,8.567,8,True,8,96
6611,4439,7,5,23,economy,9,10.46,5,True,4,36
6526,4439,7,5,23,economy,7,22.433,4,True,4,28
6618,4440,7,6,0,economy,3,11.772,9,True,4,12
6106,4441,7,6,1,standard,9,12.668,3,True,8,72
6164,4442,7,6,2,standard,5,2.649,3,True,8,40
6348,4444,7,6,4,economy,3,29.922,9,False,4,0
5960,4445,7,6,5,standard,9,6.033,2,True,8,72
5810,4445,7,6,5,standard,5,3.724,9,True,8,40
6461,4445,7,6,5,economy,3,8.186,8,True,4,12
6498,4447,7,6,7,economy,5,10.443,9,True,4,20
6378,4448,7,6,8,economy,7,13.072,3,False,4,0
5688,4449,7,6,9,standard,7,9.14,6,True,8,56
6571,4449,7,6,9,economy,5,54.627,5,True,4,20
5850,4449,7,6,9,standard,5,10.715,7,True,8,40
5912,4449,7,6,9,standard,9,17.767,8,True,8,72
6053,4450,7,6,10,standard,12,10.169,7,True,8,96
5499,4450,7,6,10,VIP,12,4.515,3,True,14,168
5925,4451,7,6,11,standard,5,5.899,1,True,8,40
5584,4453,7,6,13,VIP,12,5.717,9,True,14,168
6052,4453,7,6,13,standard,5,3.216,8,False,8,0
5798,4453,7,6,13,standard,5,5.768,10,True,8,40
6675,4454,7,6,14,economy,5,16.985,3,False,4,0
5613,4454,7,6,14,VIP,15,0.208,7,True,14,210
5635,4455,7,6,15,VIP,15,2.744,6,True,14,210
6176,4455,7,6,15,standard,12,8.597,1,True,8,96
6201,4455,7,6,15,standard,9,8.513,3,False,8,0
6552,4456,7,6,16,economy,3,13.59,10,False,4,0
5812,4457,7,6,17,standard,5,13.438,9,True,8,40
5851,4457,7,6,17,standard,7,2.426,7,True,8,56
5962,4457,7,6,17,standard,12,2.105,1,False,8,0
5494,4458,7,6,18,VIP,12,1.175,6,True,14,168
6245,4458,7,6,18,standard,9,5.512,6,True,8,72
5700,4459,7,6,19,standard,7,12.794,10,True,8,56
6517,4459,7,6,19,economy,5,8.739,5,True,4,20
6444,4460,7,6,20,economy,5,7.917,4,True,4,20
6350,4460,7,6,20,economy,7,11.818,8,False,4,0
5522,4460,7,6,20,VIP,12,6.409,4,True,14,168
5908,4460,7,6,20,standard,7,15.116,3,True,8,56
5653,4461,7,6,21,VIP,15,11.195,9,False,14,0
5918,4461,7,6,21,standard,9,2.613,5,True,8,72
5714,4461,7,6,21,standard,7,8.695,9,True,8,56
5870,4461,7,6,21,standard,5,13.966,7,True,8,40
6283,4462,7,6,22,economy,5,28.362,10,False,4,0
5733,4462,7,6,22,standard,7,8.363,3,True,8,56
6147,4463,7,6,23,standard,7,10.371,3,False,8,0
5730,4463,7,6,23,standard,12,8.664,1,True,8,96
5636,4464,7,7,0,VIP,12,10.199,7,True,14,168
5629,4465,7,7,1,VIP,10,4.077,10,True,14,140
5789,4465,7,7,1,standard,5,9.113,5,True,8,40
5684,4465,7,7,1,standard,9,5.867,9,True,8,72
5698,4466,7,7,2,standard,12,8.821,6,True,8,96
5910,4467,7,7,3,standard,7,3.033,7,True,8,56
6185,4468,7,7,4,standard,9,3.477,10,False,8,0
6128,4469,7,7,5,standard,5,6.543,3,True,8,40
6547,4470,7,7,6,economy,7,1.067,9,True,4,28
6329,4471,7,7,7,economy,5,15.148,5,True,4,20
5973,4471,7,7,7,standard,7,12.578,5,True,8,56
6678,4471,7,7,7,economy,7,18.457,9,True,4,28
6484,4471,7,7,7,economy,5,19.758,4,False,4,0
6121,4472,7,7,8,standard,5,2.275,4,True,8,40
5813,4472,7,7,8,standard,7,41.595,6,True,8,56
6216,4472,7,7,8,standard,12,9.236,3,True,8,96
5495,4472,7,7,8,VIP,12,1.945,10,True,14,168
5631,4473,7,7,9,VIP,15,4.511,6,True,14,210
5792,4473,7,7,9,standard,9,12.837,3,True,8,72
6485,4473,7,7,9,economy,3,16.211,5,True,4,12
6280,4474,7,7,10,economy,5,10.907,5,True,4,20
6545,4474,7,7,10,economy,9,17.47,5,False,4,0
5728,4474,7,7,10,standard,7,2.597,1,True,8,56
6405,4475,7,7,11,economy,5,9.296,1,False,4,0
5612,4475,7,7,11,VIP,12,4.708,4,True,14,168
5718,4476,7,7,12,standard,5,6.891,9,True,8,40
5852,4476,7,7,12,standard,7,7.473,6,True,8,56
6046,4478,7,7,14,standard,9,6.502,1,True,8,72
6317,4479,7,7,15,economy,9,26.085,3,True,4,36
6421,4480,7,7,16,economy,7,31.804,1,False,4,0
5509,4482,7,7,18,VIP,10,13.572,8,True,14,140
6395,4482,7,7,18,economy,7,8.697,4,True,4,28
5780,4483,7,7,19,standard,12,5.645,3,True,8,96
6258,4483,7,7,19,standard,5,7.778,2,True,8,40
5990,4484,7,7,20,standard,5,24.012,9,False,8,0
5726,4485,7,7,21,standard,9,4.387,10,True,8,72
6630,4485,7,7,21,economy,5,21.967,1,True,4,20
6403,4485,7,7,21,economy,9,7.914,5,True,4,36
6666,4485,7,7,21,economy,3,7.246,3,False,4,0
6617,4486,7,7,22,economy,3,6.637,8,True,4,12
6140,4486,7,7,22,standard,12,4.565,10,True,8,96
5811,4487,7,7,23,standard,9,16.798,1,True,8,72
6379,4487,7,7,23,economy,3,11.444,3,True,4,12
6464,4487,7,7,23,economy,7,7.644,3,False,4,0
5508,4487,7,7,23,VIP,10,9.52,1,True,14,140
5665,4489,7,8,1,VIP,12,16.085,10,True,14,168
6100,4490,7,8,2,standard,9,8.305,5,True,8,72
6273,4490,7,8,2,standard,7,1.752,1,True,8,56
6299,4491,7,8,3,economy,7,29.45,3,False,4,0
6542,4491,7,8,3,economy,5,29.467,4,False,4,0
6232,4492,7,8,4,standard,9,2.854,7,True,8,72
5752,4493,7,8,5,standard,5,4.247,4,True,8,40
6380,4494,7,8,6,economy,7,5.357,4,True,4,28
6269,4496,7,8,8,standard,7,5.18,2,True,8,56
6544,4496,7,8,8,economy,5,11.719,3,True,4,20
6387,4498,7,8,10,economy,7,13.101,7,True,4,28
6334,4500,7,8,12,economy,5,13.347,1,True,4,20
6385,4500,7,8,12,economy,3,36.715,3,True,4,12
5895,4500,7,8,12,standard,7,6.989,10,True,8,56
5545,4500,7,8,12,VIP,12,8.289,4,True,14,168
6027,4500,7,8,12,standard,9,16.111,7,True,8,72
6093,4502,7,8,14,standard,7,5.564,4,True,8,56
5883,4502,7,8,14,standard,7,11.642,10,True,8,56
6266,4503,7,8,15,standard,9,5.872,5,True,8,72
6574,4503,7,8,15,economy,5,6.628,6,True,4,20
6111,4503,7,8,15,standard,9,4.653,7,True,8,72
6344,4504,7,8,16,economy,5,23.807,8,True,4,20
6262,4504,7,8,16,standard,12,10.021,9,True,8,96
5702,4504,7,8,16,standard,9,2.013,3,True,8,72
5723,4505,7,8,17,standard,9,6.096,4,True,8,72
5838,4505,7,8,17,standard,9,0.566,3,False,8,0
6346,4506,7,8,18,economy,9,15.382,4,True,4,36
6488,4506,7,8,18,economy,5,34.54,10,False,4,0
5773,4506,7,8,18,standard,7,3.286,3,True,8,56
5848,4507,7,8,19,standard,5,5.961,10,True,8,40
6450,4507,7,8,19,economy,7,13.153,2,True,4,28
5724,4507,7,8,19,standard,5,4.902,1,False,8,0
6609,4508,7,8,20,economy,7,3.055,8,True,4,28
6443,4509,7,8,21,economy,5,35.584,4,False,4,0
5598,4509,7,8,21,VIP,12,10.469,8,False,14,0
6579,4511,7,8,23,economy,9,38.638,7,False,4,0
5871,4512,7,9,0,standard,9,6.03,9,True,8,72
6596,4513,7,9,1,economy,5,29.343,9,False,4,0
6114,4513,7,9,1,standard,5,5.899,6,True,8,40
6509,4513,7,9,1,economy,7,14.081,6,False,4,0
6478,4515,7,9,3,economy,3,15.494,4,True,4,12
6342,4515,7,9,3,economy,7,19.663,10,True,4,28
6148,4515,7,9,3,standard,5,11.762,8,True,8,40
6217,4516,7,9,4,standard,7,5.01,3,True,8,56
6288,4516,7,9,4,economy,3,13.642,3,False,4,0
5695,4517,7,9,5,standard,5,7.435,3,True,8,40
5549,4518,7,9,6,VIP,12,12.982,10,True,14,168
6369,4518,7,9,6,economy,7,17.685,7,True,4,28
5822,4519,7,9,7,standard,9,1.534,4,True,8,72
6649,4519,7,9,7,economy,7,7.17,9,True,4,28
5779,4520,7,9,8,standard,7,10.576,1,True,8,56
6305,4520,7,9,8,economy,7,28.409,3,True,4,28
6549,4520,7,9,8,economy,5,27.305,4,True,4,20
6079,4520,7,9,8,standard,9,8.523,4,False,8,0
6326,4520,7,9,8,economy,7,12.775,8,True,4,28
5520,4522,7,9,10,VIP,15,7.0,5,True,14,210
5703,4522,7,9,10,standard,9,8.066,5,True,8,72
5705,4523,7,9,11,standard,7,4.141,5,True,8,56
5535,4523,7,9,11,VIP,18,12.692,7,True,14,252
5985,4523,7,9,11,standard,7,13.878,5,False,8,0
6429,4524,7,9,12,economy,3,6.534,10,False,4,0
5853,4524,7,9,12,standard,9,8.058,4,True,8,72
6592,4526,7,9,14,economy,5,21.216,10,True,4,20
6085,4526,7,9,14,standard,7,4.825,8,True,8,56
6181,4526,7,9,14,standard,12,15.187,5,True,8,96
6614,4527,7,9,15,economy,7,3.016,10,True,4,28
6179,4529,7,9,17,standard,5,15.131,4,True,8,40
5785,4530,7,9,18,standard,7,4.055,6,True,8,56
6229,4530,7,9,18,standard,7,7.098,5,True,8,56
6267,4530,7,9,18,standard,7,17.598,5,True,8,56
6572,4531,7,9,19,economy,5,66.104,4,True,4,20
6180,4532,7,9,20,standard,12,5.287,2,True,8,96
6237,4533,7,9,21,standard,9,10.362,1,True,8,72
5887,4533,7,9,21,standard,12,7.064,8,True,8,96
5889,4533,7,9,21,standard,5,9.785,4,True,8,40
6577,4535,7,9,23,economy,9,53.139,10,True,4,36
5923,4536,7,10,0,standard,5,3.397,8,True,8,40
6212,4536,7,10,0,standard,9,6.406,3,True,8,72
6607,4538,7,10,2,economy,9,9.639,8,True,4,36
6457,4538,7,10,2,economy,7,16.442,6,True,4,28
5999,4538,7,10,2,standard,9,10.085,2,True,8,72
6068,4540,7,10,4,standard,7,7.564,5,True,8,56
6682,4540,7,10,4,economy,7,33.671,8,True,4,28
6014,4541,7,10,5,standard,5,5.237,10,True,8,40
5757,4542,7,10,6,standard,5,0.491,4,True,8,40
6171,4546,7,10,10,standard,7,2.709,4,True,8,56
6562,4546,7,10,10,economy,3,27.352,10,True,4,12
5815,4547,7,10,11,standard,5,1.912,8,True,8,40
6035,4547,7,10,11,standard,9,14.479,8,True,8,72
5677,4549,7,10,13,VIP,15,8.112,10,True,14,210
5980,4550,7,10,14,standard,9,5.548,7,True,8,72
6279,4551,7,10,15,economy,5,7.88,6,True,4,20
6644,4552,7,10,16,economy,5,10.792,1,False,4,0
6680,4552,7,10,16,economy,3,24.085,3,True,4,12
5492,4552,7,10,16,VIP,15,3.465,9,True,14,210
5725,4554,7,10,18,standard,9,5.035,4,True,8,72
6103,4554,7,10,18,standard,9,8.199,5,True,8,72
6469,4555,7,10,19,economy,7,14.339,4,True,4,28
5506,4555,7,10,19,VIP,18,1.118,9,True,14,252
6196,4555,7,10,19,standard,7,3.532,3,True,8,56
6594,4556,7,10,20,economy,7,17.454,10,True,4,28
5667,4556,7,10,20,VIP,15,1.264,6,True,14,210
5618,4556,7,10,20,VIP,15,4.702,10,True,14,210
6665,4556,7,10,20,economy,7,46.835,4,True,4,28
6513,4557,7,10,21,economy,7,62.371,1,True,4,28
5687,4557,7,10,21,standard,9,6.656,7,True,8,72
5894,4558,7,10,22,standard,5,15.949,1,True,8,40
5732,4558,7,10,22,standard,7,2.161,10,True,8,56
6332,4558,7,10,22,economy,5,7.733,2,False,4,0
5892,4559,7,10,23,standard,9,14.414,10,True,8,72
5539,4559,7,10,23,VIP,10,0.922,2,True,14,140
5704,4560,7,11,0,standard,12,8.444,8,True,8,96
6041,4560,7,11,0,standard,7,11.64,2,True,8,56
6255,4562,7,11,2,standard,7,5.625,3,True,8,56
6064,4562,7,11,2,standard,9,10.089,7,True,8,72
6319,4563,7,11,3,economy,5,10.929,8,True,4,20
6590,4563,7,11,3,economy,7,25.537,9,False,4,0
6647,4564,7,11,4,economy,5,46.481,9,True,4,20
6018,4565,7,11,5,standard,7,2.168,7,True,8,56
6298,4565,7,11,5,economy,5,15.865,2,True,4,20
5678,4565,7,11,5,VIP,15,6.954,5,True,14,210
6365,4568,7,11,8,economy,7,14.092,4,True,4,28
6640,4569,7,11,9,economy,7,8.841,6,True,4,28
6151,4571,7,11,11,standard,9,6.438,4,True,8,72
6206,4571,7,11,11,standard,9,5.416,8,True,8,72
6345,4572,7,11,12,economy,3,27.412,8,False,4,0
5755,4573,7,11,13,standard,5,4.139,2,True,8,40
5934,4574,7,11,14,standard,7,4.328,4,True,8,56
6313,4574,7,11,14,economy,3,27.32,3,True,4,12
5854,4575,7,11,15,standard,5,10.347,6,True,8,40
6639,4575,7,11,15,economy,3,0.825,10,True,4,12
6149,4575,7,11,15,standard,9,7.505,3,True,8,72
6671,4575,7,11,15,economy,3,33.915,9,False,4,0
5493,4575,7,11,15,VIP,15,4.482,10,False,14,0
5676,4578,7,11,18,VIP,10,8.81,6,True,14,140
5933,4579,7,11,19,standard,5,3.672,2,True,8,40
5518,4579,7,11,19,VIP,15,12.919,9,True,14,210
5617,4579,7,11,19,VIP,10,3.649,7,True,14,140
5941,4580,7,11,20,standard,7,4.093,5,True,8,56
6438,4580,7,11,20,economy,5,16.855,10,False,4,0
6645,4580,7,11,20,economy,7,19.959,8,True,4,28
6307,4581,7,11,21,economy,3,19.283,6,True,4,12
6312,4581,7,11,21,economy,3,41.527,8,True,4,12
5997,4582,7,11,22,standard,7,4.114,7,True,8,56
6434,4582,7,11,22,economy,3,6.935,5,True,4,12
5982,4582,7,11,22,standard,5,24.23,7,True,8,40
5897,4582,7,11,22,standard,7,4.472,9,True,8,56
6660,4583,7,11,23,economy,5,59.519,3,True,4,20
5846,4583,7,11,23,standard,7,5.857,3,True,8,56
5825,4583,7,11,23,standard,5,1.545,8,True,8,40
5739,4584,7,12,0,standard,5,4.859,5,True,8,40
6569,4584,7,12,0,economy,5,11.424,5,True,4,20
5669,4585,7,12,1,VIP,12,5.098,2,True,14,168
6276,4586,7,12,2,standard,5,5.276,8,True,8,40
6214,4586,7,12,2,standard,7,9.869,2,True,8,56
6034,4587,7,12,3,standard,9,4.985,6,True,8,72
6628,4587,7,12,3,economy,7,10.96,3,True,4,28
6054,4588,7,12,4,standard,7,2.451,2,True,8,56
6129,4588,7,12,4,standard,7,8.346,10,True,8,56
6021,4589,7,12,5,standard,9,39.112,10,True,8,72
5659,4590,7,12,6,VIP,15,5.043,9,True,14,210
6146,4590,7,12,6,standard,12,1.534,3,True,8,96
5543,4591,7,12,7,VIP,12,2.394,6,True,14,168
6190,4591,7,12,7,standard,5,5.232,2,False,8,0
6338,4591,7,12,7,economy,3,5.034,1,True,4,12
6094,4591,7,12,7,standard,9,11.728,2,True,8,72
6430,4592,7,12,8,economy,9,6.015,10,True,4,36
5968,4592,7,12,8,standard,12,4.678,10,True,8,96
5563,4593,7,12,9,VIP,10,8.764,8,True,14,140
6466,4593,7,12,9,economy,3,17.825,2,True,4,12
5881,4593,7,12,9,standard,7,10.062,5,True,8,56
6411,4593,7,12,9,economy,3,30.776,5,True,4,12
5878,4594,7,12,10,standard,9,7.11,10,True,8,72
6235,4595,7,12,11,standard,5,16.101,1,True,8,40
5614,4595,7,12,11,VIP,12,20.372,5,True,14,168
5570,4595,7,12,11,VIP,12,8.537,7,True,14,168
5776,4597,7,12,13,standard,9,6.965,6,True,8,72
5627,4598,7,12,14,VIP,15,2.669,5,True,14,210
6390,4598,7,12,14,economy,3,0.696,9,True,4,12
6377,4598,7,12,14,economy,3,10.226,1,True,4,12
5884,4599,7,12,15,standard,5,15.113,4,True,8,40
6187,4599,7,12,15,standard,12,10.223,10,True,8,96
6396,4602,7,12,18,economy,7,6.735,1,False,4,0
6583,4602,7,12,18,economy,5,15.278,7,True,4,20
6358,4602,7,12,18,economy,5,15.976,5,True,4,20
6388,4602,7,12,18,economy,9,19.98,9,True,4,36
5582,4603,7,12,19,VIP,15,5.372,7,True,14,210
5911,4604,7,12,20,standard,12,12.148,9,True,8,96
6663,4604,7,12,20,economy,3,18.747,10,True,4,12
5967,4605,7,12,21,standard,12,7.594,1,True,8,96
6161,4606,7,12,22,standard,5,7.167,2,False,8,0
6433,4606,7,12,22,economy,3,7.969,1,True,4,12
5845,4607,7,12,23,standard,7,6.165,2,True,8,56
5991,4607,7,12,23,standard,12,9.578,9,True,8,96
6223,4607,7,12,23,standard,9,12.211,6,True,8,72
6604,4609,7,13,1,economy,5,7.29,5,True,4,20
6452,4612,7,13,4,economy,5,5.012,10,True,4,20
6264,4612,7,13,4,standard,9,11.374,1,True,8,72
5683,4613,7,13,5,standard,7,15.146,3,True,8,56
6065,4613,7,13,5,standard,5,6.128,8,False,8,0
6136,4614,7,13,6,standard,12,6.342,5,False,8,0
5580,4614,7,13,6,VIP,15,0.867,6,True,14,210
5689,4615,7,13,7,standard,7,11.514,3,True,8,56
5633,4615,7,13,7,VIP,10,7.163,10,True,14,140
6003,4616,7,13,8,standard,12,10.521,6,True,8,96
6585,4616,7,13,8,economy,5,14.354,5,True,4,20
5820,4617,7,13,9,standard,5,8.055,10,False,8,0
5512,4617,7,13,9,VIP,12,7.455,10,True,14,168
5657,4620,7,13,12,VIP,18,3.675,8,True,14,252
6397,4620,7,13,12,economy,3,37.989,6,True,4,12
5666,4620,7,13,12,VIP,12,4.9,9,True,14,168
5882,4622,7,13,14,standard,7,11.754,9,True,8,56
6272,4622,7,13,14,standard,7,0.967,2,True,8,56
6523,4623,7,13,15,economy,3,6.979,8,False,4,0
6508,4623,7,13,15,economy,3,47.377,3,True,4,12
5654,4623,7,13,15,VIP,15,10.759,10,True,14,210
5571,4623,7,13,15,VIP,12,7.796,3,True,14,168
6599,4623,7,13,15,economy,3,36.607,7,True,4,12
6080,4624,7,13,16,standard,5,1.918,2,True,8,40
5891,4626,7,13,18,standard,7,0.953,8,True,8,56
6213,4626,7,13,18,standard,7,8.098,5,True,8,56
5831,4627,7,13,19,standard,7,0.941,7,True,8,56
5544,4627,7,13,19,VIP,12,13.021,6,True,14,168
5593,4627,7,13,19,VIP,10,2.983,3,True,14,140
6578,4630,7,13,22,economy,7,19.911,10,False,4,0
5642,4631,7,13,23,VIP,12,4.246,7,True,14,168
6327,4632,7,14,0,economy,9,38.739,2,True,4,36
5610,4632,7,14,0,VIP,12,6.736,10,True,14,168
6566,4632,7,14,0,economy,5,18.273,8,True,4,20
5788,4632,7,14,0,standard,7,19.444,1,False,8,0
6205,4633,7,14,1,standard,5,7.243,7,True,8,40
6374,4633,7,14,1,economy,5,20.717,4,True,4,20
6676,4634,7,14,2,economy,7,26.047,2,True,4,28
5694,4634,7,14,2,standard,5,10.063,1,True,8,40
6112,4635,7,14,3,standard,7,2.768,10,True,8,56
5599,4635,7,14,3,VIP,15,1.759,7,True,14,210
6032,4636,7,14,4,standard,7,10.227,2,True,8,56
6008,4636,7,14,4,standard,5,4.809,8,True,8,40
5523,4636,7,14,4,VIP,12,7.609,10,True,14,168
5660,4638,7,14,6,VIP,15,1.673,7,True,14,210
6504,4638,7,14,6,economy,9,7.974,8,True,4,36
6225,4638,7,14,6,standard,12,16.135,5,True,8,96
6694,4639,7,14,7,economy,3,8.569,2,True,4,12
6287,4639,7,14,7,economy,5,15.255,10,True,4,20
6152,4639,7,14,7,standard,7,2.651,4,True,8,56
6270,4640,7,14,8,standard,7,1.711,4,True,8,56
5931,4641,7,14,9,standard,9,19.142,5,True,8,72
6516,4641,7,14,9,economy,7,57.989,2,False,4,0
6142,4642,7,14,10,standard,5,2.246,9,True,8,40
6031,4642,7,14,10,standard,7,0.967,1,True,8,56
5764,4643,7,14,11,standard,7,7.859,3,True,8,56
5737,4643,7,14,11,standard,7,7.336,3,True,8,56
6074,4644,7,14,12,standard,7,5.377,8,True,8,56
5699,4646,7,14,14,standard,7,4.057,9,True,8,56
6133,4646,7,14,14,standard,9,5.818,8,False,8,0
6124,4647,7,14,15,standard,5,7.499,6,True,8,40
6240,4648,7,14,16,standard,12,2.054,5,True,8,96
5741,4649,7,14,17,standard,9,17.052,10,True,8,72
5533,4650,7,14,18,VIP,15,1.372,5,True,14,210
6531,4651,7,14,19,economy,7,11.176,4,True,4,28
6401,4651,7,14,19,economy,7,18.35,10,True,4,28
6638,4651,7,14,19,economy,7,28.801,2,True,4,28
5977,4653,7,14,21,standard,9,8.821,8,True,8,72
5859,4654,7,14,22,standard,5,1.06,5,True,8,40
5691,4654,7,14,22,standard,7,13.346,6,True,8,56
6297,4654,7,14,22,economy,3,32.213,3,True,4,12
6543,4654,7,14,22,economy,3,21.081,7,False,4,0
5588,4655,7,14,23,VIP,10,9.534,6,True,14,140
6540,4655,7,14,23,economy,3,16.347,8,True,4,12
6138,4656,7,15,0,standard,5,2.873,8,True,8,40
5952,4656,7,15,0,standard,7,12.732,6,True,8,56
5864,4657,7,15,1,standard,9,14.812,4,True,8,72
5566,4658,7,15,2,VIP,12,0.715,3,True,14,168
5992,4658,7,15,2,standard,5,12.043,1,True,8,40
6383,4658,7,15,2,economy,7,3.182,6,True,4,28
6375,4659,7,15,3,economy,9,53.555,5,True,4,36
5782,4660,7,15,4,standard,12,14.13,8,True,8,96
5957,4660,7,15,4,standard,7,4.523,4,False,8,0
5719,4660,7,15,4,standard,7,8.207,6,True,8,56
5496,4661,7,15,5,VIP,15,2.433,5,True,14,210
6595,4661,7,15,5,economy,9,28.896,9,True,4,36
5783,4661,7,15,5,standard,5,3.625,4,True,8,40
6522,4662,7,15,6,economy,7,3.978,3,True,4,28
6446,4664,7,15,8,economy,5,26.453,1,True,4,20
6086,4664,7,15,8,standard,12,7.936,10,True,8,96
5641,4664,7,15,8,VIP,10,2.276,5,False,14,0
6480,4664,7,15,8,economy,9,23.261,1,True,4,36
5861,4665,7,15,9,standard,12,10.722,2,False,8,0
5903,4665,7,15,9,standard,9,12.644,8,False,8,0
6520,4666,7,15,10,economy,5,4.089,8,True,4,20
5647,4666,7,15,10,VIP,15,13.804,7,True,14,210
6282,4668,7,15,12,economy,5,9.438,10,False,4,0
6465,4669,7,15,13,economy,9,9.495,3,True,4,36
6126,4669,7,15,13,standard,5,1.69,9,True,8,40
6496,4669,7,15,13,economy,3,9.628,2,True,4,12
5966,4669,7,15,13,standard,5,15.086,8,True,8,40
5511,4669,7,15,13,VIP,12,0.198,1,True,14,168
5926,4671,7,15,15,standard,7,10.251,5,False,8,0
6634,4671,7,15,15,economy,5,11.633,2,False,4,0
6173,4671,7,15,15,standard,7,16.985,9,True,8,56
6363,4671,7,15,15,economy,3,7.219,9,True,4,12
6556,4672,7,15,16,economy,5,14.631,3,True,4,20
6601,4672,7,15,16,economy,3,24.122,2,True,4,12
5978,4672,7,15,16,standard,9,5.721,3,True,8,72
5554,4675,7,15,19,VIP,12,7.002,8,True,14,168
6049,4676,7,15,20,standard,5,11.039,2,True,8,40
6284,4676,7,15,20,economy,5,47.103,2,False,4,0
6163,4677,7,15,21,standard,5,9.227,5,True,8,40
5668,4678,7,15,22,VIP,15,3.962,9,False,14,0
6468,4678,7,15,22,economy,3,8.33,9,True,4,12
5655,4678,7,15,22,VIP,15,2.956,6,True,14,210
6445,4678,7,15,22,economy,7,9.379,2,True,4,28
5993,4678,7,15,22,standard,7,11.749,6,True,8,56
6502,4679,7,15,23,economy,5,5.13,9,True,4,20
5770,4679,7,15,23,standard,7,6.875,6,True,8,56
5906,4680,7,16,0,standard,7,1.259,2,False,8,0
5744,4682,7,16,2,standard,7,23.534,8,True,8,56
6055,4684,7,16,4,standard,9,2.465,2,False,8,0
6228,4684,7,16,4,standard,7,2.718,2,True,8,56
5514,4684,7,16,4,VIP,15,15.263,8,True,14,210
5722,4685,7,16,5,standard,7,19.158,4,True,8,56
6656,4686,7,16,6,economy,5,17.359,3,True,4,20
5706,4686,7,16,6,standard,12,16.751,3,True,8,96
6001,4686,7,16,6,standard,7,5.123,8,True,8,56
6226,4688,7,16,8,standard,7,4.974,2,True,8,56
6005,4688,7,16,8,standard,7,10.836,8,True,8,56
6120,4690,7,16,10,standard,9,9.889,4,True,8,72
5879,4691,7,16,11,standard,9,4.472,6,False,8,0
5914,4691,7,16,11,standard,9,11.147,3,False,8,0
6352,4692,7,16,12,economy,5,14.392,10,False,4,0
6605,4692,7,16,12,economy,5,16.471,8,True,4,20
5747,4692,7,16,12,standard,5,14.554,5,False,8,0
6539,4692,7,16,12,economy,3,31.87,3,True,4,12
6139,4692,7,16,12,standard,5,3.056,9,True,8,40
6189,4692,7,16,12,standard,5,20.772,3,True,8,40
6677,4694,7,16,14,economy,7,4.417,1,True,4,28
6431,4695,7,16,15,economy,5,16.034,2,True,4,20
5638,4695,7,16,15,VIP,12,5.675,7,True,14,168
6558,4696,7,16,16,economy,5,9.315,2,True,4,20
5868,4696,7,16,16,standard,7,7.576,2,True,8,56
6673,4696,7,16,16,economy,5,78.584,7,False,4,0
5562,4697,7,16,17,VIP,15,10.919,6,True,14,210
5746,4697,7,16,17,standard,7,12.53,3,True,8,56
5497,4699,7,16,19,VIP,12,8.693,2,True,14,168
6505,4699,7,16,19,economy,3,32.736,9,True,4,12
6559,4700,7,16,20,economy,5,11.431,9,True,4,20
6249,4700,7,16,20,standard,12,9.793,4,True,8,96
6449,4700,7,16,20,economy,3,36.316,1,False,4,0
6535,4700,7,16,20,economy,7,88.659,4,False,4,0
5768,4700,7,16,20,standard,9,7.858,10,True,8,72
5501,4701,7,16,21,VIP,15,3.611,8,True,14,210
5615,4702,7,16,22,VIP,12,9.031,2,True,14,168
6167,4702,7,16,22,standard,12,12.029,6,True,8,96
6580,4704,7,17,0,economy,3,5.85,1,False,4,0
6576,4705,7,17,1,economy,7,40.859,1,True,4,28
5690,4705,7,17,1,standard,12,14.487,10,True,8,96
6381,4705,7,17,1,economy,9,7.616,10,True,4,36
6373,4705,7,17,1,economy,5,28.678,8,True,4,20
6166,4705,7,17,1,standard,9,0.658,9,True,8,72
5975,4706,7,17,2,standard,5,3.918,6,False,8,0
6220,4707,7,17,3,standard,7,8.276,4,True,8,56
6242,4709,7,17,5,standard,7,1.493,9,True,8,56
5981,4709,7,17,5,standard,12,11.672,5,False,8,0
5839,4710,7,17,6,standard,7,5.29,6,True,8,56
6153,4710,7,17,6,standard,5,7.71,3,True,8,40
6072,4711,7,17,7,standard,5,16.238,1,False,8,0
5948,4712,7,17,8,standard,9,5.962,3,True,8,72
5673,4713,7,17,9,VIP,12,17.707,10,True,14,168
6042,4716,7,17,12,standard,5,14.916,8,True,8,40
6687,4717,7,17,13,economy,7,56.937,9,True,4,28
6560,4717,7,17,13,economy,5,33.327,7,True,4,20
5550,4717,7,17,13,VIP,12,4.039,1,True,14,168
5538,4718,7,17,14,VIP,18,4.544,7,True,14,252
6247,4718,7,17,14,standard,7,6.01,7,False,8,0
6690,4719,7,17,15,economy,3,7.833,2,True,4,12
5734,4720,7,17,16,standard,12,9.608,3,True,8,96
6159,4721,7,17,17,standard,7,6.582,10,True,8,56
5837,4722,7,17,18,standard,7,2.892,6,True,8,56
5781,4723,7,17,19,standard,5,29.877,7,True,8,40
6415,4725,7,17,21,economy,5,17.008,9,True,4,20
6250,4726,7,17,22,standard,7,4.529,2,False,8,0
5656,4727,7,17,23,VIP,12,5.74,7,True,14,168
6089,4728,7,18,0,standard,7,18.62,1,True,8,56
5503,4728,7,18,0,VIP,12,14.9,4,True,14,168
5766,4728,7,18,0,standard,7,7.578,3,True,8,56
6231,4728,7,18,0,standard,7,19.093,8,True,8,56
6359,4729,7,18,1,economy,7,25.878,3,True,4,28
6393,4730,7,18,2,economy,9,10.897,2,True,4,36
6627,4731,7,18,3,economy,5,13.454,7,True,4,20
5805,4732,7,18,4,standard,9,24.326,2,True,8,72
6453,4732,7,18,4,economy,7,18.338,5,False,4,0
5951,4733,7,18,5,standard,12,6.558,3,True,8,96
5842,4735,7,18,7,standard,7,0.445,2,True,8,56
5590,4735,7,18,7,VIP,10,5.669,2,True,14,140
6248,4736,7,18,8,standard,7,8.307,7,False,8,0
6475,4737,7,18,9,economy,7,25.483,3,True,4,28
6532,4737,7,18,9,economy,3,11.29,7,True,4,12
6635,4739,7,18,11,economy,7,9.723,8,False,4,0
6314,4739,7,18,11,economy,5,5.647,10,True,4,20
6354,4739,7,18,11,economy,3,10.132,6,True,4,12
6636,4740,7,18,12,economy,5,4.548,5,True,4,20
5634,4741,7,18,13,VIP,12,7.634,7,True,14,168
6107,4741,7,18,13,standard,9,25.581,10,True,8,72
6679,4742,7,18,14,economy,3,13.315,2,True,4,12
5919,4743,7,18,15,standard,7,4.801,9,True,8,56
6641,4744,7,18,16,economy,5,52.015,4,True,4,20
6424,4744,7,18,16,economy,7,36.193,4,False,4,0
6304,4744,7,18,16,economy,7,28.205,9,True,4,28
5915,4745,7,18,17,standard,12,5.185,9,True,8,96
5713,4746,7,18,18,standard,9,14.7,4,True,8,72
6033,4747,7,18,19,standard,7,4.15,4,True,8,56
6066,4747,7,18,19,standard,5,21.458,8,True,8,40
6170,4748,7,18,20,standard,5,13.837,8,True,8,40
6203,4748,7,18,20,standard,7,10.436,1,True,8,56
6553,4749,7,18,21,economy,3,6.792,1,True,4,12
6178,4749,7,18,21,standard,12,3.07,1,False,8,0
6022,4749,7,18,21,standard,12,13.969,10,True,8,96
5794,4749,7,18,21,standard,5,13.173,1,True,8,40
6633,4752,7,19,0,economy,7,7.074,6,True,4,28
5671,4752,7,19,0,VIP,18,7.534,9,True,14,252
6328,4753,7,19,1,economy,9,11.618,7,False,4,0
5569,4753,7,19,1,VIP,12,6.664,10,True,14,168
6501,4754,7,19,2,economy,5,23.467,1,False,4,0
5748,4756,7,19,4,standard,12,2.31,2,True,8,96
6472,4756,7,19,4,economy,3,59.755,5,True,4,12
6423,4760,7,19,8,economy,5,6.782,10,True,4,20
6477,4760,7,19,8,economy,5,35.663,4,True,4,20
6662,4760,7,19,8,economy,5,2.07,7,True,4,20
5929,4761,7,19,9,standard,7,5.767,8,True,8,56
6012,4761,7,19,9,standard,9,8.892,5,True,8,72
5701,4761,7,19,9,standard,9,7.487,4,False,8,0
5645,4762,7,19,10,VIP,15,12.099,7,True,14,210
6412,4762,7,19,10,economy,3,24.623,6,False,4,0
5589,4766,7,19,14,VIP,12,7.388,8,True,14,168
6691,4766,7,19,14,economy,3,15.585,4,True,4,12
6536,4766,7,19,14,economy,5,29.698,9,True,4,20
5663,4769,7,19,17,VIP,10,3.421,7,True,14,140
6668,4769,7,19,17,economy,3,26.558,6,True,4,12
6040,4770,7,19,18,standard,7,4.64,9,True,8,56
5807,4771,7,19,19,standard,5,6.292,3,True,8,40
6606,4771,7,19,19,economy,5,22.215,5,True,4,20
5987,4772,7,19,20,standard,5,5.484,2,True,8,40
6481,4773,7,19,21,economy,7,8.055,3,False,4,0
5872,4774,7,19,22,standard,9,7.095,9,True,8,72
6581,4774,7,19,22,economy,5,8.23,4,True,4,20
6479,4775,7,19,23,economy,9,13.559,7,True,4,36
6555,4775,7,19,23,economy,3,12.636,3,False,4,0
6355,4775,7,19,23,economy,3,5.544,9,True,4,12
6263,4776,7,20,0,standard,5,9.473,3,True,8,40
5828,4777,7,20,1,standard,7,21.785,8,True,8,56
6333,4778,7,20,2,economy,7,27.316,4,True,4,28
6407,4778,7,20,2,economy,7,17.284,3,False,4,0
6019,4779,7,20,3,standard,7,6.896,2,True,8,56
6674,4780,7,20,4,economy,5,17.295,10,True,4,20
6570,4780,7,20,4,economy,5,9.939,9,True,4,20
6006,4780,7,20,4,standard,7,4.516,10,True,8,56
5869,4781,7,20,5,standard,7,5.377,1,True,8,56
5628,4782,7,20,6,VIP,15,2.561,9,True,14,210
6259,4782,7,20,6,standard,5,17.791,3,True,8,40
6376,4783,7,20,7,economy,5,3.425,2,True,4,20
5847,4784,7,20,8,standard,9,4.551,4,True,8,72
6386,4785,7,20,9,economy,5,39.989,8,True,4,20
5519,4785,7,20,9,VIP,12,10.53,1,True,14,168
5565,4785,7,20,9,VIP,12,2.385,6,True,14,168
6435,4785,7,20,9,economy,7,11.526,9,False,4,0
6473,4785,7,20,9,economy,5,22.005,1,True,4,20
6109,4786,7,20,10,standard,7,6.78,3,True,8,56
6462,4786,7,20,10,economy,5,44.736,4,False,4,0
6610,4787,7,20,11,economy,7,32.02,9,True,4,28
6071,4788,7,20,12,standard,7,3.501,8,True,8,56
5873,4788,7,20,12,standard,7,1.819,1,True,8,56
6075,4789,7,20,13,standard,7,2.737,4,True,8,56
5540,4789,7,20,13,VIP,12,4.423,8,True,14,168
6260,4789,7,20,13,standard,9,7.075,5,True,8,72
5821,4789,7,20,13,standard,7,5.981,1,False,8,0
6059,4790,7,20,14,standard,7,23.759,1,True,8,56
5622,4790,7,20,14,VIP,10,9.384,7,True,14,140
5801,4790,7,20,14,standard,12,2.272,1,True,8,96
6063,4790,7,20,14,standard,5,11.957,6,True,8,40
6470,4791,7,20,15,economy,5,4.571,5,True,4,20
5560,4792,7,20,16,VIP,18,3.12,9,True,14,252
6221,4793,7,20,17,standard,7,19.136,7,True,8,56
6616,4793,7,20,17,economy,9,19.728,2,True,4,36
6519,4793,7,20,17,economy,3,11.754,7,True,4,12
6039,4793,7,20,17,standard,9,0.996,2,True,8,72
5648,4794,7,20,18,VIP,15,13.978,8,True,14,210
6198,4794,7,20,18,standard,5,5.116,10,True,8,40
6246,4794,7,20,18,standard,12,20.397,5,True,8,96
5936,4796,7,20,20,standard,7,13.078,2,True,8,56
6341,4797,7,20,21,economy,5,2.434,7,False,4,0
5661,4797,7,20,21,VIP,15,2.442,7,True,14,210
6200,4797,7,20,21,standard,12,9.198,3,False,8,0
5900,4797,7,20,21,standard,5,4.882,7,True,8,40
6108,4798,7,20,22,standard,7,11.718,1,True,8,56
6419,4798,7,20,22,economy,3,24.841,3,True,4,12
6389,4798,7,20,22,economy,9,18.379,9,True,4,36
6575,4799,7,20,23,economy,5,1.729,4,True,4,20
6565,4799,7,20,23,economy,5,21.061,8,True,4,20
5555,4799,7,20,23,VIP,15,10.803,10,True,14,210
6325,4800,7,21,0,economy,3,12.045,6,True,4,12
5867,4800,7,21,0,standard,7,4.991,9,True,8,56
6113,4801,7,21,1,standard,7,2.549,2,True,8,56
6631,4801,7,21,1,economy,5,6.425,10,True,4,20
5955,4801,7,21,1,standard,5,19.822,8,True,8,40
6335,4801,7,21,1,economy,3,17.271,10,True,4,12
6441,4802,7,21,2,economy,9,18.474,3,False,4,0
6016,4803,7,21,3,standard,5,8.153,5,True,8,40
6020,4803,7,21,3,standard,7,7.101,6,True,8,56
6394,4804,7,21,4,economy,9,11.549,4,False,4,0
6422,4804,7,21,4,economy,5,64.079,6,True,4,20
5875,4804,7,21,4,standard,7,12.23,6,False,8,0
5577,4805,7,21,5,VIP,18,1.884,10,True,14,252
5498,4805,7,21,5,VIP,10,6.007,3,True,14,140
6648,4805,7,21,5,economy,7,4.578,6,True,4,28
5896,4806,7,21,6,standard,7,4.511,5,True,8,56
6050,4806,7,21,6,standard,9,19.395,8,True,8,72
5513,4806,7,21,6,VIP,12,8.457,8,True,14,168
6070,4807,7,21,7,standard,12,7.852,6,True,8,96
5591,4807,7,21,7,VIP,10,5.846,10,True,14,140
5902,4807,7,21,7,standard,9,2.572,3,True,8,72
6243,4807,7,21,7,standard,12,30.962,6,True,8,96
6188,4808,7,21,8,standard,7,2.019,9,True,8,56
6418,4808,7,21,8,economy,3,12.35,4,True,4,12
5521,4808,7,21,8,VIP,12,10.142,8,True,14,168
6157,4809,7,21,9,standard,9,4.159,2,True,8,72
5893,4810,7,21,10,standard,5,1.496,6,True,8,40
6077,4810,7,21,10,standard,5,10.905,6,True,8,40
6343,4811,7,21,11,economy,3,33.763,1,True,4,12
5886,4812,7,21,12,standard,7,4.86,5,True,8,56
5731,4812,7,21,12,standard,9,19.291,9,True,8,72
5806,4812,7,21,12,standard,9,3.043,5,True,8,72
6241,4812,7,21,12,standard,7,11.725,4,True,8,56
6637,4813,7,21,13,economy,5,11.5,10,True,4,20
6011,4813,7,21,13,standard,7,24.115,8,True,8,56
5620,4813,7,21,13,VIP,10,0.349,1,True,14,140
6336,4814,7,21,14,economy,3,34.517,9,True,4,12
5775,4814,7,21,14,standard,5,2.875,4,True,8,40
6646,4814,7,21,14,economy,3,8.368,3,True,4,12
6693,4815,7,21,15,economy,3,16.187,9,True,4,12
5696,4815,7,21,15,standard,5,6.413,7,True,8,40
5745,4815,7,21,15,standard,7,7.019,5,True,8,56
5711,4815,7,21,15,standard,12,7.263,3,True,8,96
6302,4815,7,21,15,economy,5,14.964,3,False,4,0
5909,4816,7,21,16,standard,9,9.541,3,True,8,72
6503,4816,7,21,16,economy,3,14.603,6,False,4,0
6292,4817,7,21,17,economy,5,63.064,4,False,4,0
6238,4818,7,21,18,standard,7,18.421,4,True,8,56
6600,4818,7,21,18,economy,3,2.615,6,False,4,0
6295,4819,7,21,19,economy,3,15.551,9,True,4,12
6557,4819,7,21,19,economy,7,8.421,6,True,4,28
5606,4820,7,21,20,VIP,18,11.497,10,True,14,252
5843,4821,7,21,21,standard,9,3.735,2,True,8,72
5961,4822,7,21,22,standard,5,7.812,6,True,8,40
6482,4824,7,22,0,economy,5,24.767,2,True,4,20
6211,4824,7,22,0,standard,7,14.582,3,True,8,56
6657,4824,7,22,0,economy,9,21.351,8,False,4,0
6092,4825,7,22,1,standard,7,3.048,8,True,8,56
6339,4826,7,22,2,economy,5,5.064,2,True,4,20
6652,4826,7,22,2,economy,3,2.538,10,True,4,12
5537,4827,7,22,3,VIP,15,8.292,9,True,14,210
6155,4827,7,22,3,standard,9,3.301,7,True,8,72
5802,4827,7,22,3,standard,5,10.842,9,True,8,40
6028,4828,7,22,4,standard,9,7.117,1,True,8,72
6141,4828,7,22,4,standard,9,5.494,4,True,8,72
5803,4829,7,22,5,standard,5,11.545,1,True,8,40
5600,4830,7,22,6,VIP,10,2.381,7,True,14,140
6215,4830,7,22,6,standard,7,17.087,2,True,8,56
6586,4830,7,22,6,economy,5,18.229,5,True,4,20
6081,4831,7,22,7,standard,5,3.314,2,True,8,40
5899,4831,7,22,7,standard,5,7.184,1,True,8,40
5898,4831,7,22,7,standard,9,4.95,8,True,8,72
6145,4833,7,22,9,standard,7,9.158,2,True,8,56
5637,4834,7,22,10,VIP,15,1.594,6,True,14,210
5858,4834,7,22,10,standard,7,14.19,6,True,8,56
5609,4835,7,22,11,VIP,12,8.083,6,True,14,168
6088,4836,7,22,12,standard,12,13.606,1,True,8,96
5816,4838,7,22,14,standard,5,7.588,4,True,8,40
6642,4838,7,22,14,economy,7,32.199,6,True,4,28
6030,4839,7,22,15,standard,7,7.903,9,True,8,56
6567,4840,7,22,16,economy,5,57.526,4,True,4,20
6150,4840,7,22,16,standard,9,6.185,3,True,8,72
5735,4840,7,22,16,standard,7,2.739,4,True,8,56
6000,4840,7,22,16,standard,5,4.243,9,True,8,40
6067,4841,7,22,17,standard,5,16.88,4,True,8,40
6530,4841,7,22,17,economy,5,32.071,7,True,4,20
5835,4842,7,22,18,standard,5,5.074,10,True,8,40
5793,4843,7,22,19,standard,9,11.904,2,True,8,72
6174,4844,7,22,20,standard,7,9.943,8,False,8,0
5564,4846,7,22,22,VIP,15,8.082,5,True,14,210
6591,4846,7,22,22,economy,3,18.322,8,True,4,12
5611,4847,7,22,23,VIP,15,1.247,8,True,14,210
6097,4847,7,22,23,standard,9,6.058,9,True,8,72
5791,4849,7,23,1,standard,9,3.979,10,True,8,72
6130,4849,7,23,1,standard,7,7.66,6,True,8,56
6306,4850,7,23,2,economy,7,7.802,3,True,4,28
5935,4850,7,23,2,standard,9,6.384,1,True,8,72
6588,4851,7,23,3,economy,5,16.91,6,False,4,0
6564,4851,7,23,3,economy,5,8.961,3,True,4,20
5536,4852,7,23,4,VIP,18,4.769,8,True,14,252
6528,4852,7,23,4,economy,5,23.99,10,True,4,20
5932,4853,7,23,5,standard,12,3.69,10,True,8,96
6527,4855,7,23,7,economy,5,16.451,4,True,4,20
6448,4855,7,23,7,economy,5,1.156,1,True,4,20
6622,4856,7,23,8,economy,5,28.916,2,False,4,0
5916,4856,7,23,8,standard,12,51.252,10,True,8,96
5715,4857,7,23,9,standard,7,7.476,2,True,8,56
5976,4858,7,23,10,standard,5,13.612,3,True,8,40
6199,4858,7,23,10,standard,7,21.355,9,False,8,0
6175,4858,7,23,10,standard,7,2.406,9,True,8,56
6224,4858,7,23,10,standard,9,8.628,10,False,8,0
6494,4859,7,23,11,economy,5,8.641,3,True,4,20
5772,4859,7,23,11,standard,7,7.099,5,True,8,56
5697,4860,7,23,12,standard,7,6.578,10,True,8,56
6432,4860,7,23,12,economy,3,41.424,10,True,4,12
5877,4861,7,23,13,standard,7,23.625,6,True,8,56
5834,4862,7,23,14,standard,5,15.498,10,True,8,40
6038,4862,7,23,14,standard,5,13.169,2,True,8,40
6451,4862,7,23,14,economy,5,5.461,10,True,4,20
6408,4863,7,23,15,economy,3,8.399,8,True,4,12
6045,4864,7,23,16,standard,7,20.268,4,True,8,56
5939,4864,7,23,16,standard,5,3.864,3,True,8,40
5796,4865,7,23,17,standard,9,30.216,9,True,8,72
6349,4866,7,23,18,economy,3,6.125,2,True,4,12
5662,4869,7,23,21,VIP,18,13.551,7,True,14,252
5682,4870,7,23,22,standard,9,1.889,2,True,8,72
5964,4871,7,23,23,standard,5,25.19,2,False,8,0
6090,4871,7,23,23,standard,7,17.57,3,True,8,56
6492,4871,7,23,23,economy,5,84.397,7,True,4,20
6400,4872,7,24,0,economy,3,42.532,2,False,4,0
5557,4872,7,24,0,VIP,15,5.04,9,True,14,210
6643,4872,7,24,0,economy,3,10.827,10,True,4,12
6015,4875,7,24,3,standard,9,17.052,6,True,8,72
5534,4875,7,24,3,VIP,15,9.02,8,True,14,210
6621,4876,7,24,4,economy,5,12.821,3,True,4,20
6127,4876,7,24,4,standard,7,3.421,10,False,8,0
5558,4876,7,24,4,VIP,18,2.825,10,True,14,252
6495,4877,7,24,5,economy,3,5.416,1,True,4,12
5742,4878,7,24,6,standard,5,3.921,7,True,8,40
5971,4878,7,24,6,standard,7,19.031,9,True,8,56
6300,4878,7,24,6,economy,7,31.75,7,True,4,28
5777,4879,7,24,7,standard,7,20.953,10,False,8,0
6218,4879,7,24,7,standard,9,10.178,6,False,8,0
6131,4880,7,24,8,standard,7,10.578,10,True,8,56
5625,4881,7,24,9,VIP,18,4.241,7,True,14,252
6004,4881,7,24,9,standard,5,15.852,7,True,8,40
5924,4881,7,24,9,standard,7,18.066,1,True,8,56
6436,4882,7,24,10,economy,5,5.938,6,True,4,20
6036,4883,7,24,11,standard,12,12.157,6,True,8,96
6420,4883,7,24,11,economy,3,0.708,8,True,4,12
5829,4884,7,24,12,standard,9,4.591,9,True,8,72
6413,4885,7,24,13,economy,5,9.739,8,True,4,20
5749,4885,7,24,13,standard,7,4.255,5,True,8,56
5814,4885,7,24,13,standard,5,11.258,5,True,8,40
6563,4886,7,24,14,economy,5,7.365,1,True,4,20
5583,4888,7,24,16,VIP,15,4.61,6,True,14,210
5959,4888,7,24,16,standard,7,7.296,7,True,8,56
6083,4889,7,24,17,standard,7,9.503,5,True,8,56
5855,4889,7,24,17,standard,7,0.733,7,True,8,56
5890,4890,7,24,18,standard,9,9.536,1,True,8,72
6002,4890,7,24,18,standard,7,7.51,7,True,8,56
6361,4890,7,24,18,economy,5,20.361,10,True,4,20
6537,4891,7,24,19,economy,5,9.662,1,False,4,0
5786,4892,7,24,20,standard,12,4.702,4,True,8,96
5597,4892,7,24,20,VIP,15,0.906,7,True,14,210
6186,4892,7,24,20,standard,5,3.96,6,True,8,40
6416,4893,7,24,21,economy,3,2.991,2,True,4,12
6370,4893,7,24,21,economy,9,10.675,4,True,4,36
6177,4893,7,24,21,standard,5,2.231,6,True,8,40
5602,4894,7,24,22,VIP,12,3.531,7,True,14,168
6308,4895,7,24,23,economy,5,27.292,7,True,4,20
6534,4897,7,25,1,economy,5,38.436,9,True,4,20
5658,4897,7,25,1,VIP,15,6.53,7,True,14,210
6236,4897,7,25,1,standard,7,13.055,10,True,8,56
5771,4898,7,25,2,standard,7,6.083,3,True,8,56
6506,4898,7,25,2,economy,9,37.805,1,True,4,36
5830,4899,7,25,3,standard,9,3.998,6,True,8,72
6029,4900,7,25,4,standard,5,4.804,3,True,8,40
6182,4901,7,25,5,standard,12,8.773,9,True,8,96
5576,4901,7,25,5,VIP,15,23.24,6,True,14,210
5528,4902,7,25,6,VIP,10,0.661,7,True,14,140
6184,4903,7,25,7,standard,9,6.387,3,True,8,72
5986,4903,7,25,7,standard,7,9.22,9,True,8,56
6281,4904,7,25,8,economy,9,5.454,2,True,4,36
5942,4904,7,25,8,standard,7,16.341,5,False,8,0
6688,4904,7,25,8,economy,7,15.641,9,True,4,28
6612,4905,7,25,9,economy,5,17.022,2,False,4,0
6294,4905,7,25,9,economy,7,21.454,7,True,4,28
6437,4906,7,25,10,economy,3,30.968,5,True,4,12
6593,4906,7,25,10,economy,5,10.135,3,False,4,0
6613,4908,7,25,12,economy,5,2.526,9,True,4,20
6615,4909,7,25,13,economy,5,17.814,7,False,4,0
6367,4911,7,25,15,economy,5,10.091,2,True,4,20
6197,4911,7,25,15,standard,5,6.3,3,True,8,40
6476,4912,7,25,16,economy,5,16.361,10,True,4,20
5624,4912,7,25,16,VIP,12,3.949,4,True,14,168
5750,4912,7,25,16,standard,7,3.206,3,False,8,0
6550,4913,7,25,17,economy,9,37.049,1,True,4,36
5581,4913,7,25,17,VIP,15,5.215,8,True,14,210
6037,4913,7,25,17,standard,7,13.481,9,True,8,56
5958,4915,7,25,19,standard,5,7.018,1,True,8,40
6331,4915,7,25,19,economy,9,32.264,4,True,4,36
5769,4915,7,25,19,standard,12,7.789,3,True,8,96
6661,4916,7,25,20,economy,3,24.307,9,False,4,0
6144,4916,7,25,20,standard,7,8.362,2,True,8,56
6293,4917,7,25,21,economy,9,46.112,8,True,4,36
5943,4918,7,25,22,standard,9,5.046,10,True,8,72
6490,4919,7,25,23,economy,5,7.204,9,True,4,20
5568,4919,7,25,23,VIP,18,6.473,10,True,14,252
5552,4920,7,26,0,VIP,12,4.877,4,False,14,0
5685,4920,7,26,0,standard,9,6.227,5,True,8,72
5907,4920,7,26,0,standard,12,9.364,4,True,8,96
6573,4921,7,26,1,economy,3,8.419,7,False,4,0
5863,4921,7,26,1,standard,12,5.526,9,True,8,96
5603,4922,7,26,2,VIP,18,4.519,10,True,14,252
5754,4923,7,26,3,standard,9,13.533,1,True,8,72
5880,4923,7,26,3,standard,12,12.996,1,True,8,96
5575,4923,7,26,3,VIP,10,18.086,10,True,14,140
6426,4924,7,26,4,economy,3,20.263,4,True,4,12
6194,4924,7,26,4,standard,7,7.347,3,False,8,0
6669,4926,7,26,6,economy,7,25.8,7,True,4,28
6384,4927,7,26,7,economy,9,16.368,8,True,4,36
6486,4928,7,26,8,economy,5,19.163,7,True,4,20
5984,4928,7,26,8,standard,7,14.059,6,True,8,56
6137,4928,7,26,8,standard,9,5.113,3,True,8,72
6154,4929,7,26,9,standard,12,4.284,6,True,8,96
6025,4932,7,26,12,standard,12,9.762,4,True,8,96
5832,4933,7,26,13,standard,7,22.058,3,True,8,56
6632,4934,7,26,14,economy,5,25.591,5,False,4,0
5753,4934,7,26,14,standard,7,22.909,10,True,8,56
6399,4935,7,26,15,economy,5,29.155,4,True,4,20
6291,4935,7,26,15,economy,5,7.438,4,False,4,0
5708,4936,7,26,16,standard,9,3.968,5,True,8,72
6321,4937,7,26,17,economy,3,27.47,3,True,4,12
6104,4937,7,26,17,standard,7,15.706,8,True,8,56
6115,4937,7,26,17,standard,5,8.939,3,True,8,40
6251,4937,7,26,17,standard,7,3.133,10,True,8,56
6659,4938,7,26,18,economy,9,38.701,4,True,4,36
6007,4938,7,26,18,standard,5,10.867,3,True,8,40
6117,4939,7,26,19,standard,7,6.69,10,True,8,56
6301,4939,7,26,19,economy,9,4.413,7,True,4,36
6253,4939,7,26,19,standard,12,5.582,1,True,8,96
5974,4940,7,26,20,standard,5,6.113,8,True,8,40
5532,4941,7,26,21,VIP,15,9.809,9,True,14,210
6135,4941,7,26,21,standard,9,7.301,5,True,8,72
6168,4941,7,26,21,standard,5,10.716,10,True,8,40
6442,4942,7,26,22,economy,3,6.241,5,True,4,12
5651,4942,7,26,22,VIP,15,2.442,9,True,14,210
6073,4944,7,27,0,standard,12,15.19,10,True,8,96
6316,4944,7,27,0,economy,5,20.465,6,True,4,20
6337,4944,7,27,0,economy,7,8.591,6,True,4,28
5774,4944,7,27,0,standard,7,23.064,8,True,8,56
5860,4945,7,27,1,standard,7,8.779,9,True,8,56
5621,4946,7,27,2,VIP,12,4.157,8,True,14,168
5799,4946,7,27,2,standard,5,5.105,1,True,8,40
6056,4947,7,27,3,standard,7,14.626,4,True,8,56
6684,4948,7,27,4,economy,5,17.996,6,False,4,0
6013,4948,7,27,4,standard,7,3.305,9,False,8,0
5640,4949,7,27,5,VIP,12,6.182,2,True,14,168
6459,4950,7,27,6,economy,7,31.241,9,True,4,28
6417,4950,7,27,6,economy,3,59.682,2,False,4,0
5686,4950,7,27,6,standard,7,2.842,1,True,8,56
6101,4951,7,27,7,standard,7,6.62,6,True,8,56
5674,4953,7,27,9,VIP,18,7.683,7,True,14,252
6289,4953,7,27,9,economy,7,35.28,1,True,4,28
5944,4954,7,27,10,standard,7,2.898,1,True,8,56
6210,4954,7,27,10,standard,7,3.025,4,True,8,56
6360,4955,7,27,11,economy,3,9.379,4,True,4,12
5876,4956,7,27,12,standard,12,15.221,6,True,8,96
6619,4956,7,27,12,economy,5,19.553,10,True,4,20
6683,4956,7,27,12,economy,5,43.625,9,True,4,20
6653,4957,7,27,13,economy,3,23.722,7,False,4,0
6193,4957,7,27,13,standard,5,2.782,8,True,8,40
5601,4958,7,27,14,VIP,12,2.221,4,True,14,168
6603,4958,7,27,14,economy,5,12.905,4,True,4,20
5888,4959,7,27,15,standard,9,2.643,6,True,8,72
6654,4960,7,27,16,economy,3,40.419,2,True,4,12
6315,4960,7,27,16,economy,3,19.496,6,True,4,12
6010,4961,7,27,17,standard,5,7.471,3,True,8,40
6681,4961,7,27,17,economy,7,10.627,8,True,4,28
5541,4962,7,27,18,VIP,15,1.585,5,True,14,210
6598,4963,7,27,19,economy,3,36.145,9,True,4,12
6368,4963,7,27,19,economy,9,6.543,2,True,4,36
6440,4963,7,27,19,economy,3,44.517,3,True,4,12
6587,4964,7,27,20,economy,5,28.957,6,True,4,20
5644,4964,7,27,20,VIP,12,7.599,8,True,14,168
5818,4964,7,27,20,standard,7,5.739,3,True,8,56
6561,4967,7,27,23,economy,5,9.114,6,True,4,20
6521,4967,7,27,23,economy,5,7.535,2,True,4,20
6277,4967,7,27,23,standard,7,21.164,8,True,8,56
6667,4968,7,28,0,economy,5,23.515,1,True,4,20
6670,4968,7,28,0,economy,3,8.941,9,True,4,12
6392,4970,7,28,2,economy,7,9.019,3,True,4,28
6518,4972,7,28,4,economy,5,29.365,6,True,4,20
5819,4973,7,28,5,standard,12,11.221,3,True,8,96
6515,4973,7,28,5,economy,7,20.678,2,True,4,28
5531,4974,7,28,6,VIP,15,4.117,10,True,14,210
6204,4974,7,28,6,standard,5,12.399,10,True,8,40
6125,4975,7,28,7,standard,5,8.276,4,True,8,40
5809,4977,7,28,9,standard,9,3.432,8,True,8,72
5994,4977,7,28,9,standard,7,24.332,5,True,8,56
6244,4977,7,28,9,standard,7,13.451,3,True,8,56
6118,4977,7,28,9,standard,12,1.044,2,True,8,96
6398,4979,7,28,11,economy,3,19.156,4,True,4,12
5965,4979,7,28,11,standard,5,13.433,5,True,8,40
5930,4979,7,28,11,standard,7,0.663,7,True,8,56
6017,4980,7,28,12,standard,5,21.674,1,True,8,40
5530,4980,7,28,12,VIP,18,5.727,9,True,14,252
5626,4981,7,28,13,VIP,12,6.024,8,True,14,168
6058,4982,7,28,14,standard,9,22.332,2,True,8,72
6456,4982,7,28,14,economy,7,44.082,2,True,4,28
6091,4983,7,28,15,standard,12,3.849,9,True,8,96
6362,4984,7,28,16,economy,7,9.112,6,True,4,28
6697,4985,7,28,17,economy,3,14.326,10,True,4,12
5526,4985,7,28,17,VIP,10,9.741,10,True,14,140
6366,4985,7,28,17,economy,5,26.322,3,True,4,20
5710,4985,7,28,17,standard,5,11.087,1,True,8,40
6158,4985,7,28,17,standard,5,10.193,4,False,8,0
5500,4985,7,28,17,VIP,10,13.811,2,True,14,140
6222,4985,7,28,17,standard,7,14.054,9,True,8,56
5972,4986,7,28,18,standard,12,3.558,2,True,8,96
5646,4986,7,28,18,VIP,18,1.598,9,True,14,252
5762,4987,7,28,19,standard,7,7.063,8,True,8,56
5605,4987,7,28,19,VIP,15,1.344,9,True,14,210
6497,4989,7,28,21,economy,9,17.67,6,False,4,0
5905,4989,7,28,21,standard,7,3.33,8,True,8,56
5507,4992,7,29,0,VIP,15,0.682,5,True,14,210
5927,4993,7,29,1,standard,7,5.304,3,False,8,0
5712,4994,7,29,2,standard,7,0.393,9,True,8,56
6024,4994,7,29,2,standard,12,3.849,1,True,8,96
6698,4995,7,29,3,economy,7,26.466,7,False,4,0
5765,4995,7,29,3,standard,5,11.046,1,True,8,40
6651,4997,7,29,5,economy,5,23.284,10,False,4,0
6156,4997,7,29,5,standard,9,3.85,5,True,8,72
6650,4998,7,29,6,economy,5,13.028,3,True,4,20
6026,4998,7,29,6,standard,9,6.892,7,True,8,72
6597,4998,7,29,6,economy,3,4.269,7,True,4,12
6192,4999,7,29,7,standard,7,3.83,10,True,8,56
5616,4999,7,29,7,VIP,12,0.629,4,True,14,168
6303,4999,7,29,7,economy,5,52.317,9,True,4,20
5784,5000,7,29,8,standard,7,3.933,9,True,8,56
6099,5001,7,29,9,standard,12,3.358,7,True,8,96
6330,5001,7,29,9,economy,3,4.277,3,True,4,12
6119,5001,7,29,9,standard,7,7.492,9,True,8,56
5856,5002,7,29,10,standard,7,3.799,5,True,8,56
5736,5003,7,29,11,standard,7,19.508,9,True,8,56
6043,5004,7,29,12,standard,9,1.707,2,False,8,0
6458,5004,7,29,12,economy,3,20.795,2,True,4,12
6009,5004,7,29,12,standard,5,9.742,10,False,8,0
6105,5004,7,29,12,standard,7,1.62,6,True,8,56
5551,5004,7,29,12,VIP,12,7.463,3,False,14,0
5827,5005,7,29,13,standard,5,6.22,3,True,8,40
5716,5005,7,29,13,standard,9,9.547,7,True,8,72
5979,5006,7,29,14,standard,5,13.773,3,True,8,40
6623,5007,7,29,15,economy,3,31.3,1,False,4,0
5759,5007,7,29,15,standard,5,2.713,1,True,8,40
5587,5007,7,29,15,VIP,18,5.049,9,True,14,252
6483,5008,7,29,16,economy,5,7.183,5,True,4,20
5756,5008,7,29,16,standard,7,17.052,2,True,8,56
5866,5009,7,29,17,standard,12,3.258,5,True,8,96
5751,5011,7,29,19,standard,7,13.791,7,True,8,56
5808,5011,7,29,19,standard,7,5.647,1,True,8,56
6414,5011,7,29,19,economy,5,9.402,1,True,4,20
5983,5011,7,29,19,standard,7,3.496,5,False,8,0
6510,5012,7,29,20,economy,5,3.029,9,True,4,20
5901,5012,7,29,20,standard,5,5.107,2,True,8,40
6230,5012,7,29,20,standard,5,10.578,5,True,8,40
6172,5013,7,29,21,standard,5,3.033,9,True,8,40
6265,5013,7,29,21,standard,9,5.511,5,True,8,72
5510,5014,7,29,22,VIP,12,2.258,7,True,14,168
6207,5014,7,29,22,standard,9,21.885,8,True,8,72
5738,5014,7,29,22,standard,7,9.634,2,False,8,0
5840,5014,7,29,22,standard,12,1.229,9,True,8,96
5649,5014,7,29,22,VIP,18,9.569,10,True,14,252
6474,5016,7,30,0,economy,5,47.143,6,True,4,20
6658,5018,7,30,2,economy,3,30.244,9,True,4,12
6460,5018,7,30,2,economy,7,5.837,8,True,4,28
6275,5018,7,30,2,standard,12,6.143,5,True,8,96
6626,5020,7,30,4,economy,3,14.405,1,False,4,0
5760,5020,7,30,4,standard,7,7.224,2,True,8,56
6110,5021,7,30,5,standard,9,4.649,2,True,8,72
5950,5022,7,30,6,standard,5,8.755,4,True,8,40
6162,5023,7,30,7,standard,9,0.841,4,True,8,72
6078,5025,7,30,9,standard,5,4.225,6,True,8,40
6655,5025,7,30,9,economy,7,38.181,4,True,4,28
6686,5026,7,30,10,economy,5,19.262,1,True,4,20
6123,5026,7,30,10,standard,5,18.932,9,True,8,40
5504,5026,7,30,10,VIP,10,3.598,8,True,14,140
5740,5027,7,30,11,standard,7,5.608,8,True,8,56
5717,5028,7,30,12,standard,5,11.443,5,True,8,40
6096,5028,7,30,12,standard,7,18.158,4,True,8,56
5988,5028,7,30,12,standard,5,4.104,9,True,8,40
5559,5028,7,30,12,VIP,15,8.567,9,True,14,210
6620,5029,7,30,13,economy,7,12.346,3,True,4,28
6324,5031,7,30,15,economy,5,57.291,8,False,4,0
5643,5031,7,30,15,VIP,15,2.08,10,True,14,210
5596,5031,7,30,15,VIP,10,1.036,1,True,14,140
5921,5031,7,30,15,standard,5,10.395,5,True,8,40
5567,5032,7,30,16,VIP,18,2.142,9,True,14,252
5525,5034,7,30,18,VIP,12,4.84,5,True,14,168
5502,5035,7,30,19,VIP,12,7.036,6,True,14,168
6296,5035,7,30,19,economy,5,38.968,2,True,4,20
6364,5036,7,30,20,economy,7,50.955,10,True,4,28
5767,5038,7,30,22,standard,5,9.521,9,False,8,0
7151,5040,8,1,0,standard,7,2.002,9,False,8,0
7078,5040,8,1,0,standard,5,3.36,3,True,8,40
7324,5041,8,1,1,standard,9,2.321,10,True,8,72
7416,5042,8,1,2,economy,7,11.029,7,True,4,28
7570,5043,8,1,3,economy,9,8.43,6,True,4,36
7539,5044,8,1,4,economy,9,5.819,1,True,4,36
6930,5044,8,1,4,standard,9,6.939,3,True,8,72
7842,5046,8,1,6,economy,7,23.806,2,True,4,28
7292,5046,8,1,6,standard,9,6.313,10,True,8,72
7034,5047,8,1,7,standard,12,4.658,4,True,8,96
6884,5047,8,1,7,standard,7,12.914,6,True,8,56
7358,5047,8,1,7,standard,7,1.079,10,True,8,56
7082,5047,8,1,7,standard,7,3.712,6,True,8,56
7418,5049,8,1,9,economy,7,18.011,6,True,4,28
6805,5049,8,1,9,VIP,12,10.935,2,True,14,168
7441,5050,8,1,10,economy,7,15.52,10,False,4,0
6701,5052,8,1,12,VIP,10,5.758,3,True,14,140
6920,5052,8,1,12,standard,7,24.026,4,True,8,56
7267,5052,8,1,12,standard,7,14.461,4,True,8,56
7256,5053,8,1,13,standard,5,6.784,5,False,8,0
7815,5053,8,1,13,economy,3,37.189,5,True,4,12
6995,5054,8,1,14,standard,7,10.83,8,True,8,56
7282,5054,8,1,14,standard,7,7.849,8,True,8,56
7285,5055,8,1,15,standard,7,7.478,2,True,8,56
6730,5055,8,1,15,VIP,12,1.731,6,True,14,168
7175,5057,8,1,17,standard,9,1.576,9,True,8,72
7528,5057,8,1,17,economy,3,9.982,4,False,4,0
7580,5057,8,1,17,economy,7,25.551,2,True,4,28
6820,5058,8,1,18,VIP,12,2.02,10,True,14,168
7844,5059,8,1,19,economy,5,26.147,3,True,4,20
6901,5059,8,1,19,standard,12,3.097,7,False,8,0
7376,5060,8,1,20,standard,12,3.866,1,True,8,96
7210,5061,8,1,21,standard,7,24.579,3,True,8,56
6950,5062,8,1,22,standard,7,12.569,4,True,8,56
7453,5062,8,1,22,economy,3,19.038,10,True,4,12
7076,5063,8,1,23,standard,12,3.282,9,True,8,96
6726,5063,8,1,23,VIP,15,13.778,8,False,14,0
7247,5063,8,1,23,standard,9,12.416,9,True,8,72
7492,5064,8,2,0,economy,7,8.345,6,False,4,0
7652,5064,8,2,0,economy,3,0.572,3,True,4,12
6750,5064,8,2,0,VIP,12,3.501,1,True,14,168
6707,5065,8,2,1,VIP,15,3.437,5,False,14,0
7012,5065,8,2,1,standard,5,14.082,6,True,8,40
6964,5066,8,2,2,standard,5,11.825,6,False,8,0
7302,5066,8,2,2,standard,12,2.593,5,True,8,96
7849,5068,8,2,4,economy,3,37.814,6,True,4,12
7266,5069,8,2,5,standard,5,3.502,6,True,8,40
6967,5071,8,2,7,standard,7,8.165,9,True,8,56
7466,5072,8,2,8,economy,7,29.927,7,True,4,28
7481,5072,8,2,8,economy,7,8.23,7,False,4,0
7471,5072,8,2,8,economy,7,24.663,5,True,4,28
7614,5073,8,2,9,economy,5,38.248,2,False,4,0
6725,5073,8,2,9,VIP,12,1.258,4,True,14,168
7031,5073,8,2,9,standard,12,5.618,8,True,8,96
7493,5073,8,2,9,economy,3,21.918,6,True,4,12
7426,5073,8,2,9,economy,7,17.837,5,True,4,28
6983,5074,8,2,10,standard,5,14.182,4,False,8,0
7249,5074,8,2,10,standard,7,10.175,6,True,8,56
7529,5074,8,2,10,economy,3,28.816,4,False,4,0
7259,5074,8,2,10,standard,12,6.893,10,True,8,96
6716,5076,8,2,12,VIP,15,4.417,8,True,14,210
7550,5077,8,2,13,economy,7,16.569,4,False,4,0
6900,5077,8,2,13,standard,7,13.18,7,True,8,56
7297,5078,8,2,14,standard,5,4.726,1,False,8,0
7336,5078,8,2,14,standard,5,8.639,8,True,8,40
7086,5079,8,2,15,standard,5,12.705,4,False,8,0
7435,5079,8,2,15,economy,5,8.458,7,True,4,20
7236,5080,8,2,16,standard,7,24.891,4,True,8,56
7283,5081,8,2,17,standard,9,24.405,8,True,8,72
7474,5082,8,2,18,economy,5,2.886,10,True,4,20
7224,5083,8,2,19,standard,7,15.288,9,True,8,56
7054,5083,8,2,19,standard,9,6.694,8,True,8,72
7413,5083,8,2,19,economy,3,18.815,4,False,4,0
6931,5084,8,2,20,standard,7,4.327,3,True,8,56
7701,5084,8,2,20,economy,9,8.899,7,True,4,36
7335,5084,8,2,20,standard,9,6.489,6,True,8,72
7155,5085,8,2,21,standard,12,7.238,3,False,8,0
7796,5085,8,2,21,economy,5,15.741,6,False,4,0
7526,5085,8,2,21,economy,9,5.801,8,True,4,36
6774,5085,8,2,21,VIP,15,2.872,5,True,14,210
7695,5086,8,2,22,economy,7,7.979,9,True,4,28
7787,5087,8,2,23,economy,5,6.941,5,True,4,20
7399,5088,8,3,0,standard,9,34.678,9,True,8,72
7115,5089,8,3,1,standard,7,9.442,8,True,8,56
7510,5090,8,3,2,economy,5,15.848,10,True,4,20
7634,5092,8,3,4,economy,3,10.181,1,True,4,12
7016,5093,8,3,5,standard,9,14.577,3,True,8,72
6717,5094,8,3,6,VIP,12,9.347,8,True,14,168
7756,5094,8,3,6,economy,3,16.69,4,True,4,12
6882,5095,8,3,7,standard,9,2.562,2,True,8,72
6987,5096,8,3,8,standard,9,5.044,3,True,8,72
7797,5097,8,3,9,economy,9,5.793,9,True,4,36
6788,5097,8,3,9,VIP,15,7.995,7,True,14,210
6992,5098,8,3,10,standard,5,17.565,7,True,8,40
7623,5100,8,3,12,economy,3,43.723,7,False,4,0
6800,5102,8,3,14,VIP,12,3.333,10,True,14,168
7759,5102,8,3,14,economy,7,10.588,5,True,4,28
7774,5103,8,3,15,economy,5,11.789,3,True,4,20
7209,5103,8,3,15,standard,12,19.569,10,True,8,96
7188,5103,8,3,15,standard,5,5.251,4,True,8,40
7233,5103,8,3,15,standard,9,2.164,3,False,8,0
7389,5103,8,3,15,standard,9,13.729,9,True,8,72
6741,5103,8,3,15,VIP,10,2.036,4,True,14,140
6718,5104,8,3,16,VIP,15,11.714,5,True,14,210
6739,5104,8,3,16,VIP,18,3.196,9,True,14,252
7833,5105,8,3,17,economy,7,23.037,10,True,4,28
6715,5106,8,3,18,VIP,12,5.664,7,True,14,168
7575,5106,8,3,18,economy,5,23.274,5,False,4,0
6791,5106,8,3,18,VIP,10,1.217,2,True,14,140
6991,5107,8,3,19,standard,5,16.91,6,True,8,40
7448,5107,8,3,19,economy,3,29.671,9,True,4,12
7845,5109,8,3,21,economy,5,6.679,7,True,4,20
7850,5110,8,3,22,economy,9,3.831,4,False,4,0
6806,5110,8,3,22,VIP,10,1.974,4,True,14,140
7853,5111,8,3,23,economy,5,24.509,1,False,4,0
7638,5111,8,3,23,economy,9,23.67,1,False,4,0
7401,5112,8,4,0,standard,9,1.914,10,True,8,72
6997,5112,8,4,0,standard,5,3.385,10,True,8,40
6951,5112,8,4,0,standard,5,14.812,1,True,8,40
7229,5113,8,4,1,standard,7,5.871,5,True,8,56
6909,5113,8,4,1,standard,12,1.233,8,True,8,96
7379,5114,8,4,2,standard,9,2.373,6,False,8,0
7366,5115,8,4,3,standard,9,7.753,9,True,8,72
7184,5116,8,4,4,standard,5,2.63,2,True,8,40
7794,5117,8,4,5,economy,9,13.941,4,False,4,0
7676,5117,8,4,5,economy,5,7.986,4,True,4,20
7452,5117,8,4,5,economy,9,71.834,8,False,4,0
7386,5117,8,4,5,standard,12,13.3,2,True,8,96
7684,5118,8,4,6,economy,9,9.817,3,True,4,36
7372,5118,8,4,6,standard,7,0.642,1,True,8,56
7346,5119,8,4,7,standard,5,7.088,1,True,8,40
7060,5119,8,4,7,standard,5,8.983,9,True,8,40
7192,5119,8,4,7,standard,7,8.778,9,True,8,56
7837,5119,8,4,7,economy,3,2.01,4,True,4,12
6941,5121,8,4,9,standard,9,5.89,7,True,8,72
7214,5121,8,4,9,standard,12,7.666,7,True,8,96
7649,5121,8,4,9,economy,3,2.723,3,True,4,12
7822,5122,8,4,10,economy,9,19.53,8,False,4,0
7081,5123,8,4,11,standard,9,5.294,8,True,8,72
6719,5123,8,4,11,VIP,10,4.865,6,True,14,140
7613,5123,8,4,11,economy,3,27.584,10,True,4,12
7708,5123,8,4,11,economy,3,16.685,7,True,4,12
7632,5124,8,4,12,economy,3,8.427,9,True,4,12
6912,5125,8,4,13,standard,5,5.378,2,True,8,40
7595,5126,8,4,14,economy,5,15.974,6,True,4,20
7669,5126,8,4,14,economy,7,72.781,8,True,4,28
7062,5127,8,4,15,standard,7,9.026,10,True,8,56
7598,5127,8,4,15,economy,7,15.302,9,False,4,0
7039,5127,8,4,15,standard,7,36.763,6,True,8,56
7198,5128,8,4,16,standard,7,13.984,2,True,8,56
7662,5128,8,4,16,economy,5,7.608,10,True,4,20
7148,5128,8,4,16,standard,7,6.42,6,False,8,0
6916,5129,8,4,17,standard,12,4.59,8,False,8,0
7546,5129,8,4,17,economy,3,6.234,5,True,4,12
7374,5129,8,4,17,standard,5,11.761,10,True,8,40
7653,5129,8,4,17,economy,3,15.714,6,False,4,0
7387,5130,8,4,18,standard,7,9.662,8,True,8,56
7305,5130,8,4,18,standard,7,4.61,4,True,8,56
6972,5131,8,4,19,standard,7,8.323,10,True,8,56
7579,5132,8,4,20,economy,7,33.366,6,True,4,28
7555,5132,8,4,20,economy,5,18.571,8,True,4,20
7458,5133,8,4,21,economy,3,15.902,1,False,4,0
7316,5133,8,4,21,standard,9,2.762,9,True,8,72
7477,5134,8,4,22,economy,3,58.663,8,True,4,12
7608,5135,8,4,23,economy,5,11.776,1,True,4,20
7812,5137,8,5,1,economy,5,10.867,9,True,4,20
7053,5137,8,5,1,standard,7,8.473,4,True,8,56
7591,5138,8,5,2,economy,9,23.963,6,True,4,36
7461,5138,8,5,2,economy,7,12.121,6,True,4,28
7333,5139,8,5,3,standard,12,10.853,3,False,8,0
6830,5139,8,5,3,VIP,18,1.373,10,True,14,252
7156,5139,8,5,3,standard,7,0.81,2,True,8,56
7647,5140,8,5,4,economy,5,11.526,5,False,4,0
6811,5143,8,5,7,VIP,15,9.884,8,True,14,210
7154,5143,8,5,7,standard,9,7.885,3,True,8,72
6883,5143,8,5,7,standard,7,9.943,8,True,8,56
6837,5144,8,5,8,VIP,15,6.497,10,True,14,210
7411,5144,8,5,8,economy,3,21.491,8,False,4,0
7171,5145,8,5,9,standard,5,1.173,4,True,8,40
7689,5145,8,5,9,economy,3,12.148,2,True,4,12
7671,5146,8,5,10,economy,5,39.054,1,False,4,0
6937,5147,8,5,11,standard,9,13.079,10,True,8,72
7859,5147,8,5,11,economy,3,11.7,6,True,4,12
7791,5148,8,5,12,economy,3,14.972,3,True,4,12
7250,5148,8,5,12,standard,7,11.657,1,False,8,0
7861,5148,8,5,12,economy,5,37.332,2,False,4,0
6862,5149,8,5,13,standard,9,11.637,3,True,8,72
7140,5149,8,5,13,standard,7,11.216,9,True,8,56
7549,5150,8,5,14,economy,3,15.197,6,False,4,0
7070,5151,8,5,15,standard,7,4.335,2,True,8,56
6927,5151,8,5,15,standard,5,1.145,1,True,8,40
6834,5152,8,5,16,VIP,12,1.888,6,True,14,168
7519,5153,8,5,17,economy,3,17.752,4,True,4,12
7286,5153,8,5,17,standard,12,1.852,9,True,8,96
7231,5154,8,5,18,standard,7,5.743,4,True,8,56
7806,5154,8,5,18,economy,5,28.3,7,False,4,0
7295,5155,8,5,19,standard,12,6.786,7,True,8,96
7601,5155,8,5,19,economy,9,12.951,4,True,4,36
7468,5155,8,5,19,economy,7,38.19,2,False,4,0
7714,5157,8,5,21,economy,5,21.433,2,False,4,0
7225,5159,8,5,23,standard,7,5.078,9,True,8,56
7113,5159,8,5,23,standard,7,7.412,1,True,8,56
7065,5159,8,5,23,standard,5,9.488,1,True,8,40
7228,5162,8,6,2,standard,9,12.058,3,True,8,72
7670,5162,8,6,2,economy,5,10.421,5,False,4,0
7392,5163,8,6,3,standard,9,3.411,2,True,8,72
7196,5164,8,6,4,standard,5,3.478,2,False,8,0
7290,5164,8,6,4,standard,9,4.903,4,True,8,72
7803,5166,8,6,6,economy,3,25.117,5,True,4,12
6993,5167,8,6,7,standard,5,4.129,1,True,8,40
7258,5168,8,6,8,standard,12,3.345,8,True,8,96
7574,5168,8,6,8,economy,3,18.31,8,True,4,12
7193,5168,8,6,8,standard,7,4.354,2,True,8,56
6773,5169,8,6,9,VIP,12,3.64,7,True,14,168
6713,5169,8,6,9,VIP,15,0.758,7,True,14,210
7778,5171,8,6,11,economy,5,31.645,4,True,4,20
6754,5172,8,6,12,VIP,10,5.789,1,True,14,140
7377,5173,8,6,13,standard,9,6.573,3,True,8,72
7744,5174,8,6,14,economy,3,13.208,2,True,4,12
7586,5174,8,6,14,economy,5,16.031,10,True,4,20
7400,5175,8,6,15,standard,7,13.247,8,True,8,56
7205,5175,8,6,15,standard,7,4.531,4,True,8,56
7509,5176,8,6,16,economy,3,38.567,2,True,4,12
6729,5176,8,6,16,VIP,12,2.984,6,True,14,168
7420,5176,8,6,16,economy,9,9.633,8,True,4,36
7369,5177,8,6,17,standard,7,11.533,7,False,8,0
7251,5179,8,6,19,standard,9,9.323,10,True,8,72
7268,5181,8,6,21,standard,5,4.822,5,True,8,40
7445,5181,8,6,21,economy,5,12.773,6,False,4,0
7213,5183,8,6,23,standard,7,2.272,10,True,8,56
7422,5183,8,6,23,economy,5,10.707,9,True,4,20
7499,5183,8,6,23,economy,5,11.106,10,True,4,20
7216,5185,8,7,1,standard,9,4.919,8,False,8,0
7284,5186,8,7,2,standard,7,8.899,1,True,8,56
7733,5186,8,7,2,economy,5,46.176,3,True,4,20
7656,5186,8,7,2,economy,3,26.972,4,True,4,12
6759,5186,8,7,2,VIP,18,4.02,7,True,14,252
6939,5187,8,7,3,standard,7,4.743,3,True,8,56
7088,5187,8,7,3,standard,5,16.58,4,True,8,40
7565,5187,8,7,3,economy,7,39.029,8,False,4,0
7430,5187,8,7,3,economy,7,29.209,10,True,4,28
6714,5187,8,7,3,VIP,12,5.999,9,True,14,168
7230,5187,8,7,3,standard,9,3.166,8,True,8,72
6962,5189,8,7,5,standard,5,12.577,3,True,8,40
7449,5189,8,7,5,economy,5,14.681,4,False,4,0
7326,5190,8,7,6,standard,12,5.249,4,False,8,0
7023,5190,8,7,6,standard,7,22.992,2,True,8,56
6843,5193,8,7,9,VIP,15,11.516,6,True,14,210
7711,5193,8,7,9,economy,9,13.66,6,True,4,36
7735,5193,8,7,9,economy,3,2.314,2,True,4,12
7017,5193,8,7,9,standard,9,2.001,3,True,8,72
7313,5195,8,7,11,standard,7,1.288,10,True,8,56
6832,5195,8,7,11,VIP,18,3.429,10,False,14,0
7801,5195,8,7,11,economy,5,6.127,7,True,4,20
6842,5196,8,7,12,VIP,10,2.984,10,True,14,140
6905,5197,8,7,13,standard,7,15.792,6,True,8,56
7450,5198,8,7,14,economy,3,17.311,3,True,4,12
7026,5198,8,7,14,standard,12,5.804,3,True,8,96
6966,5199,8,7,15,standard,5,2.499,9,False,8,0
7277,5200,8,7,16,standard,9,14.528,1,True,8,72
7587,5201,8,7,17,economy,9,20.02,2,False,4,0
7133,5203,8,7,19,standard,5,12.76,7,True,8,40
7095,5203,8,7,19,standard,7,3.744,4,True,8,56
7599,5204,8,7,20,economy,7,26.691,9,True,4,28
7074,5204,8,7,20,standard,7,1.217,5,True,8,56
6761,5205,8,7,21,VIP,12,2.931,1,True,14,168
7629,5206,8,7,22,economy,3,7.383,6,False,4,0
7679,5206,8,7,22,economy,5,17.736,8,True,4,20
7311,5206,8,7,22,standard,5,4.693,2,True,8,40
6919,5206,8,7,22,standard,7,2.758,3,False,8,0
6885,5207,8,7,23,standard,9,6.252,9,True,8,72
6756,5207,8,7,23,VIP,12,4.263,2,True,14,168
7425,5208,8,8,0,economy,5,7.474,7,True,4,20
7309,5208,8,8,0,standard,9,13.641,10,True,8,72
7488,5209,8,8,1,economy,5,30.879,1,True,4,20
7830,5209,8,8,1,economy,3,7.444,4,True,4,12
7318,5210,8,8,2,standard,7,12.219,2,True,8,56
6724,5211,8,8,3,VIP,12,3.652,2,True,14,168
7734,5212,8,8,4,economy,5,18.37,4,True,4,20
7476,5212,8,8,4,economy,3,4.634,6,True,4,12
7710,5213,8,8,5,economy,5,19.797,8,True,4,20
7080,5215,8,8,7,standard,9,10.088,9,True,8,72
7129,5215,8,8,7,standard,9,22.275,9,True,8,72
6802,5215,8,8,7,VIP,18,2.206,7,True,14,252
7700,5216,8,8,8,economy,3,3.634,1,True,4,12
7121,5216,8,8,8,standard,9,7.151,4,True,8,72
6733,5218,8,8,10,VIP,15,16.021,6,True,14,210
6896,5218,8,8,10,standard,9,11.128,7,True,8,72
7232,5220,8,8,12,standard,5,7.721,9,True,8,40
6928,5220,8,8,12,standard,9,6.214,8,True,8,72
6804,5220,8,8,12,VIP,15,4.761,6,True,14,210
7506,5221,8,8,13,economy,7,56.418,1,True,4,28
6777,5221,8,8,13,VIP,15,4.379,8,True,14,210
7827,5221,8,8,13,economy,9,26.019,10,True,4,36
7238,5222,8,8,14,standard,9,2.505,3,True,8,72
6709,5222,8,8,14,VIP,12,3.113,10,True,14,168
7772,5222,8,8,14,economy,7,46.48,10,True,4,28
6867,5223,8,8,15,standard,12,34.681,9,True,8,96
7688,5223,8,8,15,economy,7,8.873,5,True,4,28
7240,5224,8,8,16,standard,9,13.141,2,True,8,72
7784,5224,8,8,16,economy,7,8.648,9,False,4,0
7851,5224,8,8,16,economy,3,12.175,4,False,4,0
6970,5225,8,8,17,standard,7,14.556,10,True,8,56
7738,5225,8,8,17,economy,3,26.638,2,True,4,12
7531,5226,8,8,18,economy,7,39.693,1,False,4,0
7085,5226,8,8,18,standard,12,7.907,2,True,8,96
7172,5227,8,8,19,standard,12,10.048,7,True,8,96
6925,5230,8,8,22,standard,7,34.972,6,True,8,56
7334,5230,8,8,22,standard,7,2.144,6,True,8,56
7353,5231,8,8,23,standard,7,5.427,8,True,8,56
7817,5231,8,8,23,economy,3,14.652,6,True,4,12
7393,5233,8,9,1,standard,9,21.05,6,True,8,72
6959,5234,8,9,2,standard,9,1.766,2,True,8,72
6926,5234,8,9,2,standard,9,5.908,10,True,8,72
7755,5235,8,9,3,economy,3,2.533,8,True,4,12
6932,5235,8,9,3,standard,7,6.813,10,True,8,56
6985,5236,8,9,4,standard,12,8.747,5,False,8,0
7262,5236,8,9,4,standard,12,17.081,5,True,8,96
7307,5237,8,9,5,standard,9,2.992,7,True,8,72
7483,5238,8,9,6,economy,7,21.664,9,False,4,0
7691,5238,8,9,6,economy,5,10.429,8,False,4,0
7301,5238,8,9,6,standard,7,6.718,2,True,8,56
6869,5238,8,9,6,standard,9,8.616,5,True,8,72
7727,5239,8,9,7,economy,5,18.665,5,True,4,20
7512,5239,8,9,7,economy,9,52.18,4,True,4,36
6816,5240,8,9,8,VIP,18,9.841,7,True,14,252
6957,5241,8,9,9,standard,5,2.483,10,True,8,40
7046,5241,8,9,9,standard,7,4.018,1,False,8,0
7142,5241,8,9,9,standard,12,5.995,2,True,8,96
7131,5242,8,9,10,standard,9,10.444,8,True,8,72
7045,5242,8,9,10,standard,12,6.961,3,True,8,96
6894,5242,8,9,10,standard,5,2.278,4,True,8,40
7805,5243,8,9,11,economy,3,19.893,1,True,4,12
7385,5243,8,9,11,standard,9,10.641,6,True,8,72
7167,5244,8,9,12,standard,9,1.957,8,True,8,72
7661,5245,8,9,13,economy,9,34.95,6,True,4,36
7821,5246,8,9,14,economy,5,8.969,3,False,4,0
7011,5246,8,9,14,standard,9,7.804,1,True,8,72
7707,5247,8,9,15,economy,3,28.02,2,True,4,12
6779,5248,8,9,16,VIP,15,14.97,5,True,14,210
7729,5248,8,9,16,economy,7,57.363,10,False,4,0
6812,5249,8,9,17,VIP,12,2.45,4,True,14,168
7856,5249,8,9,17,economy,7,31.22,6,True,4,28
7356,5250,8,9,18,standard,9,29.703,8,True,8,72
7373,5250,8,9,18,standard,9,3.632,1,True,8,72
7858,5251,8,9,19,economy,7,13.973,6,True,4,28
7397,5251,8,9,19,standard,12,11.6,10,True,8,96
6751,5251,8,9,19,VIP,12,2.276,2,True,14,168
7368,5251,8,9,19,standard,9,4.035,8,True,8,72
6736,5252,8,9,20,VIP,12,0.754,9,True,14,168
7447,5252,8,9,20,economy,9,16.409,10,True,4,36
7355,5254,8,9,22,standard,7,24.83,1,True,8,56
7610,5255,8,9,23,economy,5,28.063,4,True,4,20
7706,5255,8,9,23,economy,5,15.377,9,True,4,20
7130,5255,8,9,23,standard,5,6.38,5,False,8,0
7728,5257,8,10,1,economy,7,9.784,1,True,4,28
7831,5258,8,10,2,economy,5,7.303,2,True,4,20
6801,5258,8,10,2,VIP,15,5.817,9,True,14,210
6760,5258,8,10,2,VIP,18,1.363,8,True,14,252
7222,5259,8,10,3,standard,5,18.426,8,True,8,40
7010,5259,8,10,3,standard,5,13.088,2,True,8,40
7383,5260,8,10,4,standard,9,17.846,7,True,8,72
7616,5261,8,10,5,economy,7,2.414,4,True,4,28
7470,5262,8,10,6,economy,3,16.614,10,True,4,12
7522,5263,8,10,7,economy,3,9.848,7,True,4,12
6706,5263,8,10,7,VIP,10,9.026,1,True,14,140
7153,5264,8,10,8,standard,9,14.125,7,False,8,0
7217,5264,8,10,8,standard,5,7.292,6,True,8,40
7260,5266,8,10,10,standard,7,3.361,1,False,8,0
6873,5266,8,10,10,standard,7,5.397,4,True,8,56
7753,5267,8,10,11,economy,5,9.068,2,True,4,20
7840,5267,8,10,11,economy,5,16.067,3,True,4,20
7567,5268,8,10,12,economy,7,30.997,6,True,4,28
7317,5269,8,10,13,standard,9,4.445,7,True,8,72
7746,5269,8,10,13,economy,5,18.992,6,True,4,20
7261,5269,8,10,13,standard,9,10.363,4,True,8,72
7811,5271,8,10,15,economy,5,17.02,4,True,4,20
7485,5272,8,10,16,economy,7,17.28,8,False,4,0
7472,5272,8,10,16,economy,5,22.285,3,True,4,20
7520,5273,8,10,17,economy,3,20.144,9,True,4,12
7521,5275,8,10,19,economy,7,5.956,2,True,4,28
7320,5275,8,10,19,standard,5,8.344,5,True,8,40
7785,5275,8,10,19,economy,9,15.208,9,True,4,36
7414,5276,8,10,20,economy,9,6.901,1,False,4,0
6747,5276,8,10,20,VIP,12,2.407,8,True,14,168
7201,5276,8,10,20,standard,9,16.314,9,True,8,72
7406,5277,8,10,21,economy,3,10.418,7,True,4,12
7622,5277,8,10,21,economy,3,6.51,6,True,4,12
6723,5278,8,10,22,VIP,15,2.968,5,True,14,210
6821,5279,8,10,23,VIP,15,3.443,8,True,14,210
7402,5280,8,11,0,standard,9,9.974,4,True,8,72
7211,5281,8,11,1,standard,9,22.159,9,True,8,72
7758,5282,8,11,2,economy,3,14.799,5,False,4,0
7578,5282,8,11,2,economy,5,3.07,8,False,4,0
7163,5283,8,11,3,standard,7,5.618,9,True,8,56
7597,5283,8,11,3,economy,7,14.691,10,True,4,28
7818,5284,8,11,4,economy,3,14.268,6,True,4,12
6731,5286,8,11,6,VIP,15,8.275,8,True,14,210
7606,5286,8,11,6,economy,3,12.9,3,True,4,12
7848,5286,8,11,6,economy,7,34.429,4,False,4,0
7200,5287,8,11,7,standard,5,9.891,2,True,8,40
7836,5288,8,11,8,economy,5,32.638,2,True,4,20
6827,5289,8,11,9,VIP,18,2.548,8,True,14,252
7603,5289,8,11,9,economy,3,5.122,6,True,4,12
7478,5289,8,11,9,economy,5,21.764,1,False,4,0
6810,5290,8,11,10,VIP,18,3.712,10,True,14,252
7825,5291,8,11,11,economy,7,33.553,7,True,4,28
7709,5291,8,11,11,economy,9,8.687,4,False,4,0
7117,5291,8,11,11,standard,7,4.277,3,True,8,56
7370,5293,8,11,13,standard,9,0.883,4,True,8,72
7169,5293,8,11,13,standard,9,4.268,2,True,8,72
7767,5293,8,11,13,economy,5,62.352,7,False,4,0
7288,5295,8,11,15,standard,9,4.708,1,True,8,72
6778,5295,8,11,15,VIP,18,8.858,9,True,14,252
7576,5296,8,11,16,economy,3,35.034,4,True,4,12
7697,5296,8,11,16,economy,7,4.133,7,True,4,28
7030,5296,8,11,16,standard,5,7.765,4,True,8,40
7444,5297,8,11,17,economy,7,32.167,6,True,4,28
7109,5298,8,11,18,standard,9,1.398,8,True,8,72
7424,5299,8,11,19,economy,5,17.184,6,False,4,0
7463,5300,8,11,20,economy,7,35.64,7,False,4,0
7726,5300,8,11,20,economy,3,6.349,2,True,4,12
7479,5300,8,11,20,economy,5,15.079,9,True,4,20
7804,5301,8,11,21,economy,5,10.087,2,True,4,20
7252,5301,8,11,21,standard,7,1.938,1,False,8,0
7558,5301,8,11,21,economy,3,13.287,4,True,4,12
7835,5301,8,11,21,economy,9,40.428,4,True,4,36
7612,5301,8,11,21,economy,5,45.196,8,True,4,20
7761,5301,8,11,21,economy,7,25.219,10,True,4,28
6841,5302,8,11,22,VIP,15,0.966,6,True,14,210
7321,5302,8,11,22,standard,9,6.744,2,True,8,72
6858,5302,8,11,22,standard,5,5.932,9,True,8,40
7847,5303,8,11,23,economy,7,15.618,5,True,4,28
7223,5303,8,11,23,standard,5,7.022,3,True,8,40
6886,5305,8,12,1,standard,7,11.888,5,False,8,0
6981,5306,8,12,2,standard,7,1.728,6,True,8,56
7396,5306,8,12,2,standard,5,3.648,2,True,8,40
7077,5306,8,12,2,standard,7,10.054,9,True,8,56
7525,5306,8,12,2,economy,3,13.129,9,True,4,12
6980,5307,8,12,3,standard,5,16.069,8,True,8,40
7146,5308,8,12,4,standard,12,4.036,5,True,8,96
6740,5308,8,12,4,VIP,10,6.243,8,True,14,140
7864,5309,8,12,5,economy,9,45.492,9,False,4,0
6875,5310,8,12,6,standard,9,7.141,7,True,8,72
7672,5311,8,12,7,economy,7,4.832,6,True,4,28
7705,5311,8,12,7,economy,9,56.476,4,False,4,0
6870,5311,8,12,7,standard,5,9.509,6,True,8,40
7136,5311,8,12,7,standard,9,15.953,6,True,8,72
7854,5312,8,12,8,economy,5,29.536,9,False,4,0
7035,5312,8,12,8,standard,9,1.826,4,True,8,72
7572,5313,8,12,9,economy,7,3.777,5,False,4,0
6799,5314,8,12,10,VIP,15,3.521,8,True,14,210
7763,5315,8,12,11,economy,9,40.756,3,True,4,36
7041,5315,8,12,11,standard,9,6.412,5,True,8,72
7866,5316,8,12,12,economy,9,11.909,3,True,4,36
7562,5316,8,12,12,economy,7,19.33,1,True,4,28
6795,5316,8,12,12,VIP,18,4.791,9,True,14,252
7505,5317,8,12,13,economy,7,12.686,1,True,4,28
7663,5317,8,12,13,economy,3,23.286,6,True,4,12
6871,5319,8,12,15,standard,7,1.722,7,True,8,56
7786,5320,8,12,16,economy,7,21.35,1,True,4,28
7681,5321,8,12,17,economy,9,20.612,4,True,4,36
6923,5321,8,12,17,standard,7,11.118,6,False,8,0
6864,5321,8,12,17,standard,12,15.506,7,True,8,96
7294,5323,8,12,19,standard,12,5.484,9,False,8,0
6866,5323,8,12,19,standard,9,9.554,2,True,8,72
6948,5325,8,12,21,standard,9,0.992,8,True,8,72
7717,5326,8,12,22,economy,3,36.736,4,True,4,12
7319,5326,8,12,22,standard,7,18.637,4,True,8,56
6803,5327,8,12,23,VIP,12,3.07,4,True,14,168
6942,5328,8,13,0,standard,12,6.088,3,True,8,96
6746,5328,8,13,0,VIP,15,3.325,6,True,14,210
7503,5329,8,13,1,economy,5,44.296,4,False,4,0
7253,5331,8,13,3,standard,7,3.766,4,True,8,56
7770,5331,8,13,3,economy,5,1.961,4,True,4,20
7751,5333,8,13,5,economy,7,17.722,4,True,4,28
7199,5334,8,13,6,standard,5,2.827,8,True,8,40
7235,5335,8,13,7,standard,5,12.205,1,True,8,40
7523,5337,8,13,9,economy,7,15.004,6,True,4,28
6835,5337,8,13,9,VIP,12,3.019,4,True,14,168
7553,5338,8,13,10,economy,9,45.056,3,True,4,36
7118,5338,8,13,10,standard,9,13.015,7,True,8,72
6935,5338,8,13,10,standard,9,19.408,5,True,8,72
6768,5339,8,13,11,VIP,12,7.915,1,True,14,168
7696,5339,8,13,11,economy,5,33.322,4,True,4,20
7003,5339,8,13,11,standard,7,9.29,7,False,8,0
6877,5340,8,13,12,standard,7,4.055,1,True,8,56
7564,5340,8,13,12,economy,7,18.147,1,True,4,28
6822,5340,8,13,12,VIP,12,3.786,8,True,14,168
7790,5341,8,13,13,economy,7,5.377,4,True,4,28
7779,5342,8,13,14,economy,5,16.452,6,True,4,20
7532,5343,8,13,15,economy,5,14.577,2,True,4,20
7828,5344,8,13,16,economy,3,10.61,9,False,4,0
7502,5344,8,13,16,economy,3,38.579,7,True,4,12
7704,5345,8,13,17,economy,5,2.807,7,False,4,0
6775,5345,8,13,17,VIP,15,3.024,9,True,14,210
7047,5346,8,13,18,standard,5,10.604,4,True,8,40
7096,5350,8,13,22,standard,9,3.647,2,True,8,72
7566,5351,8,13,23,economy,9,31.091,6,True,4,36
6764,5351,8,13,23,VIP,15,5.207,5,True,14,210
7272,5352,8,14,0,standard,5,9.281,2,True,8,40
7760,5353,8,14,1,economy,5,7.071,7,True,4,20
7325,5353,8,14,1,standard,12,4.745,10,False,8,0
7239,5354,8,14,2,standard,9,1.34,7,True,8,72
6855,5354,8,14,2,standard,9,3.262,5,False,8,0
6994,5354,8,14,2,standard,5,8.905,7,True,8,40
7278,5356,8,14,4,standard,7,12.254,8,True,8,56
7027,5356,8,14,4,standard,5,10.115,5,True,8,40
6818,5358,8,14,6,VIP,12,3.743,2,True,14,168
7152,5358,8,14,6,standard,7,21.1,8,True,8,56
6910,5359,8,14,7,standard,7,0.804,5,True,8,56
6766,5359,8,14,7,VIP,15,3.646,9,True,14,210
7104,5360,8,14,8,standard,5,4.947,5,True,8,40
7459,5360,8,14,8,economy,5,25.133,1,True,4,20
7475,5360,8,14,8,economy,5,25.536,7,True,4,20
7141,5361,8,14,9,standard,9,0.69,6,True,8,72
7607,5362,8,14,10,economy,3,25.012,2,True,4,12
7107,5362,8,14,10,standard,7,10.213,1,True,8,56
7870,5362,8,14,10,economy,3,29.607,9,True,4,12
7218,5363,8,14,11,standard,7,6.629,7,True,8,56
6890,5364,8,14,12,standard,9,7.143,8,True,8,72
7185,5365,8,14,13,standard,9,12.594,4,True,8,72
7789,5365,8,14,13,economy,3,57.323,5,True,4,12
7637,5366,8,14,14,economy,9,27.109,5,True,4,36
7329,5366,8,14,14,standard,5,4.089,7,True,8,40
6853,5367,8,14,15,standard,7,9.709,6,True,8,56
7657,5367,8,14,15,economy,5,3.35,3,True,4,20
7434,5367,8,14,15,economy,9,18.916,5,True,4,36
7548,5368,8,14,16,economy,3,21.264,9,True,4,12
6758,5369,8,14,17,VIP,12,6.283,1,True,14,168
7843,5369,8,14,17,economy,5,15.119,10,True,4,20
7683,5369,8,14,17,economy,9,24.332,1,True,4,36
6999,5370,8,14,18,standard,12,8.465,2,True,8,96
7291,5371,8,14,19,standard,5,3.261,6,False,8,0
6738,5371,8,14,19,VIP,12,1.076,9,True,14,168
7650,5372,8,14,20,economy,5,10.281,10,True,4,20
6849,5372,8,14,20,standard,12,8.27,5,True,8,96
6982,5372,8,14,20,standard,9,3.353,6,False,8,0
7699,5374,8,14,22,economy,7,8.918,9,True,4,28
7536,5375,8,14,23,economy,9,10.304,9,False,4,0
7323,5376,8,15,0,standard,7,3.689,2,True,8,56
7348,5376,8,15,0,standard,5,10.43,9,True,8,40
7101,5376,8,15,0,standard,12,8.226,5,True,8,96
7438,5377,8,15,1,economy,5,2.924,4,True,4,20
7664,5378,8,15,2,economy,7,44.356,8,True,4,28
7158,5379,8,15,3,standard,7,4.764,10,True,8,56
6857,5379,8,15,3,standard,12,7.037,7,True,8,96
6833,5380,8,15,4,VIP,15,8.308,9,True,14,210
6933,5381,8,15,5,standard,9,17.897,4,True,8,72
7083,5382,8,15,6,standard,5,5.359,2,True,8,40
7048,5383,8,15,7,standard,7,26.246,2,True,8,56
6771,5383,8,15,7,VIP,12,11.052,4,True,14,168
6762,5383,8,15,7,VIP,18,4.47,9,True,14,252
7747,5384,8,15,8,economy,3,17.983,2,True,4,12
6793,5385,8,15,9,VIP,18,4.412,7,True,14,252
6809,5386,8,15,10,VIP,10,2.716,10,True,14,140
7496,5387,8,15,11,economy,3,10.437,7,False,4,0
7350,5387,8,15,11,standard,9,11.403,8,True,8,72
6823,5387,8,15,11,VIP,15,1.707,7,True,14,210
6744,5389,8,15,13,VIP,18,0.722,10,True,14,252
7357,5390,8,15,14,standard,9,4.02,10,True,8,72
6755,5392,8,15,16,VIP,12,6.118,5,True,14,168
7545,5392,8,15,16,economy,7,15.67,6,False,4,0
7315,5393,8,15,17,standard,5,8.616,9,True,8,40
7639,5393,8,15,17,economy,9,18.111,3,True,4,36
6787,5394,8,15,18,VIP,15,9.133,8,True,14,210
7298,5395,8,15,19,standard,12,6.115,5,True,8,96
7581,5395,8,15,19,economy,7,19.694,2,False,4,0
6776,5395,8,15,19,VIP,15,7.984,6,True,14,210
7443,5395,8,15,19,economy,7,61.463,5,True,4,28
6990,5396,8,15,20,standard,5,12.038,5,True,8,40
7561,5396,8,15,20,economy,3,17.18,1,True,4,12
7150,5398,8,15,22,standard,5,7.454,1,True,8,40
7312,5399,8,15,23,standard,5,5.498,3,True,8,40
6889,5400,8,16,0,standard,12,2.741,1,True,8,96
6998,5400,8,16,0,standard,7,2.926,7,True,8,56
7569,5401,8,16,1,economy,7,13.778,2,False,4,0
7296,5401,8,16,1,standard,7,28.128,8,True,8,56
7473,5401,8,16,1,economy,7,9.18,10,True,4,28
7535,5401,8,16,1,economy,3,22.55,4,True,4,12
6850,5401,8,16,1,standard,9,6.917,4,True,8,72
7442,5402,8,16,2,economy,7,30.832,9,True,4,28
7255,5403,8,16,3,standard,7,7.414,2,True,8,56
6705,5403,8,16,3,VIP,15,0.453,8,True,14,210
7001,5403,8,16,3,standard,7,1.037,1,True,8,56
7069,5404,8,16,4,standard,12,1.398,1,True,8,96
7440,5405,8,16,5,economy,5,25.073,10,False,4,0
6743,5407,8,16,7,VIP,15,3.718,5,True,14,210
7713,5407,8,16,7,economy,5,9.177,1,True,4,20
6742,5407,8,16,7,VIP,18,1.327,9,True,14,252
7749,5408,8,16,8,economy,5,17.26,7,True,4,20
6924,5408,8,16,8,standard,7,11.982,3,True,8,56
7743,5411,8,16,11,economy,3,14.208,7,False,4,0
7112,5411,8,16,11,standard,7,6.15,10,True,8,56
7635,5412,8,16,12,economy,3,7.099,1,False,4,0
6908,5412,8,16,12,standard,12,10.129,9,True,8,96
6819,5412,8,16,12,VIP,10,3.169,6,True,14,140
7203,5412,8,16,12,standard,12,5.935,6,True,8,96
6848,5412,8,16,12,standard,9,3.068,2,True,8,72
7066,5412,8,16,12,standard,9,15.95,1,True,8,72
6938,5413,8,16,13,standard,12,14.28,2,True,8,96
7507,5414,8,16,14,economy,5,64.233,4,True,4,20
7037,5415,8,16,15,standard,7,16.366,3,True,8,56
7029,5416,8,16,16,standard,9,3.272,8,False,8,0
7057,5416,8,16,16,standard,9,21.832,10,True,8,72
7543,5417,8,16,17,economy,3,14.267,6,True,4,12
7631,5417,8,16,17,economy,5,39.116,3,True,4,20
7703,5418,8,16,18,economy,3,2.858,10,True,4,12
6989,5419,8,16,19,standard,9,11.585,3,True,8,72
7108,5420,8,16,20,standard,12,9.801,6,True,8,96
7486,5421,8,16,21,economy,3,19.154,9,True,4,12
7409,5421,8,16,21,economy,3,12.56,6,False,4,0
7033,5422,8,16,22,standard,7,3.165,5,True,8,56
7410,5422,8,16,22,economy,7,4.54,8,True,4,28
7166,5423,8,16,23,standard,5,19.404,8,True,8,40
6813,5423,8,16,23,VIP,10,6.889,4,True,14,140
7863,5423,8,16,23,economy,7,10.244,6,True,4,28
7219,5424,8,17,0,standard,7,0.292,7,True,8,56
7263,5425,8,17,1,standard,12,1.22,2,True,8,96
6904,5425,8,17,1,standard,5,4.241,2,True,8,40
7636,5426,8,17,2,economy,5,16.054,1,False,4,0
7742,5426,8,17,2,economy,3,13.738,2,True,4,12
6968,5427,8,17,3,standard,12,6.707,7,True,8,96
7337,5428,8,17,4,standard,9,6.437,10,True,8,72
6914,5428,8,17,4,standard,7,10.988,1,True,8,56
7722,5430,8,17,6,economy,5,14.129,3,False,4,0
7501,5430,8,17,6,economy,3,2.552,4,False,4,0
7073,5430,8,17,6,standard,7,7.692,2,True,8,56
7780,5431,8,17,7,economy,3,25.181,7,True,4,12
7100,5431,8,17,7,standard,7,9.14,8,True,8,56
7378,5431,8,17,7,standard,9,13.139,4,True,8,72
6780,5432,8,17,8,VIP,18,2.886,9,True,14,252
7829,5432,8,17,8,economy,7,35.794,1,True,4,28
7730,5434,8,17,10,economy,3,15.108,7,True,4,12
7116,5435,8,17,11,standard,9,4.435,8,True,8,72
7404,5435,8,17,11,standard,5,4.532,6,True,8,40
7308,5435,8,17,11,standard,7,1.716,7,True,8,56
6703,5436,8,17,12,VIP,15,3.945,5,True,14,210
7145,5436,8,17,12,standard,7,16.201,2,True,8,56
7508,5436,8,17,12,economy,7,22.372,1,True,4,28
7177,5436,8,17,12,standard,5,16.011,7,True,8,40
6979,5439,8,17,15,standard,5,8.341,4,False,8,0
6757,5439,8,17,15,VIP,12,6.836,1,True,14,168
6702,5440,8,17,16,VIP,15,6.146,7,True,14,210
7220,5441,8,17,17,standard,7,17.938,2,True,8,56
7810,5441,8,17,17,economy,5,11.795,8,True,4,20
6956,5442,8,17,18,standard,7,4.948,8,True,8,56
6934,5443,8,17,19,standard,7,20.402,9,True,8,56
6781,5443,8,17,19,VIP,15,4.302,7,True,14,210
7181,5446,8,17,22,standard,5,10.335,7,True,8,40
7678,5446,8,17,22,economy,5,17.651,2,False,4,0
6965,5447,8,17,23,standard,12,13.907,2,False,8,0
7036,5448,8,18,0,standard,9,4.124,3,True,8,72
7484,5448,8,18,0,economy,9,1.889,4,True,4,36
7006,5448,8,18,0,standard,7,4.674,4,True,8,56
7783,5449,8,18,1,economy,7,9.37,4,True,4,28
7160,5449,8,18,1,standard,7,17.03,1,True,8,56
7007,5449,8,18,1,standard,5,14.694,5,True,8,40
7043,5450,8,18,2,standard,5,11.583,3,True,8,40
6749,5451,8,18,3,VIP,15,10.206,9,True,14,210
7702,5452,8,18,4,economy,7,8.091,8,False,4,0
7838,5454,8,18,6,economy,3,5.002,10,True,4,12
6786,5454,8,18,6,VIP,10,0.441,3,True,14,140
7766,5455,8,18,7,economy,3,17.625,2,False,4,0
7332,5455,8,18,7,standard,5,7.653,6,True,8,40
7720,5456,8,18,8,economy,3,3.989,8,True,4,12
7775,5456,8,18,8,economy,5,20.783,10,False,4,0
6973,5457,8,18,9,standard,7,7.655,3,True,8,56
7615,5458,8,18,10,economy,3,20.189,4,False,4,0
7269,5459,8,18,11,standard,5,12.699,3,True,8,40
7040,5460,8,18,12,standard,5,23.406,4,True,8,40
7640,5460,8,18,12,economy,9,13.251,7,True,4,36
6880,5461,8,18,13,standard,5,2.314,5,False,8,0
7554,5462,8,18,14,economy,9,28.247,4,True,4,36
6711,5462,8,18,14,VIP,10,4.937,8,True,14,140
6737,5462,8,18,14,VIP,18,6.095,9,True,14,252
7162,5462,8,18,14,standard,9,11.966,3,True,8,72
7862,5463,8,18,15,economy,3,17.505,3,False,4,0
7384,5464,8,18,16,standard,5,15.297,2,True,8,40
7139,5464,8,18,16,standard,12,9.407,5,True,8,96
7594,5464,8,18,16,economy,5,7.848,2,True,4,20
7314,5466,8,18,18,standard,7,5.724,5,True,8,56
7611,5466,8,18,18,economy,5,37.481,4,True,4,20
7677,5467,8,18,19,economy,5,46.343,8,True,4,20
7467,5467,8,18,19,economy,7,15.317,7,True,4,28
7143,5469,8,18,21,standard,12,3.333,9,True,8,96
7680,5470,8,18,22,economy,5,33.584,9,True,4,20
7194,5470,8,18,22,standard,9,8.26,5,False,8,0
7246,5471,8,18,23,standard,5,30.197,3,False,8,0
6943,5471,8,18,23,standard,9,5.719,1,True,8,72
7412,5471,8,18,23,economy,5,34.02,3,True,4,20
7651,5472,8,19,0,economy,3,12.916,4,True,4,12
6783,5472,8,19,0,VIP,10,3.363,8,True,14,140
7371,5475,8,19,3,standard,5,11.729,3,True,8,40
7207,5475,8,19,3,standard,7,5.493,10,True,8,56
6860,5475,8,19,3,standard,9,4.425,6,True,8,72
6978,5475,8,19,3,standard,5,4.548,1,True,8,40
6752,5475,8,19,3,VIP,12,5.662,2,True,14,168
7577,5476,8,19,4,economy,5,21.926,2,True,4,20
7084,5477,8,19,5,standard,5,2.566,4,True,8,40
7494,5477,8,19,5,economy,7,7.369,1,True,4,28
6839,5478,8,19,6,VIP,18,2.889,9,True,14,252
7021,5478,8,19,6,standard,7,13.06,7,True,8,56
7052,5478,8,19,6,standard,7,8.641,5,True,8,56
7362,5478,8,19,6,standard,7,5.618,8,True,8,56
6790,5479,8,19,7,VIP,12,7.781,5,True,14,168
6892,5479,8,19,7,standard,7,10.427,5,True,8,56
7091,5480,8,19,8,standard,9,10.927,8,True,8,72
6817,5480,8,19,8,VIP,18,7.321,10,True,14,252
6721,5481,8,19,9,VIP,15,4.782,8,True,14,210
7585,5482,8,19,10,economy,5,13.8,10,False,4,0
7489,5483,8,19,11,economy,9,7.99,4,False,4,0
7394,5484,8,19,12,standard,9,4.549,8,True,8,72
7105,5485,8,19,13,standard,5,18.218,10,True,8,40
7644,5485,8,19,13,economy,7,12.27,10,True,4,28
7032,5485,8,19,13,standard,9,13.916,7,False,8,0
7330,5485,8,19,13,standard,7,5.53,2,True,8,56
7762,5489,8,19,17,economy,7,19.721,10,True,4,28
7099,5489,8,19,17,standard,7,10.453,6,True,8,56
7451,5489,8,19,17,economy,3,9.151,6,False,4,0
7245,5490,8,19,18,standard,5,2.432,1,True,8,40
6767,5491,8,19,19,VIP,12,5.645,5,True,14,168
6872,5491,8,19,19,standard,9,5.388,2,True,8,72
6986,5492,8,19,20,standard,5,4.664,10,True,8,40
7826,5492,8,19,20,economy,5,12.743,9,True,4,20
7686,5492,8,19,20,economy,7,7.724,4,True,4,28
7165,5492,8,19,20,standard,5,13.24,2,True,8,40
7841,5492,8,19,20,economy,5,3.524,10,False,4,0
7646,5493,8,19,21,economy,5,33.618,7,True,4,20
7094,5493,8,19,21,standard,9,1.529,2,True,8,72
6753,5495,8,19,23,VIP,15,1.501,6,True,14,210
7248,5495,8,19,23,standard,7,8.479,3,True,8,56
7149,5495,8,19,23,standard,5,3.433,9,True,8,40
7144,5495,8,19,23,standard,5,13.57,9,True,8,40
7019,5496,8,20,0,standard,9,3.812,6,True,8,72
7551,5497,8,20,1,economy,7,19.028,4,True,4,28
7865,5498,8,20,2,economy,5,0.705,5,True,4,20
7589,5500,8,20,4,economy,7,12.709,4,True,4,28
6829,5500,8,20,4,VIP,12,5.465,5,True,14,168
7405,5500,8,20,4,economy,5,17.966,2,True,4,20
7380,5500,8,20,4,standard,9,0.478,5,True,8,72
6814,5501,8,20,5,VIP,18,10.72,7,True,14,252
7764,5502,8,20,6,economy,5,17.445,6,True,4,20
7824,5502,8,20,6,economy,3,20.568,3,True,4,12
7281,5502,8,20,6,standard,9,6.627,2,True,8,72
7667,5503,8,20,7,economy,7,10.978,8,True,4,28
7721,5504,8,20,8,economy,5,6.551,3,False,4,0
6888,5506,8,20,10,standard,12,9.43,1,True,8,96
7692,5507,8,20,11,economy,3,9.359,8,True,4,12
7190,5508,8,20,12,standard,7,1.205,1,False,8,0
7013,5510,8,20,14,standard,12,18.365,5,True,8,96
7044,5510,8,20,14,standard,9,19.144,4,True,8,72
6887,5510,8,20,14,standard,7,6.77,2,True,8,56
6699,5511,8,20,15,VIP,18,1.234,8,True,14,252
7437,5512,8,20,16,economy,7,17.217,2,True,4,28
7098,5514,8,20,18,standard,7,4.007,7,True,8,56
6851,5514,8,20,18,standard,7,6.727,9,True,8,56
7490,5514,8,20,18,economy,7,18.092,1,True,4,28
7270,5515,8,20,19,standard,7,2.137,2,True,8,56
7517,5515,8,20,19,economy,5,17.927,5,False,4,0
6792,5516,8,20,20,VIP,12,4.428,10,True,14,168
7342,5517,8,20,21,standard,7,14.354,6,True,8,56
7737,5517,8,20,21,economy,3,31.948,4,True,4,12
7514,5518,8,20,22,economy,3,1.423,6,False,4,0
6917,5519,8,20,23,standard,9,8.308,5,True,8,72
7741,5519,8,20,23,economy,3,24.614,5,True,4,12
7106,5519,8,20,23,standard,9,20.201,2,True,8,72
7204,5519,8,20,23,standard,9,13.312,5,True,8,72
7541,5519,8,20,23,economy,5,6.874,4,True,4,20
7593,5520,8,21,0,economy,7,7.092,7,True,4,28
7114,5520,8,21,0,standard,9,38.002,1,False,8,0
7524,5520,8,21,0,economy,5,25.912,1,True,4,20
7382,5521,8,21,1,standard,9,12.714,1,True,8,72
7626,5521,8,21,1,economy,5,15.09,2,True,4,20
7241,5521,8,21,1,standard,9,3.901,6,True,8,72
7457,5521,8,21,1,economy,3,10.305,10,True,4,12
7119,5522,8,21,2,standard,12,7.621,10,True,8,96
7349,5522,8,21,2,standard,12,9.683,8,True,8,96
7423,5522,8,21,2,economy,7,19.808,7,True,4,28
7242,5523,8,21,3,standard,7,1.597,8,True,8,56
6946,5524,8,21,4,standard,12,11.417,2,True,8,96
7518,5524,8,21,4,economy,3,5.518,5,True,4,12
7234,5524,8,21,4,standard,9,10.812,5,True,8,72
7391,5524,8,21,4,standard,9,23.548,2,True,8,72
7719,5526,8,21,6,economy,5,4.619,8,True,4,20
7299,5526,8,21,6,standard,9,10.672,8,False,8,0
7645,5526,8,21,6,economy,7,20.914,3,True,4,28
7583,5527,8,21,7,economy,3,18.184,1,True,4,12
7557,5527,8,21,7,economy,9,12.905,5,True,4,36
7221,5527,8,21,7,standard,9,4.017,3,True,8,72
7544,5528,8,21,8,economy,5,11.775,8,True,4,20
7341,5528,8,21,8,standard,9,7.612,5,True,8,72
7137,5529,8,21,9,standard,5,1.507,8,True,8,40
7500,5530,8,21,10,economy,7,36.677,10,True,4,28
7328,5531,8,21,11,standard,7,17.889,1,True,8,56
7648,5532,8,21,12,economy,7,3.771,9,True,4,28
7563,5532,8,21,12,economy,5,14.132,10,False,4,0
7674,5532,8,21,12,economy,7,43.663,1,True,4,28
7187,5533,8,21,13,standard,7,3.388,1,True,8,56
7008,5534,8,21,14,standard,5,7.395,9,True,8,40
7658,5535,8,21,15,economy,5,13.716,6,False,4,0
7103,5536,8,21,16,standard,9,12.883,2,True,8,72
6921,5536,8,21,16,standard,5,7.069,8,True,8,40
7823,5537,8,21,17,economy,7,3.981,9,True,4,28
7454,5537,8,21,17,economy,9,21.267,6,True,4,36
7227,5537,8,21,17,standard,7,17.42,5,True,8,56
7694,5537,8,21,17,economy,3,9.642,6,True,4,12
7015,5538,8,21,18,standard,7,7.108,10,True,8,56
6856,5538,8,21,18,standard,9,3.584,2,True,8,72
6728,5539,8,21,19,VIP,18,5.947,8,True,14,252
7289,5539,8,21,19,standard,7,8.9,7,True,8,56
7274,5542,8,21,22,standard,9,36.627,3,True,8,72
6940,5544,8,22,0,standard,9,3.105,9,True,8,72
7331,5544,8,22,0,standard,5,10.402,9,True,8,40
7157,5544,8,22,0,standard,9,6.305,9,True,8,72
7655,5544,8,22,0,economy,3,11.995,4,True,4,12
7668,5546,8,22,2,economy,3,5.855,2,True,4,12
7455,5547,8,22,3,economy,5,34.23,10,True,4,20
7819,5548,8,22,4,economy,3,7.68,4,True,4,12
6782,5548,8,22,4,VIP,15,7.218,5,True,14,210
6988,5548,8,22,4,standard,7,6.546,7,True,8,56
7538,5548,8,22,4,economy,9,46.84,7,True,4,36
6918,5550,8,22,6,standard,5,4.613,2,True,8,40
7641,5550,8,22,6,economy,7,32.642,5,True,4,28
7542,5551,8,22,7,economy,5,4.913,6,True,4,20
6765,5552,8,22,8,VIP,15,5.941,9,True,14,210
7868,5553,8,22,9,economy,5,60.911,6,False,4,0
7025,5553,8,22,9,standard,9,11.643,3,True,8,72
6852,5553,8,22,9,standard,9,9.506,9,True,8,72
7381,5554,8,22,10,standard,7,14.799,9,True,8,56
7814,5555,8,22,11,economy,7,32.393,2,True,4,28
7020,5556,8,22,12,standard,9,4.469,6,True,8,72
7604,5557,8,22,13,economy,5,13.746,4,True,4,20
7627,5557,8,22,13,economy,5,8.941,1,True,4,20
7195,5558,8,22,14,standard,7,9.113,10,True,8,56
7540,5560,8,22,16,economy,9,10.408,8,True,4,36
7254,5561,8,22,17,standard,5,14.474,5,True,8,40
6735,5561,8,22,17,VIP,10,3.69,9,True,14,140
7516,5562,8,22,18,economy,9,21.65,2,True,4,36
7170,5562,8,22,18,standard,9,0.197,8,True,8,72
6825,5562,8,22,18,VIP,18,2.781,10,True,14,252
7846,5563,8,22,19,economy,9,20.078,1,True,4,36
7049,5564,8,22,20,standard,9,8.826,3,True,8,72
7765,5565,8,22,21,economy,5,27.192,5,True,4,20
7480,5565,8,22,21,economy,5,10.014,9,True,4,20
7559,5565,8,22,21,economy,3,15.575,4,True,4,12
7310,5566,8,22,22,standard,9,6.28,4,True,8,72
7014,5567,8,22,23,standard,5,9.009,7,True,8,40
7174,5567,8,22,23,standard,7,11.229,8,False,8,0
7276,5567,8,22,23,standard,5,5.648,3,True,8,40
6710,5567,8,22,23,VIP,12,2.57,8,True,14,168
6720,5568,8,23,0,VIP,15,2.752,6,True,14,210
7592,5568,8,23,0,economy,7,18.368,3,True,4,28
7504,5568,8,23,0,economy,5,19.233,7,True,4,20
6952,5569,8,23,1,standard,12,12.841,10,True,8,96
6971,5569,8,23,1,standard,9,2.979,7,True,8,72
7630,5569,8,23,1,economy,3,11.116,4,True,4,12
7407,5570,8,23,2,economy,9,39.664,3,True,4,36
7748,5570,8,23,2,economy,7,34.063,2,True,4,28
7698,5571,8,23,3,economy,5,66.242,1,True,4,20
7206,5571,8,23,3,standard,7,25.448,4,True,8,56
7808,5572,8,23,4,economy,3,0.541,1,True,4,12
7345,5572,8,23,4,standard,12,2.308,8,True,8,96
7303,5572,8,23,4,standard,7,11.114,4,True,8,56
6745,5572,8,23,4,VIP,12,1.299,7,True,14,168
7068,5572,8,23,4,standard,12,13.062,4,True,8,96
6911,5573,8,23,5,standard,12,2.422,4,True,8,96
7421,5574,8,23,6,economy,7,23.268,2,True,4,28
7028,5575,8,23,7,standard,9,3.958,9,False,8,0
7596,5575,8,23,7,economy,7,23.531,5,False,4,0
7265,5577,8,23,9,standard,7,3.118,7,True,8,56
7110,5579,8,23,11,standard,7,2.722,2,True,8,56
6865,5579,8,23,11,standard,7,3.645,7,True,8,56
7257,5579,8,23,11,standard,9,3.212,4,True,8,72
7724,5580,8,23,12,economy,9,15.535,10,True,4,36
7375,5581,8,23,13,standard,9,7.31,8,False,8,0
7176,5582,8,23,14,standard,7,2.165,2,True,8,56
7004,5583,8,23,15,standard,5,2.427,6,True,8,40
7799,5583,8,23,15,economy,7,6.096,1,True,4,28
7834,5583,8,23,15,economy,3,8.332,1,True,4,12
6961,5586,8,23,18,standard,5,7.9,4,True,8,40
7571,5586,8,23,18,economy,3,76.489,5,False,4,0
6727,5586,8,23,18,VIP,12,1.005,9,True,14,168
7465,5586,8,23,18,economy,5,23.626,4,True,4,20
7609,5588,8,23,20,economy,5,26.176,10,True,4,20
7750,5589,8,23,21,economy,7,14.054,6,True,4,28
7212,5589,8,23,21,standard,5,7.26,4,False,8,0
7327,5589,8,23,21,standard,12,23.838,9,True,8,96
7427,5590,8,23,22,economy,9,13.24,10,True,4,36
7125,5590,8,23,22,standard,7,2.33,3,True,8,56
6794,5592,8,24,0,VIP,15,5.322,9,True,14,210
7659,5594,8,24,2,economy,3,34.448,2,True,4,12
7446,5595,8,24,3,economy,5,5.85,4,True,4,20
6868,5596,8,24,4,standard,9,11.716,4,True,8,72
7869,5596,8,24,4,economy,3,32.65,9,False,4,0
7754,5597,8,24,5,economy,5,15.62,3,True,4,20
6949,5597,8,24,5,standard,7,10.524,2,True,8,56
6947,5599,8,24,7,standard,5,8.584,1,True,8,40
7092,5600,8,24,8,standard,9,6.578,3,True,8,72
6772,5600,8,24,8,VIP,12,2.357,4,True,14,168
7126,5601,8,24,9,standard,12,16.321,7,True,8,96
7807,5601,8,24,9,economy,5,37.351,9,True,4,20
7347,5603,8,24,11,standard,12,10.93,4,True,8,96
7460,5603,8,24,11,economy,3,12.977,1,False,4,0
6897,5603,8,24,11,standard,5,12.261,9,True,8,40
6945,5605,8,24,13,standard,7,11.788,8,True,8,56
7690,5607,8,24,15,economy,3,71.492,5,False,4,0
7788,5607,8,24,15,economy,3,13.38,6,False,4,0
7161,5607,8,24,15,standard,7,19.022,5,True,8,56
6881,5608,8,24,16,standard,5,3.966,2,True,8,40
6847,5609,8,24,17,standard,7,16.779,6,False,8,0
7736,5609,8,24,17,economy,5,12.173,4,True,4,20
7189,5609,8,24,17,standard,5,12.403,7,False,8,0
6838,5610,8,24,18,VIP,18,2.649,8,True,14,252
6977,5610,8,24,18,standard,12,6.68,4,True,8,96
7428,5611,8,24,19,economy,7,9.447,2,True,4,28
7173,5611,8,24,19,standard,7,5.279,3,True,8,56
7050,5611,8,24,19,standard,7,3.621,10,True,8,56
6891,5612,8,24,20,standard,5,18.144,2,True,8,40
6712,5613,8,24,21,VIP,15,2.137,9,True,14,210
7498,5614,8,24,22,economy,7,17.402,8,False,4,0
7792,5614,8,24,22,economy,7,10.493,4,True,4,28
7134,5615,8,24,23,standard,12,6.611,6,True,8,96
7433,5615,8,24,23,economy,3,2.713,5,True,4,12
7625,5615,8,24,23,economy,3,7.506,6,True,4,12
6861,5616,8,25,0,standard,7,22.273,1,True,8,56
6922,5616,8,25,0,standard,9,7.822,7,True,8,72
7852,5617,8,25,1,economy,5,17.675,2,True,4,20
7364,5617,8,25,1,standard,9,8.591,4,True,8,72
6929,5617,8,25,1,standard,5,5.543,1,False,8,0
7417,5617,8,25,1,economy,9,25.547,3,False,4,0
7633,5618,8,25,2,economy,5,14.683,9,True,4,20
7000,5618,8,25,2,standard,7,10.854,5,True,8,56
7605,5618,8,25,2,economy,9,4.665,1,False,4,0
6784,5618,8,25,2,VIP,10,1.479,8,True,14,140
6893,5618,8,25,2,standard,7,9.343,8,True,8,56
7867,5619,8,25,3,economy,3,6.036,4,True,4,12
7197,5620,8,25,4,standard,5,6.893,7,True,8,40
7798,5620,8,25,4,economy,7,15.452,8,True,4,28
7752,5621,8,25,5,economy,3,33.67,9,True,4,12
6879,5622,8,25,6,standard,5,8.671,5,True,8,40
7602,5622,8,25,6,economy,3,24.271,10,True,4,12
7159,5622,8,25,6,standard,12,6.181,6,True,8,96
7390,5623,8,25,7,standard,9,14.041,1,True,8,72
7339,5623,8,25,7,standard,12,6.781,8,True,8,96
6845,5625,8,25,9,standard,12,10.435,9,False,8,0
7398,5628,8,25,12,standard,5,6.256,10,True,8,40
6828,5628,8,25,12,VIP,12,1.604,10,True,14,168
7482,5628,8,25,12,economy,3,10.758,6,True,4,12
7123,5630,8,25,14,standard,5,2.606,5,True,8,40
6722,5631,8,25,15,VIP,18,2.201,8,True,14,252
7038,5632,8,25,16,standard,9,4.829,10,True,8,72
7352,5632,8,25,16,standard,9,2.295,9,True,8,72
7419,5632,8,25,16,economy,3,12.717,4,True,4,12
6748,5633,8,25,17,VIP,12,0.899,9,True,14,168
6963,5634,8,25,18,standard,12,0.24,1,False,8,0
7338,5638,8,25,22,standard,9,13.54,10,True,8,72
6960,5639,8,25,23,standard,5,4.218,10,True,8,40
7534,5641,8,26,1,economy,3,16.975,9,True,4,12
7202,5641,8,26,1,standard,5,10.033,6,True,8,40
6859,5641,8,26,1,standard,5,10.651,4,True,8,40
6836,5641,8,26,1,VIP,12,3.773,7,True,14,168
7685,5641,8,26,1,economy,5,20.291,4,False,4,0
6944,5643,8,26,3,standard,5,11.073,7,True,8,40
7024,5645,8,26,5,standard,7,4.257,7,True,8,56
7322,5645,8,26,5,standard,7,4.952,8,True,8,56
7180,5646,8,26,6,standard,7,16.17,7,True,8,56
7264,5646,8,26,6,standard,12,4.466,1,True,8,96
7628,5646,8,26,6,economy,7,26.211,1,True,4,28
7061,5647,8,26,7,standard,9,17.463,10,True,8,72
7456,5647,8,26,7,economy,5,31.252,8,True,4,20
6808,5647,8,26,7,VIP,15,1.313,7,True,14,210
7300,5648,8,26,8,standard,5,19.255,8,True,8,40
6984,5648,8,26,8,standard,5,3.413,5,True,8,40
7067,5648,8,26,8,standard,5,11.788,1,False,8,0
6831,5650,8,26,10,VIP,18,10.462,7,True,14,252
6840,5651,8,26,11,VIP,15,2.23,10,True,14,210
7208,5651,8,26,11,standard,5,7.385,6,True,8,40
6898,5651,8,26,11,standard,7,9.393,4,True,8,56
6769,5652,8,26,12,VIP,10,5.973,4,True,14,140
7491,5652,8,26,12,economy,3,33.619,7,True,4,12
7469,5653,8,26,13,economy,7,15.408,8,True,4,28
7395,5653,8,26,13,standard,9,2.021,8,True,8,72
7643,5653,8,26,13,economy,9,59.739,2,True,4,36
7855,5653,8,26,13,economy,5,19.968,6,True,4,20
6953,5654,8,26,14,standard,7,14.837,9,True,8,56
7056,5655,8,26,15,standard,5,4.746,9,True,8,40
7600,5655,8,26,15,economy,3,7.209,4,True,4,12
7042,5655,8,26,15,standard,9,1.078,10,True,8,72
7018,5655,8,26,15,standard,5,20.163,2,True,8,40
7620,5655,8,26,15,economy,5,8.528,8,True,4,20
7359,5656,8,26,16,standard,9,4.299,3,True,8,72
6796,5658,8,26,18,VIP,15,5.383,6,True,14,210
7271,5661,8,26,21,standard,7,4.009,6,True,8,56
7186,5661,8,26,21,standard,12,12.127,2,True,8,96
6902,5662,8,26,22,standard,7,3.101,8,True,8,56
7051,5662,8,26,22,standard,9,5.16,9,True,8,72
7556,5662,8,26,22,economy,3,3.176,9,True,4,12
7287,5662,8,26,22,standard,12,10.285,9,False,8,0
7718,5662,8,26,22,economy,3,11.351,7,True,4,12
7773,5662,8,26,22,economy,9,29.231,6,True,4,36
7408,5663,8,26,23,economy,7,9.798,7,True,4,28
6815,5664,8,27,0,VIP,12,7.88,10,True,14,168
7093,5664,8,27,0,standard,5,20.806,6,True,8,40
7191,5664,8,27,0,standard,7,22.32,9,True,8,56
7022,5664,8,27,0,standard,7,8.575,10,True,8,56
7624,5664,8,27,0,economy,3,36.168,5,False,4,0
6700,5665,8,27,1,VIP,15,1.717,5,True,14,210
7732,5665,8,27,1,economy,3,5.434,6,True,4,12
6797,5665,8,27,1,VIP,15,9.308,6,True,14,210
6876,5665,8,27,1,standard,5,8.059,7,True,8,40
7654,5666,8,27,2,economy,3,37.567,4,False,4,0
6798,5666,8,27,2,VIP,18,8.308,9,True,14,252
7537,5666,8,27,2,economy,7,6.23,7,True,4,28
7102,5667,8,27,3,standard,5,5.84,1,True,8,40
6704,5667,8,27,3,VIP,15,0.569,5,True,14,210
7515,5668,8,27,4,economy,3,32.493,2,True,4,12
7071,5669,8,27,5,standard,7,8.373,9,True,8,56
7693,5669,8,27,5,economy,3,31.259,7,True,4,12
7005,5669,8,27,5,standard,9,17.572,10,True,8,72
6907,5669,8,27,5,standard,7,9.909,9,True,8,56
6846,5671,8,27,7,standard,9,25.516,5,True,8,72
7777,5671,8,27,7,economy,3,2.865,5,True,4,12
7530,5672,8,27,8,economy,5,18.869,8,True,4,20
6903,5672,8,27,8,standard,9,11.547,3,False,8,0
7343,5672,8,27,8,standard,5,6.919,4,True,8,40
7215,5673,8,27,9,standard,7,3.255,10,True,8,56
7124,5673,8,27,9,standard,7,5.008,3,True,8,56
7776,5673,8,27,9,economy,7,5.342,6,True,4,28
7552,5674,8,27,10,economy,5,26.731,8,True,4,20
6976,5676,8,27,12,standard,9,11.346,3,False,8,0
6854,5676,8,27,12,standard,7,8.219,8,True,8,56
7716,5677,8,27,13,economy,5,12.99,7,True,4,20
6863,5678,8,27,14,standard,7,6.145,10,True,8,56
6763,5678,8,27,14,VIP,15,2.486,10,True,14,210
6906,5678,8,27,14,standard,5,6.146,4,True,8,40
6734,5679,8,27,15,VIP,15,4.345,10,True,14,210
7573,5679,8,27,15,economy,3,8.226,7,True,4,12
7673,5679,8,27,15,economy,5,62.992,5,True,4,20
7072,5680,8,27,16,standard,5,10.285,7,True,8,40
7464,5680,8,27,16,economy,3,22.588,1,True,4,12
7226,5680,8,27,16,standard,9,1.586,4,False,8,0
7243,5681,8,27,17,standard,5,16.577,4,True,8,40
7275,5682,8,27,18,standard,5,13.407,6,True,8,40
6874,5683,8,27,19,standard,12,16.453,10,True,8,96
7079,5683,8,27,19,standard,9,13.19,9,True,8,72
7135,5683,8,27,19,standard,12,9.457,6,True,8,96
7793,5683,8,27,19,economy,3,7.12,2,True,4,12
7388,5684,8,27,20,standard,12,3.7,5,True,8,96
6958,5684,8,27,20,standard,9,8.403,2,False,8,0
7403,5684,8,27,20,standard,7,4.11,6,True,8,56
7304,5685,8,27,21,standard,7,7.355,8,True,8,56
7802,5685,8,27,21,economy,5,11.929,1,True,4,20
7280,5685,8,27,21,standard,9,4.707,8,True,8,72
7582,5685,8,27,21,economy,5,41.087,7,False,4,0
7164,5685,8,27,21,standard,12,6.804,1,True,8,96
7179,5685,8,27,21,standard,5,28.407,6,True,8,40
7731,5686,8,27,22,economy,7,7.334,9,True,4,28
6913,5686,8,27,22,standard,9,10.61,7,True,8,72
7111,5687,8,27,23,standard,12,8.192,5,True,8,96
7547,5687,8,27,23,economy,7,42.036,3,True,4,28
7244,5687,8,27,23,standard,9,11.657,10,True,8,72
7340,5688,8,28,0,standard,7,8.162,1,True,8,56
7715,5688,8,28,0,economy,3,41.876,5,True,4,12
7860,5689,8,28,1,economy,5,48.716,6,True,4,20
7666,5689,8,28,1,economy,3,19.638,2,True,4,12
7431,5690,8,28,2,economy,3,43.811,5,True,4,12
7621,5690,8,28,2,economy,7,14.527,9,True,4,28
7660,5692,8,28,4,economy,3,17.279,9,False,4,0
6770,5692,8,28,4,VIP,15,7.357,5,True,14,210
7367,5693,8,28,5,standard,9,8.715,3,True,8,72
7740,5693,8,28,5,economy,3,16.494,6,True,4,12
7087,5693,8,28,5,standard,12,5.995,8,True,8,96
7511,5695,8,28,7,economy,3,16.263,5,True,4,12
7058,5695,8,28,7,standard,9,7.157,9,True,8,72
7588,5695,8,28,7,economy,3,10.043,7,True,4,12
7782,5696,8,28,8,economy,5,25.83,5,True,4,20
7687,5696,8,28,8,economy,5,13.469,10,True,4,20
7075,5697,8,28,9,standard,12,3.228,7,False,8,0
7436,5697,8,28,9,economy,9,17.355,3,True,4,36
7351,5697,8,28,9,standard,12,11.762,6,True,8,96
7795,5697,8,28,9,economy,3,8.584,7,True,4,12
6899,5697,8,28,9,standard,7,27.395,5,True,8,56
7063,5698,8,28,10,standard,12,7.547,6,True,8,96
7168,5698,8,28,10,standard,7,2.328,2,True,8,56
7665,5699,8,28,11,economy,9,12.157,7,True,4,36
7089,5700,8,28,12,standard,9,2.004,6,True,8,72
7365,5700,8,28,12,standard,9,6.891,9,False,8,0
7642,5701,8,28,13,economy,5,15.609,9,True,4,20
7800,5701,8,28,13,economy,5,13.134,5,True,4,20
7306,5702,8,28,14,standard,7,10.412,4,False,8,0
7495,5702,8,28,14,economy,9,14.68,2,False,4,0
7293,5702,8,28,14,standard,7,4.804,4,True,8,56
6996,5702,8,28,14,standard,7,1.519,5,True,8,56
7127,5702,8,28,14,standard,9,14.991,8,True,8,72
7064,5705,8,28,17,standard,5,16.928,3,True,8,40
7809,5706,8,28,18,economy,9,16.459,1,True,4,36
7568,5708,8,28,20,economy,3,41.812,10,True,4,12
7182,5708,8,28,20,standard,7,2.222,4,True,8,56
6824,5709,8,28,21,VIP,15,2.339,9,True,14,210
7147,5709,8,28,21,standard,5,19.866,7,True,8,40
6955,5709,8,28,21,standard,12,5.661,2,True,8,96
6974,5710,8,28,22,standard,12,6.526,8,True,8,96
7813,5711,8,28,23,economy,5,31.894,9,True,4,20
6785,5711,8,28,23,VIP,12,2.982,1,True,14,168
7682,5711,8,28,23,economy,3,56.765,4,False,4,0
7857,5711,8,28,23,economy,3,15.678,4,False,4,0
7497,5711,8,28,23,economy,7,16.551,5,True,4,28
7059,5712,8,29,0,standard,7,22.62,9,True,8,56
7361,5713,8,29,1,standard,12,10.701,9,True,8,96
6732,5713,8,29,1,VIP,12,0.982,8,True,14,168
7781,5714,8,29,2,economy,5,22.924,6,True,4,20
7002,5716,8,29,4,standard,7,3.001,10,True,8,56
6826,5717,8,29,5,VIP,15,9.155,8,True,14,210
7132,5717,8,29,5,standard,7,10.619,4,True,8,56
7832,5718,8,29,6,economy,7,4.479,6,True,4,28
6789,5719,8,29,7,VIP,15,7.836,6,True,14,210
7675,5719,8,29,7,economy,5,30.842,5,False,4,0
7820,5721,8,29,9,economy,3,17.356,8,True,4,12
7619,5721,8,29,9,economy,3,14.334,2,False,4,0
7590,5722,8,29,10,economy,3,17.013,9,True,4,12
6969,5723,8,29,11,standard,9,0.606,3,True,8,72
6936,5726,8,29,14,standard,12,6.509,9,True,8,96
7527,5726,8,29,14,economy,3,53.588,3,True,4,12
7618,5727,8,29,15,economy,7,25.585,6,True,4,28
7768,5727,8,29,15,economy,5,9.95,7,True,4,20
7429,5727,8,29,15,economy,5,12.403,6,True,4,20
7816,5728,8,29,16,economy,5,19.246,8,True,4,20
6844,5728,8,29,16,VIP,10,6.891,9,True,14,140
7771,5728,8,29,16,economy,7,17.017,7,True,4,28
7009,5729,8,29,17,standard,7,11.408,5,False,8,0
7097,5730,8,29,18,standard,7,9.796,7,True,8,56
7360,5731,8,29,19,standard,5,3.002,10,True,8,40
7839,5731,8,29,19,economy,3,25.209,1,True,4,12
6915,5732,8,29,20,standard,7,3.562,5,True,8,56
7363,5732,8,29,20,standard,7,15.515,2,True,8,56
7120,5732,8,29,20,standard,7,5.621,7,True,8,56
6954,5733,8,29,21,standard,7,7.986,10,True,8,56
7183,5735,8,29,23,standard,9,2.131,1,True,8,72
7138,5735,8,29,23,standard,12,2.024,10,True,8,96
7487,5738,8,30,2,economy,7,13.385,6,True,4,28
7769,5740,8,30,4,economy,3,14.989,3,True,4,12
7439,5741,8,30,5,economy,9,8.38,8,False,4,0
7712,5741,8,30,5,economy,3,4.232,5,True,4,12
7745,5741,8,30,5,economy,5,15.156,6,False,4,0
7739,5742,8,30,6,economy,7,43.556,10,True,4,28
7273,5742,8,30,6,standard,5,9.924,4,True,8,40
6708,5742,8,30,6,VIP,12,2.578,5,True,14,168
7584,5745,8,30,9,economy,3,38.074,7,True,4,12
6895,5745,8,30,9,standard,9,7.335,3,True,8,72
7122,5745,8,30,9,standard,7,7.189,9,True,8,56
7237,5745,8,30,9,standard,12,4.427,9,True,8,96
7513,5745,8,30,9,economy,3,6.603,6,True,4,12
7560,5746,8,30,10,economy,9,31.981,6,True,4,36
6878,5746,8,30,10,standard,9,10.822,7,True,8,72
7723,5746,8,30,10,economy,5,18.273,4,True,4,20
7090,5747,8,30,11,standard,9,6.052,10,True,8,72
7432,5748,8,30,12,economy,9,9.767,3,False,4,0
7757,5748,8,30,12,economy,9,29.077,8,True,4,36
7055,5748,8,30,12,standard,9,1.216,7,False,8,0
7725,5748,8,30,12,economy,3,34.697,8,True,4,12
7279,5750,8,30,14,standard,12,4.464,8,True,8,96
7128,5751,8,30,15,standard,5,6.217,7,False,8,0
7533,5751,8,30,15,economy,9,14.836,7,False,4,0
7354,5752,8,30,16,standard,7,6.875,4,True,8,56
7462,5753,8,30,17,economy,5,4.593,9,True,4,20
7344,5754,8,30,18,standard,12,2.765,5,True,8,96
6975,5757,8,30,21,standard,7,15.17,7,True,8,56
7617,5758,8,30,22,economy,5,11.849,7,False,4,0
7415,5758,8,30,22,economy,3,15.679,1,False,4,0
6807,5758,8,30,22,VIP,12,0.423,8,True,14,168
7178,5759,8,30,23,standard,12,10.451,5,True,8,96
8161,5760,9,1,0,standard,7,1.791,5,True,8,56
7878,5761,9,1,1,VIP,12,7.748,5,True,14,168
8779,5762,9,1,2,economy,7,2.209,1,True,4,28
8600,5763,9,1,3,economy,7,27.439,8,True,4,28
8380,5764,9,1,4,standard,9,5.207,2,True,8,72
8849,5764,9,1,4,economy,3,23.607,5,False,4,0
8636,5765,9,1,5,economy,3,13.167,4,True,4,12
8014,5766,9,1,6,standard,7,15.392,5,True,8,56
7929,5767,9,1,7,VIP,18,4.059,8,True,14,252
7949,5768,9,1,8,VIP,15,6.477,7,True,14,210
8848,5768,9,1,8,economy,7,8.993,9,True,4,28
8546,5769,9,1,9,economy,3,29.676,1,True,4,12
8075,5769,9,1,9,standard,9,15.7,3,True,8,72
8124,5770,9,1,10,standard,12,14.755,4,False,8,0
8415,5771,9,1,11,standard,7,0.478,7,True,8,56
8283,5772,9,1,12,standard,7,2.018,4,True,8,56
8280,5772,9,1,12,standard,12,6.857,8,True,8,96
8272,5773,9,1,13,standard,7,3.97,3,True,8,56
8732,5773,9,1,13,economy,7,16.062,3,False,4,0
8396,5773,9,1,13,standard,9,5.873,7,True,8,72
7883,5774,9,1,14,VIP,12,4.386,8,True,14,168
8398,5774,9,1,14,standard,5,5.48,2,True,8,40
8477,5775,9,1,15,economy,3,9.794,5,False,4,0
8709,5775,9,1,15,economy,9,6.471,8,True,4,36
8015,5775,9,1,15,standard,9,3.956,4,True,8,72
8792,5776,9,1,16,economy,5,43.699,6,False,4,0
8802,5776,9,1,16,economy,3,22.016,3,False,4,0
8669,5776,9,1,16,economy,7,6.737,1,True,4,28
8590,5778,9,1,18,economy,9,5.362,2,True,4,36
7976,5778,9,1,18,standard,7,5.899,7,True,8,56
8002,5779,9,1,19,standard,7,4.033,2,True,8,56
8235,5782,9,1,22,standard,5,18.424,5,True,8,40
8694,5782,9,1,22,economy,5,39.196,10,True,4,20
8539,5784,9,2,0,economy,7,1.568,9,True,4,28
7923,5785,9,2,1,VIP,15,8.585,5,True,14,210
8688,5787,9,2,3,economy,3,8.593,3,True,4,12
8507,5788,9,2,4,economy,3,16.281,7,True,4,12
8654,5788,9,2,4,economy,5,47.379,3,True,4,20
8750,5788,9,2,4,economy,5,19.86,2,True,4,20
8850,5789,9,2,5,economy,7,8.613,4,True,4,28
8437,5790,9,2,6,standard,12,3.146,8,True,8,96
8485,5790,9,2,6,economy,7,12.893,7,True,4,28
8667,5791,9,2,7,economy,3,28.996,6,True,4,12
8734,5793,9,2,9,economy,7,12.23,10,True,4,28
8247,5793,9,2,9,standard,7,4.707,9,True,8,56
8565,5793,9,2,9,economy,3,11.536,8,True,4,12
8288,5793,9,2,9,standard,9,11.827,1,True,8,72
8178,5794,9,2,10,standard,7,9.771,3,True,8,56
8454,5795,9,2,11,economy,3,8.652,6,True,4,12
8515,5796,9,2,12,economy,3,15.624,1,True,4,12
8558,5796,9,2,12,economy,9,31.549,7,True,4,36
8153,5796,9,2,12,standard,9,7.404,2,True,8,72
7959,5796,9,2,12,VIP,18,13.001,8,True,14,252
8643,5798,9,2,14,economy,3,17.492,2,True,4,12
8011,5798,9,2,14,standard,7,3.167,1,True,8,56
8528,5799,9,2,15,economy,9,9.119,8,False,4,0
8592,5800,9,2,16,economy,7,12.879,4,True,4,28
8337,5800,9,2,16,standard,7,1.411,10,False,8,0
8578,5801,9,2,17,economy,7,36.044,3,True,4,28
8092,5802,9,2,18,standard,5,3.121,9,True,8,40
8365,5802,9,2,18,standard,9,2.659,9,True,8,72
8728,5803,9,2,19,economy,5,19.387,10,False,4,0
8284,5806,9,2,22,standard,9,3.703,9,True,8,72
8168,5806,9,2,22,standard,7,12.561,10,True,8,56
8587,5806,9,2,22,economy,3,13.844,1,True,4,12
7874,5807,9,2,23,VIP,15,4.686,5,False,14,0
8564,5807,9,2,23,economy,5,1.694,8,False,4,0
7992,5808,9,3,0,standard,9,14.571,4,True,8,72
8311,5808,9,3,0,standard,12,7.83,1,True,8,96
8005,5809,9,3,1,standard,12,6.115,1,True,8,96
8138,5810,9,3,2,standard,9,3.258,1,True,8,72
8795,5810,9,3,2,economy,7,10.897,7,True,4,28
8051,5811,9,3,3,standard,12,3.769,9,True,8,96
8559,5811,9,3,3,economy,9,5.824,7,True,4,36
8798,5811,9,3,3,economy,5,23.833,1,True,4,20
7990,5812,9,3,4,standard,7,8.616,8,True,8,56
8527,5813,9,3,5,economy,7,28.787,8,True,4,28
8276,5814,9,3,6,standard,9,22.774,10,True,8,72
8019,5814,9,3,6,standard,7,17.067,9,False,8,0
8162,5814,9,3,6,standard,5,15.633,7,True,8,40
7985,5816,9,3,8,standard,12,6.144,8,True,8,96
8829,5817,9,3,9,economy,7,23.143,10,True,4,28
8425,5818,9,3,10,standard,7,3.307,9,True,8,56
8197,5819,9,3,11,standard,12,4.857,1,True,8,96
7980,5819,9,3,11,standard,12,13.979,4,True,8,96
8764,5820,9,3,12,economy,7,41.129,3,True,4,28
8574,5820,9,3,12,economy,3,22.676,10,True,4,12
8382,5820,9,3,12,standard,9,10.364,3,True,8,72
8533,5820,9,3,12,economy,3,22.274,10,False,4,0
8433,5821,9,3,13,standard,9,7.058,6,True,8,72
8665,5822,9,3,14,economy,3,39.333,3,False,4,0
7989,5822,9,3,14,standard,9,3.633,6,False,8,0
8607,5822,9,3,14,economy,7,19.356,9,True,4,28
8562,5823,9,3,15,economy,5,58.225,6,True,4,20
8007,5824,9,3,16,standard,9,20.617,7,True,8,72
8084,5824,9,3,16,standard,9,7.18,1,True,8,72
8080,5826,9,3,18,standard,9,2.895,7,True,8,72
8567,5827,9,3,19,economy,5,7.872,8,True,4,20
8621,5828,9,3,20,economy,7,26.246,5,True,4,28
8786,5829,9,3,21,economy,5,21.8,4,True,4,20
7927,5829,9,3,21,VIP,15,1.762,10,True,14,210
8328,5831,9,3,23,standard,12,12.685,5,True,8,96
8534,5832,9,4,0,economy,3,43.439,4,True,4,12
8181,5832,9,4,0,standard,12,5.041,9,True,8,96
7997,5833,9,4,1,standard,5,12.405,6,True,8,40
8529,5834,9,4,2,economy,5,32.181,2,True,4,20
8110,5834,9,4,2,standard,7,11.54,7,True,8,56
8357,5835,9,4,3,standard,5,6.385,6,True,8,40
8023,5837,9,4,5,standard,12,6.187,2,True,8,96
8416,5837,9,4,5,standard,12,2.379,1,True,8,96
8473,5838,9,4,6,economy,5,21.561,3,True,4,20
8302,5838,9,4,6,standard,5,17.61,4,True,8,40
7919,5839,9,4,7,VIP,18,3.483,9,True,14,252
7930,5839,9,4,7,VIP,15,1.872,7,True,14,210
8403,5840,9,4,8,standard,5,4.409,5,True,8,40
8591,5840,9,4,8,economy,7,2.928,1,False,4,0
8298,5842,9,4,10,standard,9,13.633,6,True,8,72
7908,5842,9,4,10,VIP,18,8.048,7,True,14,252
8223,5843,9,4,11,standard,7,11.704,1,True,8,56
8148,5845,9,4,13,standard,12,14.198,5,True,8,96
8225,5846,9,4,14,standard,9,8.033,4,True,8,72
8765,5848,9,4,16,economy,9,1.537,9,False,4,0
8243,5849,9,4,17,standard,7,3.564,10,True,8,56
8137,5850,9,4,18,standard,5,19.208,3,True,8,40
8781,5851,9,4,19,economy,7,29.655,5,True,4,28
8040,5851,9,4,19,standard,12,6.094,1,True,8,96
8256,5852,9,4,20,standard,9,18.015,3,True,8,72
8063,5852,9,4,20,standard,9,11.22,10,True,8,72
8762,5852,9,4,20,economy,3,2.869,8,True,4,12
8805,5853,9,4,21,economy,5,34.055,5,True,4,20
8440,5853,9,4,21,standard,7,15.549,3,True,8,56
8386,5854,9,4,22,standard,7,3.538,1,True,8,56
8625,5855,9,4,23,economy,5,29.359,2,True,4,20
8582,5855,9,4,23,economy,5,47.028,5,False,4,0
8690,5855,9,4,23,economy,3,22.908,5,False,4,0
8347,5855,9,4,23,standard,12,7.475,10,False,8,0
7937,5856,9,5,0,VIP,15,0.221,6,True,14,210
7922,5857,9,5,1,VIP,10,6.693,8,True,14,140
7994,5857,9,5,1,standard,7,6.096,6,True,8,56
8815,5857,9,5,1,economy,3,40.26,5,True,4,12
8470,5858,9,5,2,economy,7,4.086,4,True,4,28
7977,5858,9,5,2,standard,9,1.29,4,True,8,72
8445,5859,9,5,3,economy,5,41.699,3,False,4,0
7967,5860,9,5,4,standard,7,5.06,1,True,8,56
8334,5860,9,5,4,standard,7,4.685,7,True,8,56
8541,5861,9,5,5,economy,9,26.642,2,True,4,36
8504,5861,9,5,5,economy,5,34.405,8,True,4,20
8524,5862,9,5,6,economy,9,43.805,3,True,4,36
7921,5862,9,5,6,VIP,10,4.639,5,True,14,140
8196,5864,9,5,8,standard,12,17.546,3,True,8,96
8012,5865,9,5,9,standard,5,1.21,1,True,8,40
7907,5866,9,5,10,VIP,12,3.382,10,True,14,168
8675,5866,9,5,10,economy,5,3.03,8,True,4,20
8511,5866,9,5,10,economy,5,50.421,9,False,4,0
8331,5867,9,5,11,standard,5,6.1,3,True,8,40
8034,5867,9,5,11,standard,7,7.976,4,False,8,0
7872,5868,9,5,12,VIP,10,3.127,6,True,14,140
8071,5869,9,5,13,standard,9,6.179,1,True,8,72
8503,5869,9,5,13,economy,3,39.136,10,False,4,0
8183,5870,9,5,14,standard,7,7.302,5,True,8,56
8294,5870,9,5,14,standard,5,16.521,3,True,8,40
8121,5870,9,5,14,standard,9,4.173,8,True,8,72
8021,5873,9,5,17,standard,7,2.407,4,False,8,0
8192,5875,9,5,19,standard,7,6.122,4,True,8,56
8658,5875,9,5,19,economy,5,33.422,8,True,4,20
8489,5876,9,5,20,economy,9,60.138,10,True,4,36
8710,5876,9,5,20,economy,5,28.357,10,True,4,20
8682,5878,9,5,22,economy,7,45.754,7,True,4,28
8566,5880,9,6,0,economy,5,15.123,1,True,4,20
8369,5880,9,6,0,standard,9,4.481,5,True,8,72
8064,5881,9,6,1,standard,5,8.116,6,True,8,40
8170,5882,9,6,2,standard,7,5.003,7,True,8,56
7951,5884,9,6,4,VIP,15,1.775,6,True,14,210
8753,5884,9,6,4,economy,5,20.916,6,True,4,20
8602,5886,9,6,6,economy,5,9.455,6,True,4,20
8598,5888,9,6,8,economy,5,30.454,10,True,4,20
8545,5890,9,6,10,economy,7,10.371,4,True,4,28
8650,5890,9,6,10,economy,9,28.637,9,True,4,36
8506,5892,9,6,12,economy,3,7.395,4,False,4,0
8725,5892,9,6,12,economy,7,24.723,6,False,4,0
8505,5893,9,6,13,economy,3,12.637,1,True,4,12
8282,5893,9,6,13,standard,5,1.528,10,True,8,40
8601,5893,9,6,13,economy,5,25.817,1,True,4,20
8083,5894,9,6,14,standard,9,12.356,3,True,8,72
8799,5894,9,6,14,economy,7,10.735,5,True,4,28
8711,5895,9,6,15,economy,7,49.304,1,True,4,28
8432,5896,9,6,16,standard,7,12.447,9,True,8,56
8029,5896,9,6,16,standard,7,3.817,5,True,8,56
8671,5897,9,6,17,economy,5,29.165,9,True,4,20
8526,5897,9,6,17,economy,5,23.943,9,True,4,20
8787,5899,9,6,19,economy,7,22.693,5,True,4,28
8752,5900,9,6,20,economy,7,5.291,5,False,4,0
8309,5900,9,6,20,standard,7,8.465,3,True,8,56
8464,5900,9,6,20,economy,3,40.058,10,True,4,12
7955,5900,9,6,20,VIP,18,4.296,8,True,14,252
8455,5901,9,6,21,economy,7,4.277,3,True,4,28
8393,5901,9,6,21,standard,5,2.482,9,True,8,40
8656,5901,9,6,21,economy,9,5.629,3,True,4,36
8535,5903,9,6,23,economy,9,17.843,9,False,4,0
8522,5903,9,6,23,economy,7,29.565,8,False,4,0
8229,5903,9,6,23,standard,9,20.182,2,True,8,72
7991,5904,9,7,0,standard,7,5.389,6,True,8,56
8031,5905,9,7,1,standard,9,9.898,2,True,8,72
8258,5905,9,7,1,standard,7,12.365,6,False,8,0
8266,5906,9,7,2,standard,7,9.291,9,True,8,56
8427,5908,9,7,4,standard,5,9.621,2,True,8,40
8306,5909,9,7,5,standard,12,19.259,6,True,8,96
8205,5910,9,7,6,standard,7,10.803,3,True,8,56
8241,5910,9,7,6,standard,5,2.847,8,True,8,40
8171,5910,9,7,6,standard,9,9.532,6,True,8,72
8346,5911,9,7,7,standard,7,13.565,9,True,8,56
7986,5911,9,7,7,standard,9,4.458,4,True,8,72
8214,5911,9,7,7,standard,7,4.813,3,True,8,56
8340,5914,9,7,10,standard,7,7.846,6,True,8,56
8187,5914,9,7,10,standard,7,5.858,2,True,8,56
8388,5915,9,7,11,standard,9,27.271,6,True,8,72
8098,5915,9,7,11,standard,7,11.683,9,True,8,56
8660,5916,9,7,12,economy,5,26.166,8,True,4,20
8700,5917,9,7,13,economy,3,14.485,7,True,4,12
8748,5918,9,7,14,economy,3,3.372,3,True,4,12
8648,5918,9,7,14,economy,7,11.122,6,True,4,28
8583,5918,9,7,14,economy,3,8.631,3,True,4,12
8438,5920,9,7,16,standard,9,10.651,4,True,8,72
8285,5920,9,7,16,standard,12,8.964,4,True,8,96
8642,5920,9,7,16,economy,5,11.516,9,True,4,20
7932,5922,9,7,18,VIP,12,8.081,10,False,14,0
8707,5924,9,7,20,economy,7,31.273,8,False,4,0
8609,5925,9,7,21,economy,7,4.148,4,True,4,28
8459,5925,9,7,21,economy,3,6.823,8,True,4,12
8441,5925,9,7,21,economy,5,5.476,9,True,4,20
8245,5926,9,7,22,standard,7,18.211,1,True,8,56
8794,5927,9,7,23,economy,3,22.049,3,True,4,12
8687,5927,9,7,23,economy,5,35.291,7,False,4,0
8453,5927,9,7,23,economy,7,11.089,3,True,4,28
8167,5927,9,7,23,standard,5,19.621,8,True,8,40
8224,5927,9,7,23,standard,12,19.293,4,True,8,96
8451,5928,9,8,0,economy,3,14.989,6,True,4,12
7968,5928,9,8,0,standard,12,0.716,7,True,8,96
8370,5929,9,8,1,standard,5,10.024,4,True,8,40
8314,5930,9,8,2,standard,9,17.367,2,False,8,0
8845,5930,9,8,2,economy,3,15.992,7,True,4,12
8635,5930,9,8,2,economy,3,39.957,3,True,4,12
8624,5930,9,8,2,economy,5,5.11,7,False,4,0
8606,5931,9,8,3,economy,7,19.265,3,False,4,0
8448,5931,9,8,3,economy,7,28.243,2,False,4,0
7971,5932,9,8,4,standard,9,11.827,4,True,8,72
8776,5932,9,8,4,economy,5,16.987,10,True,4,20
8426,5933,9,8,5,standard,9,11.106,2,True,8,72
8097,5933,9,8,5,standard,12,7.908,10,True,8,96
7886,5934,9,8,6,VIP,12,4.82,8,True,14,168
8261,5935,9,8,7,standard,7,12.404,9,False,8,0
8712,5935,9,8,7,economy,5,17.682,3,True,4,20
8653,5935,9,8,7,economy,3,11.477,10,True,4,12
8333,5936,9,8,8,standard,7,18.843,7,True,8,56
8502,5936,9,8,8,economy,3,30.754,9,True,4,12
8209,5936,9,8,8,standard,7,3.135,4,True,8,56
8385,5936,9,8,8,standard,7,3.97,2,True,8,56
8036,5936,9,8,8,standard,9,3.132,10,True,8,72
8377,5937,9,8,9,standard,9,7.854,8,True,8,72
7966,5938,9,8,10,standard,9,9.578,1,True,8,72
8089,5939,9,8,11,standard,5,9.523,1,True,8,40
8086,5940,9,8,12,standard,12,5.276,9,True,8,96
8851,5942,9,8,14,economy,3,7.232,9,True,4,12
8155,5942,9,8,14,standard,5,11.167,1,True,8,40
8822,5942,9,8,14,economy,3,29.326,5,True,4,12
8525,5942,9,8,14,economy,5,20.929,5,True,4,20
8758,5943,9,8,15,economy,9,8.004,1,True,4,36
8537,5944,9,8,16,economy,9,65.848,7,True,4,36
8447,5944,9,8,16,economy,3,19.257,2,True,4,12
8461,5945,9,8,17,economy,3,21.728,7,False,4,0
8611,5945,9,8,17,economy,5,7.229,3,True,4,20
8024,5945,9,8,17,standard,7,20.729,3,False,8,0
7902,5946,9,8,18,VIP,10,1.178,2,True,14,140
7972,5947,9,8,19,standard,7,13.181,10,True,8,56
8296,5948,9,8,20,standard,7,7.885,3,True,8,56
8358,5949,9,8,21,standard,7,6.424,6,True,8,56
8573,5951,9,8,23,economy,7,11.144,9,True,4,28
8004,5952,9,9,0,standard,9,3.941,3,False,8,0
8696,5953,9,9,1,economy,7,25.478,6,False,4,0
8439,5954,9,9,2,standard,9,14.527,10,True,8,72
7973,5954,9,9,2,standard,7,2.716,7,False,8,0
8811,5955,9,9,3,economy,9,9.615,3,True,4,36
8585,5955,9,9,3,economy,5,9.138,2,True,4,20
8617,5955,9,9,3,economy,5,8.201,3,True,4,20
8482,5956,9,9,4,economy,3,31.371,3,True,4,12
8339,5957,9,9,5,standard,9,13.002,5,True,8,72
8604,5958,9,9,6,economy,7,29.116,3,True,4,28
8500,5959,9,9,7,economy,5,11.085,10,True,4,20
8496,5960,9,9,8,economy,7,28.043,4,True,4,28
8490,5961,9,9,9,economy,5,31.464,10,False,4,0
8180,5961,9,9,9,standard,9,9.748,1,True,8,72
8387,5961,9,9,9,standard,9,23.335,6,True,8,72
8751,5962,9,9,10,economy,5,51.192,9,True,4,20
8269,5964,9,9,12,standard,5,6.89,8,True,8,40
8249,5964,9,9,12,standard,9,9.528,6,True,8,72
7993,5965,9,9,13,standard,12,18.839,6,False,8,0
8008,5967,9,9,15,standard,9,7.42,2,True,8,72
8659,5967,9,9,15,economy,3,29.898,9,True,4,12
8057,5968,9,9,16,standard,9,3.26,8,False,8,0
8840,5968,9,9,16,economy,3,16.386,1,True,4,12
8062,5969,9,9,17,standard,5,1.871,1,True,8,40
8251,5969,9,9,17,standard,5,2.464,2,True,8,40
8204,5969,9,9,17,standard,9,3.394,1,True,8,72
8033,5970,9,9,18,standard,9,8.013,8,True,8,72
8733,5971,9,9,19,economy,7,52.907,7,True,4,28
8045,5971,9,9,19,standard,5,8.068,7,False,8,0
7969,5972,9,9,20,standard,7,7.464,9,False,8,0
7983,5972,9,9,20,standard,7,18.892,2,True,8,56
8101,5973,9,9,21,standard,5,5.121,9,True,8,40
8755,5974,9,9,22,economy,3,28.469,2,True,4,12
8407,5974,9,9,22,standard,7,4.901,2,False,8,0
8413,5974,9,9,22,standard,12,9.339,2,True,8,96
8189,5976,9,10,0,standard,7,15.299,10,True,8,56
8702,5976,9,10,0,economy,3,35.554,7,True,4,12
8847,5977,9,10,1,economy,3,40.27,5,True,4,12
7963,5977,9,10,1,VIP,18,1.889,9,True,14,252
8159,5977,9,10,1,standard,7,8.834,6,True,8,56
8144,5978,9,10,2,standard,7,15.805,7,True,8,56
8166,5978,9,10,2,standard,7,9.18,2,True,8,56
8716,5979,9,10,3,economy,3,33.038,10,False,4,0
8069,5980,9,10,4,standard,9,15.64,3,False,8,0
8310,5980,9,10,4,standard,9,4.885,5,True,8,72
8279,5981,9,10,5,standard,9,1.483,10,True,8,72
8681,5981,9,10,5,economy,5,10.206,8,True,4,20
8547,5985,9,10,9,economy,9,2.735,6,True,4,36
7931,5985,9,10,9,VIP,12,6.527,8,True,14,168
8201,5986,9,10,10,standard,9,5.389,7,True,8,72
8313,5986,9,10,10,standard,7,5.108,3,True,8,56
8003,5986,9,10,10,standard,9,22.055,8,True,8,72
8837,5986,9,10,10,economy,7,3.944,3,True,4,28
8332,5988,9,10,12,standard,5,16.474,10,True,8,40
8744,5988,9,10,12,economy,9,4.24,6,False,4,0
8430,5989,9,10,13,standard,7,1.871,3,False,8,0
8329,5989,9,10,13,standard,12,23.225,7,True,8,96
8397,5989,9,10,13,standard,5,13.601,8,True,8,40
8301,5990,9,10,14,standard,7,4.191,3,False,8,0
8721,5990,9,10,14,economy,7,8.576,7,True,4,28
8147,5991,9,10,15,standard,5,9.517,7,True,8,40
8191,5993,9,10,17,standard,12,6.059,6,False,8,0
8359,5994,9,10,18,standard,7,8.215,10,True,8,56
8047,5996,9,10,20,standard,5,6.341,10,True,8,40
7890,5996,9,10,20,VIP,10,8.992,7,True,14,140
8784,5996,9,10,20,economy,7,16.598,7,True,4,28
7988,5999,9,10,23,standard,9,5.408,5,True,8,72
7905,6000,9,11,0,VIP,18,4.41,9,False,14,0
8190,6000,9,11,0,standard,7,2.625,5,True,8,56
8326,6001,9,11,1,standard,5,7.572,6,True,8,40
8630,6001,9,11,1,economy,5,49.206,5,True,4,20
8341,6004,9,11,4,standard,5,6.362,2,True,8,40
8338,6004,9,11,4,standard,7,7.998,7,True,8,56
8563,6004,9,11,4,economy,9,34.747,9,False,4,0
8273,6006,9,11,6,standard,5,7.013,4,True,8,40
8610,6006,9,11,6,economy,3,22.769,10,False,4,0
8538,6006,9,11,6,economy,7,9.306,6,True,4,28
8747,6006,9,11,6,economy,9,18.011,10,False,4,0
8853,6007,9,11,7,economy,5,21.888,6,True,4,20
8589,6009,9,11,9,economy,3,13.771,4,True,4,12
8016,6009,9,11,9,standard,5,8.48,5,True,8,40
8308,6010,9,11,10,standard,12,31.976,5,True,8,96
8134,6010,9,11,10,standard,7,14.444,5,True,8,56
8179,6011,9,11,11,standard,12,7.832,6,True,8,96
8673,6011,9,11,11,economy,5,22.383,10,True,4,20
8467,6013,9,11,13,economy,3,53.437,1,True,4,12
8508,6014,9,11,14,economy,9,16.43,1,True,4,36
8475,6016,9,11,16,economy,9,14.897,10,False,4,0
7917,6017,9,11,17,VIP,18,6.039,8,True,14,252
8093,6018,9,11,18,standard,7,8.931,9,True,8,56
8480,6018,9,11,18,economy,5,67.635,5,True,4,20
8354,6020,9,11,20,standard,9,9.467,5,True,8,72
8640,6022,9,11,22,economy,5,13.785,6,False,4,0
8343,6022,9,11,22,standard,9,16.659,3,True,8,72
8628,6023,9,11,23,economy,3,17.747,1,False,4,0
8499,6024,9,12,0,economy,3,15.717,1,True,4,12
8129,6025,9,12,1,standard,7,17.468,8,True,8,56
8428,6026,9,12,2,standard,7,10.733,10,True,8,56
7964,6027,9,12,3,VIP,15,7.868,10,True,14,210
8649,6027,9,12,3,economy,5,43.147,2,True,4,20
8520,6027,9,12,3,economy,3,12.012,3,True,4,12
8038,6027,9,12,3,standard,9,10.465,2,True,8,72
8411,6028,9,12,4,standard,9,6.726,7,True,8,72
8255,6028,9,12,4,standard,5,4.893,1,True,8,40
8222,6029,9,12,5,standard,9,3.991,8,True,8,72
8322,6029,9,12,5,standard,12,4.371,4,True,8,96
8844,6029,9,12,5,economy,3,7.382,10,True,4,12
8814,6030,9,12,6,economy,3,20.052,4,True,4,12
7893,6030,9,12,6,VIP,12,1.552,7,False,14,0
8362,6031,9,12,7,standard,7,1.88,6,True,8,56
8151,6031,9,12,7,standard,5,10.563,2,True,8,40
8481,6032,9,12,8,economy,3,11.901,9,False,4,0
7975,6032,9,12,8,standard,5,17.614,5,True,8,40
8350,6032,9,12,8,standard,7,6.113,4,True,8,56
8323,6034,9,12,10,standard,9,6.014,4,True,8,72
8419,6035,9,12,11,standard,7,2.688,4,True,8,56
8777,6036,9,12,12,economy,3,4.996,9,False,4,0
8188,6036,9,12,12,standard,7,11.901,4,True,8,56
8783,6036,9,12,12,economy,7,7.163,3,True,4,28
8401,6037,9,12,13,standard,9,12.899,9,True,8,72
8163,6037,9,12,13,standard,7,14.061,9,True,8,56
8736,6037,9,12,13,economy,7,21.925,4,True,4,28
8020,6037,9,12,13,standard,7,3.786,4,True,8,56
8689,6038,9,12,14,economy,5,6.978,5,True,4,20
8165,6038,9,12,14,standard,7,11.149,8,True,8,56
8462,6039,9,12,15,economy,5,14.845,3,True,4,20
8199,6039,9,12,15,standard,7,8.547,3,True,8,56
8820,6039,9,12,15,economy,3,12.324,2,True,4,12
8523,6040,9,12,16,economy,5,15.271,8,True,4,20
7954,6040,9,12,16,VIP,12,2.198,1,True,14,168
8368,6041,9,12,17,standard,5,19.553,1,True,8,40
8819,6041,9,12,17,economy,5,3.03,7,True,4,20
8843,6041,9,12,17,economy,9,4.718,7,True,4,36
8142,6041,9,12,17,standard,7,14.827,6,False,8,0
8509,6043,9,12,19,economy,7,54.119,6,True,4,28
8228,6044,9,12,20,standard,7,3.41,10,True,8,56
7996,6044,9,12,20,standard,5,10.486,3,False,8,0
7970,6044,9,12,20,standard,12,11.841,2,True,8,96
8478,6044,9,12,20,economy,5,25.098,1,True,4,20
8281,6044,9,12,20,standard,7,2.863,2,True,8,56
8808,6044,9,12,20,economy,5,8.823,9,True,4,20
8140,6045,9,12,21,standard,5,2.212,10,True,8,40
8746,6046,9,12,22,economy,7,15.549,10,False,4,0
8037,6046,9,12,22,standard,9,20.433,6,True,8,72
8586,6047,9,12,23,economy,3,44.423,3,True,4,12
8594,6047,9,12,23,economy,7,9.746,2,True,4,28
7911,6048,9,13,0,VIP,10,2.757,8,True,14,140
7950,6048,9,13,0,VIP,18,2.379,8,True,14,252
8394,6048,9,13,0,standard,5,8.013,10,False,8,0
8164,6049,9,13,1,standard,5,6.402,8,True,8,40
8099,6050,9,13,2,standard,12,5.976,2,True,8,96
8315,6050,9,13,2,standard,9,5.902,7,True,8,72
8638,6053,9,13,5,economy,7,21.333,8,True,4,28
8830,6053,9,13,5,economy,7,10.45,4,True,4,28
8443,6053,9,13,5,economy,7,15.725,3,True,4,28
8275,6054,9,13,6,standard,5,9.279,3,True,8,40
8497,6054,9,13,6,economy,5,80.56,6,False,4,0
8429,6056,9,13,8,standard,9,11.675,8,True,8,72
8405,6058,9,13,10,standard,12,13.799,10,True,8,96
8372,6058,9,13,10,standard,7,15.837,8,False,8,0
8483,6059,9,13,11,economy,3,3.648,8,True,4,12
7873,6059,9,13,11,VIP,10,2.981,2,True,14,140
8577,6059,9,13,11,economy,5,8.171,1,True,4,20
8737,6059,9,13,11,economy,5,4.482,7,True,4,20
8686,6060,9,13,12,economy,3,35.344,6,True,4,12
8835,6061,9,13,13,economy,9,25.205,1,False,4,0
8072,6062,9,13,14,standard,9,5.254,7,True,8,72
8109,6063,9,13,15,standard,7,3.359,4,True,8,56
8203,6063,9,13,15,standard,7,3.706,8,True,8,56
8130,6063,9,13,15,standard,5,6.0,10,True,8,40
8458,6064,9,13,16,economy,5,30.064,8,True,4,20
8572,6066,9,13,18,economy,5,11.763,6,True,4,20
8105,6066,9,13,18,standard,5,1.835,6,True,8,40
8718,6066,9,13,18,economy,7,5.929,7,True,4,28
7961,6067,9,13,19,VIP,18,6.637,9,True,14,252
8114,6068,9,13,20,standard,5,3.385,3,True,8,40
8146,6070,9,13,22,standard,9,5.216,6,True,8,72
8278,6072,9,14,0,standard,7,11.705,7,True,8,56
8801,6073,9,14,1,economy,5,34.023,4,True,4,20
8324,6073,9,14,1,standard,7,6.85,8,True,8,56
8025,6074,9,14,2,standard,9,3.508,2,True,8,72
8457,6074,9,14,2,economy,7,25.069,7,True,4,28
8103,6075,9,14,3,standard,7,2.424,8,True,8,56
8773,6075,9,14,3,economy,7,3.615,4,True,4,28
8584,6075,9,14,3,economy,3,4.201,1,True,4,12
7897,6075,9,14,3,VIP,15,0.456,6,True,14,210
8177,6076,9,14,4,standard,7,18.875,4,True,8,56
8680,6078,9,14,6,economy,5,11.915,8,False,4,0
8325,6078,9,14,6,standard,7,14.071,10,True,8,56
8317,6078,9,14,6,standard,7,5.138,1,True,8,56
8446,6079,9,14,7,economy,7,9.038,5,False,4,0
8754,6079,9,14,7,economy,5,10.891,2,True,4,20
8463,6079,9,14,7,economy,3,9.46,10,True,4,12
8595,6080,9,14,8,economy,5,12.322,4,True,4,20
7887,6080,9,14,8,VIP,18,2.644,8,True,14,252
8639,6083,9,14,11,economy,5,18.029,1,True,4,20
8042,6083,9,14,11,standard,5,6.451,7,True,8,40
8774,6084,9,14,12,economy,7,14.095,9,True,4,28
8090,6084,9,14,12,standard,5,8.59,7,True,8,40
8102,6086,9,14,14,standard,7,16.328,2,True,8,56
8193,6087,9,14,15,standard,7,19.474,2,True,8,56
8321,6087,9,14,15,standard,5,8.995,5,True,8,40
7978,6087,9,14,15,standard,9,0.644,1,True,8,72
8785,6087,9,14,15,economy,5,10.788,1,False,4,0
7999,6087,9,14,15,standard,12,11.877,10,True,8,96
8252,6089,9,14,17,standard,5,6.085,9,True,8,40
7914,6089,9,14,17,VIP,12,5.31,1,True,14,168
7920,6089,9,14,17,VIP,10,2.863,2,True,14,140
8242,6089,9,14,17,standard,9,4.173,6,False,8,0
8662,6090,9,14,18,economy,7,25.782,3,True,4,28
8593,6090,9,14,18,economy,3,9.165,2,True,4,12
8307,6090,9,14,18,standard,12,10.102,3,False,8,0
8373,6091,9,14,19,standard,12,2.566,10,True,8,96
8356,6091,9,14,19,standard,9,5.532,9,True,8,72
8149,6092,9,14,20,standard,7,17.923,10,True,8,56
8623,6095,9,14,23,economy,3,28.359,5,True,4,12
7910,6096,9,15,0,VIP,12,6.64,6,True,14,168
8399,6097,9,15,1,standard,7,0.68,9,True,8,56
8652,6097,9,15,1,economy,3,25.432,9,True,4,12
8789,6099,9,15,3,economy,5,52.975,6,True,4,20
8816,6100,9,15,4,economy,3,9.615,2,True,4,12
7877,6102,9,15,6,VIP,15,3.842,7,True,14,210
8342,6102,9,15,6,standard,7,2.022,1,True,8,56
8542,6103,9,15,7,economy,5,55.065,1,False,4,0
8812,6104,9,15,8,economy,5,6.497,7,True,4,20
8633,6105,9,15,9,economy,7,16.455,1,True,4,28
8782,6106,9,15,10,economy,7,11.201,5,True,4,28
7900,6106,9,15,10,VIP,15,12.552,6,False,14,0
8028,6106,9,15,10,standard,5,2.139,3,True,8,40
8641,6107,9,15,11,economy,5,23.882,4,False,4,0
8060,6108,9,15,12,standard,5,1.014,7,False,8,0
7875,6108,9,15,12,VIP,12,4.605,6,True,14,168
7946,6109,9,15,13,VIP,18,1.8,10,True,14,252
8719,6109,9,15,13,economy,7,23.971,7,True,4,28
8139,6110,9,15,14,standard,12,1.517,6,True,8,96
8692,6110,9,15,14,economy,5,39.553,6,True,4,20
8277,6111,9,15,15,standard,9,2.146,2,True,8,72
8664,6113,9,15,17,economy,5,13.967,7,True,4,20
8727,6115,9,15,19,economy,5,10.472,8,True,4,20
7916,6117,9,15,21,VIP,12,3.889,2,True,14,168
8771,6118,9,15,22,economy,3,7.333,9,False,4,0
8596,6120,9,16,0,economy,7,39.227,2,True,4,28
8378,6121,9,16,1,standard,5,10.865,5,True,8,40
8465,6121,9,16,1,economy,7,20.519,7,True,4,28
8392,6121,9,16,1,standard,7,6.711,10,True,8,56
8391,6123,9,16,3,standard,5,5.992,10,True,8,40
8846,6123,9,16,3,economy,7,6.533,8,False,4,0
8054,6124,9,16,4,standard,9,7.029,4,True,8,72
8085,6125,9,16,5,standard,7,7.828,6,True,8,56
8714,6125,9,16,5,economy,7,7.089,7,True,4,28
8521,6125,9,16,5,economy,5,19.159,2,True,4,20
8297,6126,9,16,6,standard,5,10.648,2,True,8,40
8185,6126,9,16,6,standard,9,3.38,8,True,8,72
7894,6126,9,16,6,VIP,18,4.799,9,True,14,252
7947,6126,9,16,6,VIP,18,3.727,9,True,14,252
8693,6127,9,16,7,economy,3,51.208,7,True,4,12
8699,6128,9,16,8,economy,5,14.17,1,False,4,0
8217,6128,9,16,8,standard,12,19.838,6,True,8,96
8841,6129,9,16,9,economy,3,5.741,4,True,4,12
8076,6132,9,16,12,standard,7,6.485,2,True,8,56
8218,6134,9,16,14,standard,9,17.904,7,True,8,72
8705,6134,9,16,14,economy,5,8.593,9,True,4,20
7926,6134,9,16,14,VIP,12,14.096,6,True,14,168
8549,6136,9,16,16,economy,5,8.986,7,True,4,20
8022,6138,9,16,18,standard,5,15.662,8,False,8,0
8739,6140,9,16,20,economy,3,6.213,9,True,4,12
8304,6140,9,16,20,standard,5,5.817,2,True,8,40
8456,6140,9,16,20,economy,7,10.571,3,True,4,28
8818,6140,9,16,20,economy,3,13.689,10,True,4,12
8371,6141,9,16,21,standard,9,8.723,5,True,8,72
8554,6141,9,16,21,economy,5,9.08,8,True,4,20
8096,6141,9,16,21,standard,5,7.206,10,True,8,40
8513,6141,9,16,21,economy,7,9.209,6,False,4,0
7979,6141,9,16,21,standard,9,6.316,1,True,8,72
8211,6141,9,16,21,standard,9,14.783,4,True,8,72
8791,6142,9,16,22,economy,7,42.951,1,True,4,28
7953,6142,9,16,22,VIP,12,2.904,5,True,14,168
8580,6143,9,16,23,economy,3,11.396,1,True,4,12
8293,6143,9,16,23,standard,7,2.536,1,True,8,56
8039,6145,9,17,1,standard,7,27.139,6,True,8,56
7938,6145,9,17,1,VIP,15,1.521,9,True,14,210
8735,6146,9,17,2,economy,5,33.683,4,True,4,20
8059,6146,9,17,2,standard,7,27.993,10,True,8,56
8176,6148,9,17,4,standard,9,9.434,6,True,8,72
8560,6148,9,17,4,economy,5,7.975,1,True,4,20
7933,6150,9,17,6,VIP,10,3.951,4,True,14,140
8431,6152,9,17,8,standard,9,10.415,6,True,8,72
7934,6153,9,17,9,VIP,12,0.371,7,True,14,168
8517,6153,9,17,9,economy,7,14.418,10,True,4,28
8017,6154,9,17,10,standard,5,13.097,9,True,8,40
8622,6154,9,17,10,economy,7,25.531,10,True,4,28
8550,6155,9,17,11,economy,7,9.226,4,True,4,28
8556,6156,9,17,12,economy,5,11.552,8,True,4,20
8576,6157,9,17,13,economy,3,22.733,5,True,4,12
8760,6158,9,17,14,economy,5,28.243,2,True,4,20
8548,6160,9,17,16,economy,7,13.819,10,False,4,0
7884,6160,9,17,16,VIP,12,8.117,3,True,14,168
8374,6160,9,17,16,standard,7,12.072,1,True,8,56
8381,6160,9,17,16,standard,9,6.884,1,False,8,0
8361,6161,9,17,17,standard,5,6.977,2,True,8,40
8418,6162,9,17,18,standard,7,5.495,9,False,8,0
7948,6162,9,17,18,VIP,10,2.99,2,True,14,140
8568,6162,9,17,18,economy,3,7.465,1,True,4,12
8184,6162,9,17,18,standard,9,1.991,8,True,8,72
8626,6162,9,17,18,economy,5,30.929,1,False,4,0
8803,6163,9,17,19,economy,5,16.342,4,True,4,20
8614,6163,9,17,19,economy,3,2.955,10,True,4,12
8156,6164,9,17,20,standard,7,10.258,5,True,8,56
8082,6164,9,17,20,standard,12,12.969,6,True,8,96
8460,6165,9,17,21,economy,7,30.958,3,True,4,28
8061,6166,9,17,22,standard,9,2.947,7,True,8,72
8152,6167,9,17,23,standard,12,12.247,4,False,8,0
8055,6168,9,18,0,standard,9,1.34,9,True,8,72
8832,6168,9,18,0,economy,9,47.998,2,True,4,36
8227,6169,9,18,1,standard,5,2.843,10,False,8,0
8123,6170,9,18,2,standard,9,4.315,7,True,8,72
8128,6170,9,18,2,standard,7,3.572,6,True,8,56
8634,6170,9,18,2,economy,5,1.936,2,True,4,20
8561,6170,9,18,2,economy,7,4.823,2,True,4,28
8749,6171,9,18,3,economy,5,23.283,4,True,4,20
8544,6172,9,18,4,economy,3,8.555,7,True,4,12
7912,6173,9,18,5,VIP,12,13.322,3,True,14,168
8118,6177,9,18,9,standard,5,1.068,5,True,8,40
7958,6178,9,18,10,VIP,12,1.126,3,True,14,168
8570,6178,9,18,10,economy,3,56.491,8,True,4,12
8194,6178,9,18,10,standard,5,5.557,7,True,8,40
8300,6179,9,18,11,standard,7,6.803,5,True,8,56
8713,6179,9,18,11,economy,3,3.732,4,True,4,12
8663,6180,9,18,12,economy,9,4.269,6,True,4,36
8154,6180,9,18,12,standard,5,13.296,10,True,8,40
8551,6180,9,18,12,economy,3,20.476,2,False,4,0
8195,6181,9,18,13,standard,9,4.752,4,True,8,72
8608,6182,9,18,14,economy,5,58.12,2,True,4,20
8131,6183,9,18,15,standard,9,7.392,5,True,8,72
8352,6184,9,18,16,standard,7,8.216,9,True,8,56
8833,6185,9,18,17,economy,7,13.369,4,True,4,28
8336,6186,9,18,18,standard,9,13.364,9,True,8,72
7984,6187,9,18,19,standard,12,19.578,1,True,8,96
8715,6188,9,18,20,economy,9,19.961,8,False,4,0
8087,6189,9,18,21,standard,7,14.658,5,True,8,56
8260,6190,9,18,22,standard,7,8.775,10,True,8,56
8514,6191,9,18,23,economy,5,14.168,9,True,4,20
8360,6191,9,18,23,standard,7,2.248,7,True,8,56
8479,6192,9,19,0,economy,3,52.723,10,True,4,12
8320,6192,9,19,0,standard,7,13.7,8,True,8,56
7943,6193,9,19,1,VIP,18,6.028,9,True,14,252
8597,6194,9,19,2,economy,3,7.784,9,True,4,12
8817,6195,9,19,3,economy,3,25.965,10,False,4,0
8274,6195,9,19,3,standard,7,2.828,1,True,8,56
8219,6196,9,19,4,standard,5,6.107,2,True,8,40
8677,6196,9,19,4,economy,9,32.905,4,True,4,36
8253,6198,9,19,6,standard,5,19.43,6,False,8,0
7965,6198,9,19,6,VIP,15,6.548,10,True,14,210
8335,6199,9,19,7,standard,7,11.969,6,True,8,56
8724,6201,9,19,9,economy,7,9.812,5,True,4,28
8717,6202,9,19,10,economy,7,15.425,9,False,4,0
8081,6202,9,19,10,standard,9,4.252,4,True,8,72
8672,6203,9,19,11,economy,9,8.047,2,True,4,36
8553,6204,9,19,12,economy,5,16.596,10,True,4,20
8809,6205,9,19,13,economy,5,40.373,6,True,4,20
8676,6206,9,19,14,economy,9,43.514,1,False,4,0
8248,6206,9,19,14,standard,12,9.619,9,True,8,96
7904,6206,9,19,14,VIP,10,1.712,10,True,14,140
8259,6209,9,19,17,standard,9,16.009,6,True,8,72
8108,6210,9,19,18,standard,9,6.902,2,True,8,72
8701,6211,9,19,19,economy,3,8.553,4,True,4,12
8644,6211,9,19,19,economy,3,14.0,4,False,4,0
8375,6213,9,19,21,standard,5,13.788,1,True,8,40
7982,6213,9,19,21,standard,5,20.141,2,True,8,40
8666,6214,9,19,22,economy,3,52.267,8,True,4,12
8742,6214,9,19,22,economy,3,6.446,6,True,4,12
8013,6215,9,19,23,standard,9,7.979,3,False,8,0
8095,6217,9,20,1,standard,7,10.456,3,True,8,56
8263,6217,9,20,1,standard,5,11.498,2,True,8,40
7945,6221,9,20,5,VIP,12,1.58,6,True,14,168
8613,6223,9,20,7,economy,7,34.545,6,True,4,28
8287,6223,9,20,7,standard,12,5.801,10,True,8,96
8828,6223,9,20,7,economy,7,6.888,10,False,4,0
8629,6224,9,20,8,economy,9,18.39,7,True,4,36
8708,6225,9,20,9,economy,5,9.152,2,True,4,20
8303,6225,9,20,9,standard,12,10.362,5,False,8,0
8001,6225,9,20,9,standard,7,7.01,1,True,8,56
8049,6226,9,20,10,standard,12,15.895,3,False,8,0
7901,6227,9,20,11,VIP,15,2.73,6,False,14,0
8703,6227,9,20,11,economy,7,18.589,9,True,4,28
8035,6228,9,20,12,standard,12,7.827,6,True,8,96
8414,6228,9,20,12,standard,9,10.869,7,True,8,72
7913,6229,9,20,13,VIP,10,10.069,7,True,14,140
7895,6229,9,20,13,VIP,18,3.031,10,True,14,252
8706,6230,9,20,14,economy,9,14.172,10,True,4,36
8412,6231,9,20,15,standard,7,8.919,9,True,8,56
8530,6232,9,20,16,economy,5,29.075,8,True,4,20
8769,6233,9,20,17,economy,7,11.31,3,True,4,28
8831,6234,9,20,18,economy,3,15.454,4,False,4,0
8436,6236,9,20,20,standard,12,11.886,9,False,8,0
8348,6237,9,20,21,standard,12,6.361,5,True,8,96
8766,6238,9,20,22,economy,5,25.143,6,True,4,20
8119,6241,9,21,1,standard,5,14.133,3,True,8,40
7957,6242,9,21,2,VIP,15,2.455,8,True,14,210
8264,6242,9,21,2,standard,5,12.158,10,True,8,40
8645,6244,9,21,4,economy,5,25.444,2,True,4,20
8825,6245,9,21,5,economy,3,7.188,6,True,4,12
8345,6245,9,21,5,standard,5,25.613,3,True,8,40
8810,6246,9,21,6,economy,5,13.973,1,True,4,20
8210,6246,9,21,6,standard,9,14.789,2,True,8,72
8364,6246,9,21,6,standard,7,4.715,1,True,8,56
8424,6246,9,21,6,standard,9,1.057,10,False,8,0
8237,6248,9,21,8,standard,7,15.488,10,True,8,56
8157,6248,9,21,8,standard,7,14.487,7,True,8,56
8410,6249,9,21,9,standard,9,6.023,3,True,8,72
8695,6249,9,21,9,economy,9,11.291,3,True,4,36
8827,6249,9,21,9,economy,7,10.989,3,True,4,28
8730,6250,9,21,10,economy,5,8.156,9,True,4,20
8169,6251,9,21,11,standard,7,12.688,5,False,8,0
8738,6253,9,21,13,economy,3,27.82,5,True,4,12
8240,6254,9,21,14,standard,5,23.581,7,True,8,40
8826,6255,9,21,15,economy,3,32.009,9,True,4,12
8404,6258,9,21,18,standard,5,3.421,4,True,8,40
7880,6258,9,21,18,VIP,15,15.212,6,True,14,210
8487,6259,9,21,19,economy,5,24.184,3,True,4,20
8299,6259,9,21,19,standard,9,3.244,1,True,8,72
8091,6259,9,21,19,standard,9,5.442,2,True,8,72
8050,6260,9,21,20,standard,12,8.072,5,True,8,96
8486,6261,9,21,21,economy,7,17.945,6,True,4,28
8172,6262,9,21,22,standard,7,5.587,9,True,8,56
8532,6263,9,21,23,economy,5,36.366,2,True,4,20
8484,6263,9,21,23,economy,3,1.992,2,True,4,12
7891,6264,9,22,0,VIP,18,5.55,9,True,14,252
8684,6265,9,22,1,economy,5,19.937,9,True,4,20
8806,6265,9,22,1,economy,7,20.47,6,True,4,28
8120,6267,9,22,3,standard,9,20.132,5,True,8,72
8200,6268,9,22,4,standard,5,4.471,10,True,8,40
8363,6268,9,22,4,standard,7,9.555,7,True,8,56
8117,6268,9,22,4,standard,5,6.19,5,False,8,0
8516,6269,9,22,5,economy,7,14.04,1,True,4,28
8208,6269,9,22,5,standard,9,3.754,1,True,8,72
8158,6270,9,22,6,standard,7,18.055,1,True,8,56
8488,6270,9,22,6,economy,9,3.09,2,True,4,36
8058,6272,9,22,8,standard,9,9.224,6,True,8,72
8202,6273,9,22,9,standard,5,8.945,3,True,8,40
8389,6273,9,22,9,standard,12,7.527,7,True,8,96
8006,6274,9,22,10,standard,7,13.066,10,False,8,0
8316,6274,9,22,10,standard,5,6.111,8,True,8,40
8720,6276,9,22,12,economy,5,25.722,5,True,4,20
8444,6276,9,22,12,economy,5,18.904,7,True,4,20
8651,6276,9,22,12,economy,3,12.744,1,True,4,12
8759,6277,9,22,13,economy,5,15.033,4,True,4,20
8215,6277,9,22,13,standard,5,11.664,8,True,8,40
7909,6278,9,22,14,VIP,18,6.364,7,True,14,252
8540,6278,9,22,14,economy,7,9.136,2,True,4,28
8836,6278,9,22,14,economy,5,18.177,8,True,4,20
8761,6279,9,22,15,economy,3,49.002,1,True,4,12
8632,6279,9,22,15,economy,5,15.883,9,True,4,20
8518,6281,9,22,17,economy,9,16.708,7,True,4,36
7906,6282,9,22,18,VIP,12,0.218,2,True,14,168
8186,6283,9,22,19,standard,5,10.793,5,True,8,40
8112,6285,9,22,21,standard,5,15.409,8,True,8,40
7995,6285,9,22,21,standard,7,6.32,5,True,8,56
8206,6286,9,22,22,standard,9,13.524,6,True,8,72
8823,6287,9,22,23,economy,5,7.005,5,False,4,0
7888,6287,9,22,23,VIP,12,4.581,7,True,14,168
8569,6288,9,23,0,economy,5,6.659,1,False,4,0
8612,6288,9,23,0,economy,3,36.144,7,True,4,12
8390,6289,9,23,1,standard,7,28.144,7,True,8,56
8474,6291,9,23,3,economy,5,21.843,4,True,4,20
8471,6291,9,23,3,economy,5,43.555,6,True,4,20
8670,6293,9,23,5,economy,5,4.809,6,True,4,20
8271,6294,9,23,6,standard,7,28.23,8,True,8,56
8615,6294,9,23,6,economy,5,10.315,4,False,4,0
8355,6294,9,23,6,standard,7,10.452,7,False,8,0
8065,6295,9,23,7,standard,5,3.399,1,True,8,40
7924,6298,9,23,10,VIP,15,3.548,7,True,14,210
7903,6299,9,23,11,VIP,15,10.113,7,True,14,210
7942,6299,9,23,11,VIP,15,5.271,7,True,14,210
8379,6299,9,23,11,standard,9,5.187,9,True,8,72
8226,6299,9,23,11,standard,5,1.383,6,True,8,40
8575,6301,9,23,13,economy,7,36.24,8,True,4,28
8344,6301,9,23,13,standard,5,6.304,5,True,8,40
8048,6302,9,23,14,standard,9,5.433,3,True,8,72
8383,6304,9,23,16,standard,9,1.587,5,True,8,72
8631,6304,9,23,16,economy,5,7.929,4,True,4,20
8268,6305,9,23,17,standard,9,5.178,4,True,8,72
8839,6306,9,23,18,economy,7,28.334,5,True,4,28
8778,6307,9,23,19,economy,5,8.211,4,True,4,20
8655,6309,9,23,21,economy,5,7.988,7,False,4,0
8074,6309,9,23,21,standard,5,22.154,2,True,8,40
8044,6309,9,23,21,standard,12,9.701,2,True,8,96
8406,6310,9,23,22,standard,12,5.284,8,True,8,96
7928,6311,9,23,23,VIP,15,7.31,7,True,14,210
8231,6311,9,23,23,standard,9,2.033,4,True,8,72
8141,6311,9,23,23,standard,9,2.896,10,True,8,72
8796,6311,9,23,23,economy,3,20.887,10,True,4,12
8450,6313,9,24,1,economy,5,19.467,1,True,4,20
8452,6313,9,24,1,economy,3,9.466,8,False,4,0
8472,6313,9,24,1,economy,5,91.36,4,True,4,20
8366,6314,9,24,2,standard,5,7.054,8,True,8,40
8741,6315,9,24,3,economy,7,13.681,9,True,4,28
8100,6317,9,24,5,standard,5,8.652,6,True,8,40
8246,6317,9,24,5,standard,12,4.836,3,True,8,96
8135,6318,9,24,6,standard,7,10.006,6,True,8,56
8000,6318,9,24,6,standard,12,15.849,7,True,8,96
8254,6321,9,24,9,standard,9,6.785,1,True,8,72
8409,6322,9,24,10,standard,7,0.908,8,True,8,56
8661,6322,9,24,10,economy,3,24.189,6,True,4,12
8531,6323,9,24,11,economy,7,9.472,1,True,4,28
8270,6323,9,24,11,standard,12,3.629,8,True,8,96
7892,6326,9,24,14,VIP,15,6.201,9,True,14,210
8067,6326,9,24,14,standard,12,0.996,4,True,8,96
8637,6326,9,24,14,economy,7,16.701,5,True,4,28
8421,6326,9,24,14,standard,7,10.47,5,True,8,56
7952,6328,9,24,16,VIP,15,16.691,6,True,14,210
8519,6328,9,24,16,economy,3,13.43,6,True,4,12
8838,6328,9,24,16,economy,5,7.331,8,True,4,20
8295,6329,9,24,17,standard,7,9.503,10,True,8,56
8492,6329,9,24,17,economy,5,21.317,2,False,4,0
7939,6330,9,24,18,VIP,10,1.801,2,True,14,140
8244,6330,9,24,18,standard,9,12.095,1,True,8,72
8668,6331,9,24,19,economy,3,8.471,1,False,4,0
8353,6331,9,24,19,standard,5,8.431,4,True,8,40
8267,6331,9,24,19,standard,5,7.993,1,True,8,40
8230,6332,9,24,20,standard,7,6.041,1,True,8,56
8351,6332,9,24,20,standard,9,6.508,10,True,8,72
8212,6332,9,24,20,standard,9,7.014,2,True,8,72
8722,6334,9,24,22,economy,7,14.176,7,False,4,0
8756,6336,9,25,0,economy,3,9.824,3,True,4,12
8041,6338,9,25,2,standard,9,16.16,2,True,8,72
8768,6338,9,25,2,economy,9,14.134,2,True,4,36
7899,6339,9,25,3,VIP,10,4.602,3,True,14,140
7882,6340,9,25,4,VIP,18,4.52,8,True,14,252
7918,6341,9,25,5,VIP,15,4.26,9,True,14,210
8579,6342,9,25,6,economy,7,12.98,4,True,4,28
8070,6342,9,25,6,standard,9,16.164,5,False,8,0
8797,6342,9,25,6,economy,3,14.612,3,False,4,0
8236,6342,9,25,6,standard,7,3.553,3,True,8,56
8136,6342,9,25,6,standard,9,6.509,4,True,8,72
8116,6347,9,25,11,standard,5,11.684,8,True,8,40
8046,6347,9,25,11,standard,7,10.882,2,True,8,56
8510,6347,9,25,11,economy,5,11.034,3,True,4,20
8501,6347,9,25,11,economy,7,24.71,2,False,4,0
8043,6349,9,25,13,standard,7,17.531,2,True,8,56
8627,6350,9,25,14,economy,3,7.557,1,True,4,12
8094,6350,9,25,14,standard,7,18.494,9,True,8,56
7944,6351,9,25,15,VIP,15,4.437,5,True,14,210
8173,6353,9,25,17,standard,9,7.589,9,True,8,72
8107,6354,9,25,18,standard,7,2.984,4,True,8,56
8250,6354,9,25,18,standard,9,2.978,5,False,8,0
7881,6356,9,25,20,VIP,18,2.326,9,True,14,252
7896,6356,9,25,20,VIP,10,14.748,3,True,14,140
8743,6358,9,25,22,economy,9,8.759,10,False,4,0
8239,6359,9,25,23,standard,9,2.367,1,True,8,72
8175,6360,9,26,0,standard,12,12.935,6,True,8,96
8745,6360,9,26,0,economy,3,30.388,4,True,4,12
8788,6361,9,26,1,economy,3,9.802,5,False,4,0
8216,6362,9,26,2,standard,5,2.693,7,True,8,40
7898,6363,9,26,3,VIP,12,12.285,8,True,14,168
8498,6364,9,26,4,economy,3,3.688,4,True,4,12
8657,6365,9,26,5,economy,7,30.392,8,True,4,28
8330,6366,9,26,6,standard,7,17.443,5,False,8,0
8376,6367,9,26,7,standard,7,1.644,10,True,8,56
8723,6368,9,26,8,economy,3,29.04,3,True,4,12
8073,6368,9,26,8,standard,9,8.057,6,True,8,72
7962,6368,9,26,8,VIP,12,7.557,6,True,14,168
8207,6369,9,26,9,standard,9,6.625,8,True,8,72
8599,6370,9,26,10,economy,5,3.882,6,True,4,20
8053,6371,9,26,11,standard,5,11.859,1,True,8,40
8113,6372,9,26,12,standard,7,5.14,4,True,8,56
7915,6372,9,26,12,VIP,12,6.659,7,True,14,168
8494,6373,9,26,13,economy,9,43.367,1,True,4,36
8319,6373,9,26,13,standard,7,3.158,10,True,8,56
8821,6373,9,26,13,economy,5,14.893,6,True,4,20
8434,6373,9,26,13,standard,9,3.247,4,True,8,72
8726,6373,9,26,13,economy,5,49.641,10,True,4,20
8220,6374,9,26,14,standard,7,13.702,8,True,8,56
8674,6374,9,26,14,economy,3,42.631,6,True,4,12
7940,6375,9,26,15,VIP,12,1.919,3,True,14,168
8842,6375,9,26,15,economy,7,43.232,10,True,4,28
8056,6377,9,26,17,standard,7,5.921,8,True,8,56
8770,6377,9,26,17,economy,9,17.052,2,True,4,36
8122,6377,9,26,17,standard,9,4.404,9,False,8,0
8679,6379,9,26,19,economy,7,1.779,6,False,4,0
8384,6382,9,26,22,standard,7,9.979,8,True,8,56
8395,6382,9,26,22,standard,12,7.749,8,True,8,96
8763,6383,9,26,23,economy,3,8.331,8,True,4,12
8804,6383,9,26,23,economy,3,19.206,9,True,4,12
8174,6384,9,27,0,standard,7,15.946,10,True,8,56
8068,6384,9,27,0,standard,5,29.261,2,True,8,40
7889,6385,9,27,1,VIP,12,1.324,4,True,14,168
7960,6385,9,27,1,VIP,18,3.694,9,True,14,252
8852,6386,9,27,2,economy,3,27.723,5,True,4,12
8111,6387,9,27,3,standard,7,9.717,7,True,8,56
8079,6387,9,27,3,standard,7,0.461,1,True,8,56
7925,6388,9,27,4,VIP,10,2.252,5,True,14,140
8740,6389,9,27,5,economy,7,16.223,5,False,4,0
8423,6389,9,27,5,standard,7,4.467,9,True,8,56
8125,6392,9,27,8,standard,12,15.174,2,True,8,96
8555,6392,9,27,8,economy,5,7.314,1,True,4,20
8435,6392,9,27,8,standard,5,9.942,1,True,8,40
8262,6394,9,27,10,standard,9,8.167,5,True,8,72
7879,6395,9,27,11,VIP,12,9.408,7,True,14,168
8729,6395,9,27,11,economy,5,18.633,4,True,4,20
8571,6397,9,27,13,economy,7,26.706,9,True,4,28
7936,6397,9,27,13,VIP,15,5.322,7,True,14,210
8027,6400,9,27,16,standard,7,2.214,5,True,8,56
8066,6402,9,27,18,standard,7,10.647,9,True,8,56
8257,6402,9,27,18,standard,9,26.345,5,True,8,72
8800,6403,9,27,19,economy,3,56.01,6,True,4,12
8290,6405,9,27,21,standard,9,5.095,4,False,8,0
8698,6406,9,27,22,economy,5,11.874,10,True,4,20
7981,6408,9,28,0,standard,5,3.212,1,False,8,0
8731,6408,9,28,0,economy,5,11.444,4,True,4,20
8581,6408,9,28,0,economy,5,16.431,6,True,4,20
8552,6409,9,28,1,economy,3,17.126,1,True,4,12
8616,6410,9,28,2,economy,3,14.808,5,True,4,12
8417,6410,9,28,2,standard,7,16.494,9,True,8,56
8678,6411,9,28,3,economy,7,23.646,3,False,4,0
8150,6414,9,28,6,standard,5,14.414,10,True,8,40
8318,6415,9,28,7,standard,7,3.886,10,True,8,56
8238,6415,9,28,7,standard,9,18.308,4,True,8,72
8466,6415,9,28,7,economy,5,20.611,7,True,4,20
8221,6417,9,28,9,standard,5,10.957,4,True,8,40
8115,6418,9,28,10,standard,7,1.798,7,True,8,56
8442,6418,9,28,10,economy,5,10.505,6,True,4,20
8646,6420,9,28,12,economy,3,31.88,9,True,4,12
8834,6420,9,28,12,economy,5,8.761,7,True,4,20
8495,6420,9,28,12,economy,9,1.516,4,False,4,0
8106,6422,9,28,14,standard,5,13.069,9,True,8,40
8422,6422,9,28,14,standard,9,15.42,4,True,8,72
7935,6424,9,28,16,VIP,15,3.959,9,True,14,210
8793,6424,9,28,16,economy,5,5.024,8,True,4,20
7941,6425,9,28,17,VIP,12,5.358,4,True,14,168
8780,6425,9,28,17,economy,5,21.905,7,True,4,20
8052,6427,9,28,19,standard,7,12.729,4,True,8,56
8603,6428,9,28,20,economy,3,59.399,2,True,4,12
8349,6428,9,28,20,standard,9,4.589,2,True,8,72
8824,6428,9,28,20,economy,3,13.009,6,True,4,12
8588,6428,9,28,20,economy,5,7.769,9,True,4,20
7998,6430,9,28,22,standard,12,5.442,7,True,8,96
8198,6432,9,29,0,standard,7,4.892,8,True,8,56
8449,6435,9,29,3,economy,7,13.1,6,True,4,28
8077,6437,9,29,5,standard,9,11.968,2,True,8,72
8213,6438,9,29,6,standard,5,8.196,6,True,8,40
8126,6441,9,29,9,standard,5,2.243,8,True,8,40
8104,6442,9,29,10,standard,7,5.265,2,True,8,56
7871,6442,9,29,10,VIP,15,2.775,10,True,14,210
8402,6443,9,29,11,standard,7,7.563,9,True,8,56
8807,6444,9,29,12,economy,5,16.724,2,True,4,20
8468,6444,9,29,12,economy,5,20.8,4,True,4,20
8420,6445,9,29,13,standard,5,12.1,6,True,8,40
8292,6445,9,29,13,standard,5,2.015,6,True,8,40
8491,6445,9,29,13,economy,9,4.623,2,True,4,36
8305,6446,9,29,14,standard,5,9.708,4,True,8,40
8469,6446,9,29,14,economy,3,26.38,10,True,4,12
8605,6447,9,29,15,economy,3,4.078,6,True,4,12
8620,6447,9,29,15,economy,3,42.745,9,True,4,12
8233,6447,9,29,15,standard,9,19.01,9,True,8,72
8026,6449,9,29,17,standard,7,13.134,6,True,8,56
8619,6449,9,29,17,economy,3,54.882,6,True,4,12
8327,6450,9,29,18,standard,12,5.651,10,True,8,96
8493,6451,9,29,19,economy,5,37.805,4,True,4,20
8543,6455,9,29,23,economy,9,58.01,7,True,4,36
8032,6455,9,29,23,standard,7,8.094,8,True,8,56
8018,6455,9,29,23,standard,9,12.296,9,True,8,72
8647,6455,9,29,23,economy,3,12.82,3,True,4,12
7876,6456,9,30,0,VIP,15,5.051,7,True,14,210
7956,6456,9,30,0,VIP,10,9.679,1,True,14,140
8232,6457,9,30,1,standard,12,35.717,1,True,8,96
8557,6457,9,30,1,economy,3,20.781,8,True,4,12
8265,6457,9,30,1,standard,7,12.751,1,True,8,56
8367,6458,9,30,2,standard,12,0.554,8,True,8,96
8133,6458,9,30,2,standard,12,17.514,1,True,8,96
8512,6459,9,30,3,economy,5,11.456,9,True,4,20
8088,6461,9,30,5,standard,5,11.618,10,True,8,40
8400,6462,9,30,6,standard,9,17.025,3,True,8,72
8145,6462,9,30,6,standard,5,10.171,2,True,8,40
8790,6462,9,30,6,economy,3,11.61,5,True,4,12
8289,6462,9,30,6,standard,12,4.828,9,True,8,96
8010,6462,9,30,6,standard,12,15.295,5,True,8,96
8536,6463,9,30,7,economy,7,41.14,3,True,4,28
8772,6464,9,30,8,economy,7,8.586,5,True,4,28
8030,6465,9,30,9,standard,7,18.969,7,True,8,56
8160,6465,9,30,9,standard,5,7.817,4,True,8,40
7885,6467,9,30,11,VIP,18,2.844,9,True,14,252
8286,6467,9,30,11,standard,7,7.978,5,True,8,56
8704,6467,9,30,11,economy,9,15.891,3,True,4,36
8182,6467,9,30,11,standard,7,12.062,7,True,8,56
7987,6469,9,30,13,standard,12,3.691,9,True,8,96
8697,6469,9,30,13,economy,9,11.045,7,True,4,36
8813,6469,9,30,13,economy,7,9.985,5,False,4,0
8127,6469,9,30,13,standard,7,18.905,5,True,8,56
8683,6470,9,30,14,economy,7,14.25,5,True,4,28
8132,6471,9,30,15,standard,9,11.936,9,True,8,72
8009,6471,9,30,15,standard,12,15.289,7,True,8,96
8685,6472,9,30,16,economy,3,22.683,9,True,4,12
8775,6473,9,30,17,economy,5,11.193,9,False,4,0
8143,6473,9,30,17,standard,5,4.292,4,True,8,40
8757,6473,9,30,17,economy,5,13.204,3,True,4,20
8618,6473,9,30,17,economy,3,12.098,7,False,4,0
8767,6474,9,30,18,economy,3,6.645,9,True,4,12
8476,6474,9,30,18,economy,3,6.668,9,True,4,12
8291,6476,9,30,20,standard,5,7.373,6,True,8,40
8078,6477,9,30,21,standard,9,17.805,3,True,8,72
8312,6477,9,30,21,standard,12,4.544,6,True,8,96
7974,6478,9,30,22,standard,5,16.071,1,True,8,40
8691,6478,9,30,22,economy,3,3.804,8,True,4,12
8234,6479,9,30,23,standard,5,6.719,5,False,8,0
8408,6479,9,30,23,standard,7,3.344,10,True,8,56
8909,6480,10,1,0,VIP,15,2.279,7,True,14,210
8926,6480,10,1,0,VIP,18,5.517,9,True,14,252
9076,6480,10,1,0,standard,5,11.041,8,True,8,40
8995,6481,10,1,1,standard,12,5.602,9,True,8,96
9012,6482,10,1,2,standard,5,9.202,6,True,8,40
9609,6483,10,1,3,economy,3,9.725,5,True,4,12
9532,6484,10,1,4,economy,3,10.916,4,False,4,0
9087,6484,10,1,4,standard,9,7.908,8,True,8,72
9158,6485,10,1,5,standard,7,6.73,2,True,8,56
9564,6486,10,1,6,economy,5,9.192,5,False,4,0
8931,6486,10,1,6,VIP,18,5.04,7,False,14,0
9719,6486,10,1,6,economy,7,28.61,2,True,4,28
9147,6489,10,1,9,standard,12,37.359,7,True,8,96
9371,6492,10,1,12,economy,5,67.009,1,False,4,0
9608,6492,10,1,12,economy,5,22.252,1,True,4,20
9586,6492,10,1,12,economy,3,14.187,7,True,4,12
9632,6492,10,1,12,economy,5,31.681,9,False,4,0
9129,6493,10,1,13,standard,5,2.936,6,True,8,40
9178,6493,10,1,13,standard,12,17.176,1,True,8,96
9339,6494,10,1,14,standard,9,2.52,3,False,8,0
8882,6494,10,1,14,VIP,15,2.729,6,True,14,210
9128,6495,10,1,15,standard,12,5.803,6,True,8,96
9366,6496,10,1,16,economy,3,13.502,1,False,4,0
9239,6497,10,1,17,standard,7,12.476,8,True,8,56
9176,6497,10,1,17,standard,7,10.325,8,True,8,56
9545,6499,10,1,19,economy,7,45.514,10,True,4,28
9343,6499,10,1,19,standard,9,6.725,4,True,8,72
9237,6499,10,1,19,standard,12,7.778,3,True,8,96
9599,6499,10,1,19,economy,5,28.495,5,True,4,20
9693,6501,10,1,21,economy,9,30.38,6,True,4,36
9130,6501,10,1,21,standard,9,8.844,5,True,8,72
9589,6502,10,1,22,economy,5,8.401,10,True,4,20
9368,6503,10,1,23,economy,5,24.048,7,True,4,20
9679,6504,10,2,0,economy,3,8.084,5,True,4,12
9704,6506,10,2,2,economy,7,21.301,5,True,4,28
8911,6507,10,2,3,VIP,18,4.193,9,True,14,252
9730,6507,10,2,3,economy,5,22.868,8,True,4,20
9508,6508,10,2,4,economy,5,14.329,9,False,4,0
9253,6508,10,2,4,standard,5,17.933,1,True,8,40
9375,6509,10,2,5,economy,5,14.178,9,False,4,0
9470,6510,10,2,6,economy,5,23.754,3,True,4,20
9224,6511,10,2,7,standard,12,8.466,2,True,8,96
9739,6511,10,2,7,economy,5,13.058,5,True,4,20
9644,6512,10,2,8,economy,3,10.873,9,True,4,12
9136,6513,10,2,9,standard,5,10.299,4,True,8,40
9195,6514,10,2,10,standard,7,11.651,7,True,8,56
8893,6514,10,2,10,VIP,12,4.635,2,True,14,168
9009,6515,10,2,11,standard,12,1.939,2,True,8,96
9229,6516,10,2,12,standard,7,5.172,5,True,8,56
9621,6518,10,2,14,economy,3,29.298,1,True,4,12
8996,6518,10,2,14,standard,9,4.534,8,True,8,72
9226,6518,10,2,14,standard,7,22.187,10,True,8,56
8901,6519,10,2,15,VIP,12,1.889,8,True,14,168
9682,6521,10,2,17,economy,5,11.569,1,False,4,0
8902,6522,10,2,18,VIP,18,2.495,10,False,14,0
9223,6523,10,2,19,standard,9,8.301,1,True,8,72
9534,6523,10,2,19,economy,5,12.23,10,True,4,20
8952,6523,10,2,19,standard,5,6.408,4,True,8,40
8871,6524,10,2,20,VIP,15,4.568,9,True,14,210
9627,6524,10,2,20,economy,5,15.329,6,True,4,20
9039,6525,10,2,21,standard,12,2.261,7,True,8,96
8956,6526,10,2,22,standard,9,8.552,10,True,8,72
9465,6526,10,2,22,economy,7,16.883,6,True,4,28
9043,6526,10,2,22,standard,5,6.058,10,True,8,40
9450,6526,10,2,22,economy,5,10.071,5,False,4,0
9374,6526,10,2,22,economy,5,21.125,9,False,4,0
9358,6527,10,2,23,economy,5,17.474,10,True,4,20
9561,6527,10,2,23,economy,3,7.203,5,True,4,12
9625,6527,10,2,23,economy,9,0.173,7,True,4,36
9089,6528,10,3,0,standard,5,19.785,1,True,8,40
9094,6528,10,3,0,standard,12,7.313,4,True,8,96
8939,6528,10,3,0,standard,9,8.04,6,True,8,72
9521,6528,10,3,0,economy,3,21.783,10,True,4,12
9017,6530,10,3,2,standard,9,5.622,3,True,8,72
9476,6531,10,3,3,economy,3,61.946,10,True,4,12
9058,6531,10,3,3,standard,9,17.237,8,True,8,72
9322,6532,10,3,4,standard,5,6.5,5,True,8,40
8974,6535,10,3,7,standard,7,13.827,6,True,8,56
8994,6535,10,3,7,standard,5,6.337,1,True,8,40
8929,6537,10,3,9,VIP,10,0.825,2,True,14,140
9708,6537,10,3,9,economy,3,27.829,6,False,4,0
8925,6539,10,3,11,VIP,12,0.951,4,True,14,168
9647,6539,10,3,11,economy,5,13.324,5,True,4,20
8919,6539,10,3,11,VIP,10,13.002,2,True,14,140
9263,6539,10,3,11,standard,7,16.641,10,True,8,56
9723,6540,10,3,12,economy,7,51.062,3,False,4,0
9170,6540,10,3,12,standard,7,3.999,5,True,8,56
8864,6541,10,3,13,VIP,12,20.256,9,True,14,168
9429,6543,10,3,15,economy,5,41.214,4,True,4,20
9733,6545,10,3,17,economy,3,41.736,7,False,4,0
9113,6547,10,3,19,standard,7,1.977,7,True,8,56
9504,6547,10,3,19,economy,7,16.052,2,True,4,28
9694,6548,10,3,20,economy,3,9.124,1,False,4,0
9351,6549,10,3,21,standard,5,6.831,2,True,8,40
9701,6552,10,4,0,economy,5,74.553,10,True,4,20
9430,6552,10,4,0,economy,5,13.256,2,True,4,20
9745,6554,10,4,2,economy,5,35.547,6,False,4,0
8943,6554,10,4,2,standard,12,6.793,4,True,8,96
8972,6556,10,4,4,standard,9,5.109,1,True,8,72
9560,6557,10,4,5,economy,5,26.336,9,True,4,20
9032,6559,10,4,7,standard,12,12.686,1,True,8,96
8937,6559,10,4,7,standard,7,9.825,9,True,8,56
9400,6559,10,4,7,economy,5,16.57,3,False,4,0
8878,6559,10,4,7,VIP,15,6.783,10,True,14,210
9446,6560,10,4,8,economy,7,25.458,5,True,4,28
9267,6561,10,4,9,standard,5,5.491,7,True,8,40
8861,6562,10,4,10,VIP,18,4.573,8,True,14,252
9517,6565,10,4,13,economy,3,48.679,2,True,4,12
9410,6566,10,4,14,economy,3,23.799,4,True,4,12
9718,6567,10,4,15,economy,3,3.362,7,True,4,12
9160,6569,10,4,17,standard,12,3.174,6,True,8,96
9610,6572,10,4,20,economy,3,20.672,1,True,4,12
9182,6572,10,4,20,standard,7,13.608,4,True,8,56
9699,6574,10,4,22,economy,7,20.73,8,True,4,28
9141,6574,10,4,22,standard,7,8.67,10,True,8,56
9277,6574,10,4,22,standard,9,2.471,8,True,8,72
9029,6575,10,4,23,standard,5,9.167,1,False,8,0
9221,6575,10,4,23,standard,7,19.622,3,True,8,56
9090,6576,10,5,0,standard,9,2.962,2,True,8,72
9092,6576,10,5,0,standard,9,0.114,4,True,8,72
9325,6576,10,5,0,standard,7,14.736,9,True,8,56
9328,6577,10,5,1,standard,9,3.293,10,True,8,72
9166,6578,10,5,2,standard,7,4.785,2,True,8,56
9106,6579,10,5,3,standard,7,5.359,3,False,8,0
9063,6579,10,5,3,standard,9,8.424,3,False,8,0
9363,6579,10,5,3,economy,5,21.534,7,True,4,20
9531,6580,10,5,4,economy,3,8.753,1,True,4,12
8856,6581,10,5,5,VIP,18,7.077,10,True,14,252
9554,6582,10,5,6,economy,5,6.095,5,True,4,20
9474,6583,10,5,7,economy,5,15.661,5,False,4,0
9246,6584,10,5,8,standard,7,5.661,8,False,8,0
9268,6585,10,5,9,standard,7,15.491,2,True,8,56
9468,6585,10,5,9,economy,7,30.074,3,True,4,28
9603,6585,10,5,9,economy,3,40.0,6,True,4,12
9075,6586,10,5,10,standard,5,3.303,1,True,8,40
8979,6588,10,5,12,standard,7,3.813,6,True,8,56
8927,6588,10,5,12,VIP,15,7.32,6,True,14,210
9145,6590,10,5,14,standard,7,11.71,9,True,8,56
9639,6591,10,5,15,economy,3,19.092,6,True,4,12
9526,6592,10,5,16,economy,3,5.324,7,True,4,12
9492,6593,10,5,17,economy,5,40.824,3,True,4,20
9036,6593,10,5,17,standard,7,8.319,1,True,8,56
8990,6594,10,5,18,standard,7,12.378,6,True,8,56
9057,6595,10,5,19,standard,7,5.401,7,True,8,56
9052,6596,10,5,20,standard,9,14.741,7,False,8,0
9031,6597,10,5,21,standard,9,6.585,10,True,8,72
9276,6598,10,5,22,standard,9,6.103,7,True,8,72
8960,6598,10,5,22,standard,9,7.868,1,True,8,72
9131,6598,10,5,22,standard,7,27.231,3,True,8,56
9354,6598,10,5,22,standard,7,14.074,9,False,8,0
9148,6600,10,6,0,standard,12,10.006,3,True,8,96
9059,6601,10,6,1,standard,7,7.819,4,True,8,56
9588,6601,10,6,1,economy,7,13.465,7,True,4,28
9600,6602,10,6,2,economy,7,18.004,8,True,4,28
9010,6603,10,6,3,standard,5,3.633,10,False,8,0
9675,6603,10,6,3,economy,7,20.485,5,True,4,28
9396,6603,10,6,3,economy,3,12.34,10,True,4,12
9314,6604,10,6,4,standard,9,13.997,6,True,8,72
9420,6604,10,6,4,economy,5,15.607,5,True,4,20
9234,6606,10,6,6,standard,9,15.162,7,True,8,72
9252,6606,10,6,6,standard,5,11.94,5,True,8,40
9539,6608,10,6,8,economy,3,14.992,9,False,4,0
9078,6609,10,6,9,standard,7,3.585,9,False,8,0
8999,6611,10,6,11,standard,7,4.765,6,True,8,56
9180,6611,10,6,11,standard,7,1.688,7,True,8,56
9184,6612,10,6,12,standard,7,5.694,4,False,8,0
9119,6612,10,6,12,standard,5,4.107,6,False,8,0
9616,6613,10,6,13,economy,5,26.537,4,False,4,0
9302,6615,10,6,15,standard,12,0.873,8,True,8,96
9448,6615,10,6,15,economy,3,15.287,5,False,4,0
8899,6615,10,6,15,VIP,18,5.792,10,True,14,252
9257,6616,10,6,16,standard,9,4.24,2,True,8,72
9125,6617,10,6,17,standard,7,15.04,10,True,8,56
9663,6618,10,6,18,economy,3,23.784,4,False,4,0
9169,6619,10,6,19,standard,9,3.509,5,True,8,72
9516,6619,10,6,19,economy,3,19.998,5,True,4,12
9127,6620,10,6,20,standard,5,1.953,7,True,8,40
8964,6620,10,6,20,standard,12,19.949,1,False,8,0
9262,6621,10,6,21,standard,7,11.175,10,True,8,56
9652,6622,10,6,22,economy,5,16.629,10,True,4,20
9321,6623,10,6,23,standard,9,18.183,9,True,8,72
9416,6623,10,6,23,economy,9,22.349,9,True,4,36
9547,6623,10,6,23,economy,9,12.212,7,True,4,36
9690,6624,10,7,0,economy,3,38.573,3,False,4,0
9501,6625,10,7,1,economy,3,13.3,6,True,4,12
9696,6626,10,7,2,economy,7,6.093,7,True,4,28
9251,6626,10,7,2,standard,9,11.255,7,True,8,72
9015,6627,10,7,3,standard,5,8.351,5,True,8,40
9439,6627,10,7,3,economy,5,13.833,7,True,4,20
8914,6627,10,7,3,VIP,18,5.831,9,True,14,252
9715,6629,10,7,5,economy,3,3.596,4,True,4,12
9636,6629,10,7,5,economy,7,4.142,7,True,4,28
9352,6629,10,7,5,standard,7,28.161,9,True,8,56
9079,6630,10,7,6,standard,7,6.918,1,True,8,56
9238,6631,10,7,7,standard,5,15.765,9,True,8,40
8895,6631,10,7,7,VIP,18,3.145,9,True,14,252
9662,6632,10,7,8,economy,9,3.434,9,True,4,36
9548,6632,10,7,8,economy,3,2.83,8,True,4,12
9139,6632,10,7,8,standard,7,13.839,7,True,8,56
9313,6635,10,7,11,standard,9,23.397,10,True,8,72
9138,6637,10,7,13,standard,7,9.253,9,True,8,56
9207,6638,10,7,14,standard,9,10.107,9,False,8,0
9021,6638,10,7,14,standard,9,7.689,4,True,8,72
9230,6638,10,7,14,standard,9,5.206,5,True,8,72
9168,6638,10,7,14,standard,9,10.873,3,True,8,72
9096,6639,10,7,15,standard,9,5.16,8,True,8,72
9034,6639,10,7,15,standard,5,3.433,8,True,8,40
9622,6640,10,7,16,economy,9,49.028,7,False,4,0
9614,6644,10,7,20,economy,5,6.741,9,True,4,20
8942,6645,10,7,21,standard,7,14.035,6,True,8,56
9211,6646,10,7,22,standard,12,3.594,6,True,8,96
8975,6648,10,8,0,standard,7,10.369,8,True,8,56
9165,6649,10,8,1,standard,12,15.013,1,True,8,96
9110,6649,10,8,1,standard,9,14.554,10,True,8,72
9535,6650,10,8,2,economy,7,36.279,10,True,4,28
9650,6650,10,8,2,economy,7,28.844,6,True,4,28
9456,6651,10,8,3,economy,3,42.03,3,True,4,12
8933,6652,10,8,4,VIP,18,4.304,10,True,14,252
9487,6652,10,8,4,economy,5,21.731,5,False,4,0
9120,6652,10,8,4,standard,7,2.203,5,True,8,56
8854,6653,10,8,5,VIP,18,10.908,7,True,14,252
8900,6653,10,8,5,VIP,10,3.444,8,True,14,140
9245,6654,10,8,6,standard,7,15.789,10,True,8,56
9646,6656,10,8,8,economy,7,32.665,3,True,4,28
9571,6656,10,8,8,economy,3,33.887,9,True,4,12
9505,6656,10,8,8,economy,7,16.433,2,True,4,28
9301,6656,10,8,8,standard,12,4.141,3,False,8,0
8881,6656,10,8,8,VIP,18,2.331,10,True,14,252
9423,6658,10,8,10,economy,7,29.593,3,False,4,0
9479,6659,10,8,11,economy,5,16.214,6,True,4,20
9576,6661,10,8,13,economy,5,13.007,3,True,4,20
9590,6661,10,8,13,economy,3,48.676,7,True,4,12
8859,6661,10,8,13,VIP,15,0.972,5,True,14,210
9729,6662,10,8,14,economy,3,3.97,1,True,4,12
9308,6663,10,8,15,standard,9,5.805,8,True,8,72
9724,6663,10,8,15,economy,3,8.941,5,True,4,12
9292,6663,10,8,15,standard,5,13.756,5,True,8,40
9105,6663,10,8,15,standard,7,15.348,6,True,8,56
8915,6664,10,8,16,VIP,15,9.001,7,True,14,210
9175,6664,10,8,16,standard,5,5.625,2,True,8,40
9686,6664,10,8,16,economy,3,34.351,10,True,4,12
9070,6665,10,8,17,standard,7,30.765,9,True,8,56
9150,6665,10,8,17,standard,7,5.35,1,True,8,56
9361,6666,10,8,18,economy,7,11.995,9,True,4,28
9615,6666,10,8,18,economy,7,8.68,7,True,4,28
9349,6667,10,8,19,standard,5,9.843,2,True,8,40
9258,6669,10,8,21,standard,12,13.825,1,False,8,0
8885,6670,10,8,22,VIP,12,7.155,9,True,14,168
9736,6671,10,8,23,economy,9,28.274,1,True,4,36
9528,6671,10,8,23,economy,9,5.032,7,True,4,36
8923,6672,10,9,0,VIP,15,3.805,10,True,14,210
9254,6672,10,9,0,standard,9,8.51,10,True,8,72
9162,6673,10,9,1,standard,9,2.987,9,True,8,72
8879,6673,10,9,1,VIP,10,3.13,6,True,14,140
8988,6674,10,9,2,standard,9,26.147,1,True,8,72
9747,6676,10,9,4,economy,7,17.215,3,False,4,0
9496,6676,10,9,4,economy,3,10.544,3,True,4,12
9495,6676,10,9,4,economy,5,16.728,1,False,4,0
9572,6678,10,9,6,economy,7,32.07,8,True,4,28
9569,6679,10,9,7,economy,3,6.481,4,True,4,12
9648,6679,10,9,7,economy,3,35.994,10,True,4,12
9407,6681,10,9,9,economy,5,8.125,2,False,4,0
9653,6682,10,9,10,economy,3,33.57,3,True,4,12
9068,6683,10,9,11,standard,7,13.468,7,True,8,56
9606,6684,10,9,12,economy,5,21.91,7,False,4,0
9692,6684,10,9,12,economy,3,30.347,10,True,4,12
9183,6684,10,9,12,standard,5,10.399,6,True,8,40
9332,6686,10,9,14,standard,9,13.499,6,True,8,72
9265,6687,10,9,15,standard,5,7.497,8,True,8,40
9380,6688,10,9,16,economy,7,60.22,7,False,4,0
9060,6688,10,9,16,standard,5,2.272,3,True,8,40
9088,6690,10,9,18,standard,5,14.471,8,True,8,40
9624,6690,10,9,18,economy,3,10.591,7,True,4,12
9317,6694,10,9,22,standard,7,9.918,10,True,8,56
9390,6694,10,9,22,economy,7,23.017,4,False,4,0
8977,6695,10,9,23,standard,5,7.773,7,True,8,40
9685,6695,10,9,23,economy,7,19.248,9,False,4,0
9744,6696,10,10,0,economy,5,3.213,5,True,4,20
9595,6696,10,10,0,economy,5,7.415,1,True,4,20
9520,6698,10,10,2,economy,5,13.241,1,False,4,0
9289,6698,10,10,2,standard,5,5.874,3,True,8,40
9035,6700,10,10,4,standard,12,6.5,2,True,8,96
9235,6700,10,10,4,standard,7,2.707,5,True,8,56
9642,6700,10,10,4,economy,7,18.659,6,True,4,28
9432,6701,10,10,5,economy,5,28.552,10,True,4,20
8897,6701,10,10,5,VIP,12,2.669,5,True,14,168
9163,6702,10,10,6,standard,7,4.675,8,True,8,56
9611,6704,10,10,8,economy,9,32.178,1,True,4,36
9134,6705,10,10,9,standard,12,11.491,6,True,8,96
9157,6706,10,10,10,standard,12,5.726,4,True,8,96
8967,6707,10,10,11,standard,7,19.175,7,False,8,0
9331,6707,10,10,11,standard,12,17.151,3,True,8,96
9011,6707,10,10,11,standard,7,7.115,6,True,8,56
9695,6708,10,10,12,economy,3,15.024,10,True,4,12
9098,6708,10,10,12,standard,12,18.711,9,True,8,96
9248,6711,10,10,15,standard,9,12.288,7,True,8,72
9421,6712,10,10,16,economy,5,29.669,8,True,4,20
9100,6712,10,10,16,standard,5,15.426,10,True,8,40
8913,6713,10,10,17,VIP,15,2.464,7,True,14,210
9444,6713,10,10,17,economy,5,64.326,1,True,4,20
9442,6714,10,10,18,economy,9,22.05,2,True,4,36
9510,6716,10,10,20,economy,5,37.93,10,True,4,20
9731,6718,10,10,22,economy,3,45.407,3,True,4,12
9102,6720,10,11,0,standard,12,7.515,6,True,8,96
9133,6720,10,11,0,standard,7,7.349,5,True,8,56
9373,6721,10,11,1,economy,7,9.327,3,True,4,28
9053,6724,10,11,4,standard,7,8.49,6,True,8,56
9455,6724,10,11,4,economy,5,15.237,3,True,4,20
9655,6725,10,11,5,economy,7,26.168,1,True,4,28
9370,6725,10,11,5,economy,7,36.236,9,False,4,0
9359,6725,10,11,5,economy,5,18.946,6,True,4,20
9304,6726,10,11,6,standard,7,4.567,7,True,8,56
9480,6726,10,11,6,economy,5,13.805,1,False,4,0
9518,6728,10,11,8,economy,5,16.562,1,True,4,20
8992,6728,10,11,8,standard,9,22.633,9,True,8,72
9264,6729,10,11,9,standard,7,4.647,7,True,8,56
9270,6730,10,11,10,standard,7,20.491,7,True,8,56
9312,6730,10,11,10,standard,7,12.022,8,True,8,56
9378,6731,10,11,11,economy,5,22.748,10,True,4,20
9271,6731,10,11,11,standard,9,7.33,9,True,8,72
9153,6733,10,11,13,standard,5,11.043,5,True,8,40
9114,6734,10,11,14,standard,7,8.874,7,True,8,56
9710,6734,10,11,14,economy,5,20.156,3,True,4,20
9401,6735,10,11,15,economy,7,9.024,2,True,4,28
9712,6735,10,11,15,economy,7,21.079,2,False,4,0
9514,6736,10,11,16,economy,5,16.834,7,True,4,20
9677,6738,10,11,18,economy,9,8.317,2,True,4,36
9402,6739,10,11,19,economy,7,21.261,9,True,4,28
9362,6739,10,11,19,economy,3,25.562,9,False,4,0
9454,6740,10,11,20,economy,3,18.988,9,True,4,12
9287,6740,10,11,20,standard,12,0.815,7,True,8,96
9714,6743,10,11,23,economy,7,17.903,2,True,4,28
9283,6744,10,12,0,standard,5,10.739,6,True,8,40
9336,6746,10,12,2,standard,7,1.66,5,True,8,56
9546,6747,10,12,3,economy,5,13.033,5,True,4,20
9212,6748,10,12,4,standard,12,7.616,5,False,8,0
9524,6748,10,12,4,economy,7,3.223,7,False,4,0
9124,6748,10,12,4,standard,12,3.462,6,False,8,0
9635,6749,10,12,5,economy,3,10.573,1,True,4,12
9511,6751,10,12,7,economy,5,33.327,9,False,4,0
9146,6752,10,12,8,standard,7,2.516,6,True,8,56
9447,6752,10,12,8,economy,3,3.406,2,True,4,12
9503,6753,10,12,9,economy,5,29.946,7,True,4,20
8951,6754,10,12,10,standard,7,8.033,8,True,8,56
9540,6757,10,12,13,economy,5,8.091,2,True,4,20
8980,6757,10,12,13,standard,7,7.331,8,True,8,56
9722,6758,10,12,14,economy,3,27.824,6,True,4,12
8971,6759,10,12,15,standard,9,12.66,4,True,8,72
8958,6761,10,12,17,standard,12,5.281,1,True,8,96
9398,6762,10,12,18,economy,5,37.077,3,True,4,20
9377,6763,10,12,19,economy,7,4.899,4,True,4,28
9393,6763,10,12,19,economy,5,16.965,5,True,4,20
9115,6765,10,12,21,standard,9,4.274,7,False,8,0
9707,6765,10,12,21,economy,5,18.156,8,True,4,20
9072,6766,10,12,22,standard,9,32.929,10,True,8,72
9204,6767,10,12,23,standard,12,9.963,7,True,8,96
9290,6768,10,13,0,standard,5,6.624,2,False,8,0
9385,6769,10,13,1,economy,5,48.957,2,False,4,0
9342,6770,10,13,2,standard,7,4.852,6,True,8,56
9016,6770,10,13,2,standard,7,10.916,9,True,8,56
9062,6772,10,13,4,standard,5,5.663,4,True,8,40
9042,6772,10,13,4,standard,5,0.561,1,True,8,40
8875,6773,10,13,5,VIP,12,2.209,1,True,14,168
9557,6773,10,13,5,economy,5,20.18,5,True,4,20
8954,6773,10,13,5,standard,12,3.791,5,True,8,96
8877,6774,10,13,6,VIP,18,6.86,10,True,14,252
9247,6775,10,13,7,standard,7,9.649,9,True,8,56
9746,6776,10,13,8,economy,5,12.56,1,True,4,20
9414,6778,10,13,10,economy,9,6.468,5,True,4,36
9417,6780,10,13,12,economy,3,41.089,3,False,4,0
8905,6780,10,13,12,VIP,12,3.722,3,False,14,0
9741,6781,10,13,13,economy,9,6.603,6,True,4,36
9044,6782,10,13,14,standard,9,7.08,7,True,8,72
9519,6783,10,13,15,economy,7,15.475,6,True,4,28
9200,6784,10,13,16,standard,5,10.438,2,True,8,40
9568,6784,10,13,16,economy,7,30.37,7,True,4,28
9452,6785,10,13,17,economy,3,28.666,1,True,4,12
9484,6785,10,13,17,economy,7,5.9,5,True,4,28
9266,6785,10,13,17,standard,5,3.285,9,True,8,40
9335,6786,10,13,18,standard,5,3.013,8,True,8,40
9587,6787,10,13,19,economy,3,12.505,4,True,4,12
9654,6787,10,13,19,economy,3,10.029,8,False,4,0
9055,6788,10,13,20,standard,5,15.776,8,False,8,0
9453,6788,10,13,20,economy,3,41.667,6,False,4,0
9717,6788,10,13,20,economy,5,85.11,3,True,4,20
9498,6788,10,13,20,economy,5,24.704,1,False,4,0
9601,6789,10,13,21,economy,3,32.615,8,True,4,12
9126,6789,10,13,21,standard,7,14.185,9,True,8,56
9085,6792,10,14,0,standard,5,3.454,2,True,8,40
9233,6793,10,14,1,standard,9,10.49,4,False,8,0
9199,6794,10,14,2,standard,7,2.087,3,False,8,0
9074,6795,10,14,3,standard,7,3.88,8,True,8,56
9665,6796,10,14,4,economy,3,49.982,7,True,4,12
9049,6798,10,14,6,standard,7,4.774,4,True,8,56
9093,6798,10,14,6,standard,5,1.492,6,True,8,40
9064,6799,10,14,7,standard,5,12.016,4,True,8,40
9661,6801,10,14,9,economy,7,11.453,3,True,4,28
9217,6801,10,14,9,standard,7,1.398,5,True,8,56
8984,6801,10,14,9,standard,12,4.595,6,False,8,0
9225,6801,10,14,9,standard,9,12.795,9,True,8,72
9425,6803,10,14,11,economy,3,37.261,2,True,4,12
9607,6803,10,14,11,economy,5,3.428,4,True,4,20
9493,6804,10,14,12,economy,5,19.584,6,True,4,20
9738,6804,10,14,12,economy,5,11.427,7,True,4,20
8860,6805,10,14,13,VIP,15,1.173,5,True,14,210
8858,6805,10,14,13,VIP,18,6.407,9,True,14,252
9664,6806,10,14,14,economy,7,10.326,6,True,4,28
8959,6809,10,14,17,standard,5,5.331,10,True,8,40
9656,6810,10,14,18,economy,5,6.475,5,False,4,0
8868,6810,10,14,18,VIP,18,1.932,9,True,14,252
9104,6811,10,14,19,standard,7,15.524,8,True,8,56
9604,6812,10,14,20,economy,3,10.275,8,True,4,12
9623,6812,10,14,20,economy,9,21.868,8,False,4,0
8940,6814,10,14,22,standard,5,5.472,2,False,8,0
9250,6816,10,15,0,standard,9,4.466,1,True,8,72
8993,6816,10,15,0,standard,7,13.476,8,True,8,56
9538,6816,10,15,0,economy,5,14.133,10,False,4,0
9671,6817,10,15,1,economy,3,52.001,2,True,4,12
9080,6818,10,15,2,standard,7,4.995,7,False,8,0
8892,6819,10,15,3,VIP,12,2.179,3,True,14,168
9438,6821,10,15,5,economy,5,17.16,4,False,4,0
8876,6822,10,15,6,VIP,15,1.625,8,True,14,210
9629,6823,10,15,7,economy,7,31.725,10,True,4,28
9702,6824,10,15,8,economy,5,13.014,10,True,4,20
9426,6824,10,15,8,economy,7,13.959,6,False,4,0
9367,6824,10,15,8,economy,3,31.922,2,True,4,12
9278,6824,10,15,8,standard,7,1.578,6,True,8,56
9249,6826,10,15,10,standard,5,5.333,3,True,8,40
9556,6827,10,15,11,economy,7,19.214,7,True,4,28
9630,6828,10,15,12,economy,9,14.109,1,True,4,36
9513,6828,10,15,12,economy,3,25.703,5,True,4,12
9181,6830,10,15,14,standard,7,11.354,8,True,8,56
9111,6830,10,15,14,standard,7,3.271,5,True,8,56
9305,6830,10,15,14,standard,12,6.177,8,True,8,96
9434,6830,10,15,14,economy,7,22.583,6,True,4,28
8894,6832,10,15,16,VIP,12,0.605,7,True,14,168
9311,6833,10,15,17,standard,12,9.019,1,True,8,96
9566,6833,10,15,17,economy,5,6.265,9,True,4,20
9082,6834,10,15,18,standard,7,3.851,1,True,8,56
9683,6836,10,15,20,economy,7,11.914,1,False,4,0
9188,6836,10,15,20,standard,9,8.55,3,True,8,72
9159,6839,10,15,23,standard,7,1.444,10,True,8,56
9154,6839,10,15,23,standard,5,1.873,2,True,8,40
8889,6841,10,16,1,VIP,12,7.149,4,True,14,168
9369,6842,10,16,2,economy,5,9.614,8,False,4,0
9597,6843,10,16,3,economy,3,50.752,3,True,4,12
9523,6843,10,16,3,economy,5,46.941,1,False,4,0
9173,6845,10,16,5,standard,9,0.75,10,True,8,72
8944,6846,10,16,6,standard,12,18.601,9,False,8,0
8948,6846,10,16,6,standard,9,26.597,1,True,8,72
8966,6847,10,16,7,standard,5,6.81,7,True,8,40
9727,6847,10,16,7,economy,3,7.669,6,True,4,12
9350,6849,10,16,9,standard,9,5.058,9,True,8,72
9202,6853,10,16,13,standard,7,5.536,5,True,8,56
9232,6854,10,16,14,standard,5,4.749,3,True,8,40
8924,6854,10,16,14,VIP,18,4.322,10,True,14,252
9315,6855,10,16,15,standard,7,10.553,10,True,8,56
9300,6855,10,16,15,standard,5,6.04,7,True,8,40
9174,6856,10,16,16,standard,5,8.59,3,True,8,40
9333,6856,10,16,16,standard,5,4.426,6,True,8,40
9227,6857,10,16,17,standard,5,3.768,3,True,8,40
9121,6860,10,16,20,standard,7,21.532,5,True,8,56
9553,6860,10,16,20,economy,3,17.004,8,True,4,12
9216,6860,10,16,20,standard,12,2.787,7,True,8,96
9050,6861,10,16,21,standard,9,1.083,8,True,8,72
8946,6863,10,16,23,standard,9,5.956,9,True,8,72
9477,6868,10,17,4,economy,7,9.09,6,False,4,0
9236,6869,10,17,5,standard,7,11.362,7,True,8,56
9488,6870,10,17,6,economy,3,3.657,4,True,4,12
8898,6870,10,17,6,VIP,15,6.188,6,True,14,210
8916,6871,10,17,7,VIP,15,4.769,6,True,14,210
9728,6871,10,17,7,economy,5,12.876,9,False,4,0
8883,6872,10,17,8,VIP,15,6.362,8,True,14,210
9282,6873,10,17,9,standard,9,5.131,10,True,8,72
9319,6873,10,17,9,standard,9,10.941,6,False,8,0
8891,6874,10,17,10,VIP,15,2.759,6,True,14,210
9037,6874,10,17,10,standard,7,5.167,10,True,8,56
9563,6874,10,17,10,economy,7,14.741,7,True,4,28
9000,6875,10,17,11,standard,9,21.565,4,False,8,0
9433,6875,10,17,11,economy,7,33.527,9,False,4,0
9018,6876,10,17,12,standard,7,2.82,9,True,8,56
9273,6876,10,17,12,standard,12,3.606,3,True,8,96
9698,6876,10,17,12,economy,3,9.862,2,True,4,12
9412,6876,10,17,12,economy,5,18.771,6,True,4,20
9552,6877,10,17,13,economy,7,8.482,9,True,4,28
8965,6878,10,17,14,standard,9,2.874,6,True,8,72
9483,6880,10,17,16,economy,9,50.101,10,True,4,36
8998,6881,10,17,17,standard,12,10.241,4,True,8,96
9344,6881,10,17,17,standard,9,21.7,3,True,8,72
8873,6883,10,17,19,VIP,12,1.909,4,True,14,168
9555,6884,10,17,20,economy,3,46.217,8,True,4,12
9091,6884,10,17,20,standard,9,8.899,10,True,8,72
9721,6885,10,17,21,economy,9,23.811,3,True,4,36
9003,6885,10,17,21,standard,7,8.195,8,True,8,56
9218,6887,10,17,23,standard,7,2.39,9,True,8,56
9155,6888,10,18,0,standard,7,9.769,3,True,8,56
9101,6889,10,18,1,standard,7,5.304,8,True,8,56
9295,6891,10,18,3,standard,5,6.774,6,False,8,0
9001,6893,10,18,5,standard,12,6.68,1,True,8,96
9309,6893,10,18,5,standard,9,9.832,1,False,8,0
9213,6894,10,18,6,standard,7,2.968,7,True,8,56
8955,6895,10,18,7,standard,5,5.097,10,True,8,40
8985,6895,10,18,7,standard,7,7.8,7,True,8,56
9579,6895,10,18,7,economy,5,18.739,3,True,4,20
8910,6896,10,18,8,VIP,18,3.23,8,True,14,252
8888,6897,10,18,9,VIP,12,17.194,6,True,14,168
9660,6897,10,18,9,economy,3,24.538,8,True,4,12
9259,6898,10,18,10,standard,7,21.979,6,True,8,56
9191,6898,10,18,10,standard,7,4.151,6,True,8,56
9478,6899,10,18,11,economy,5,16.929,5,True,4,20
9167,6901,10,18,13,standard,12,8.181,5,True,8,96
9306,6902,10,18,14,standard,12,8.68,9,True,8,96
9567,6903,10,18,15,economy,3,23.237,8,True,4,12
9194,6904,10,18,16,standard,7,5.963,7,True,8,56
9543,6904,10,18,16,economy,5,1.323,5,True,4,20
9522,6905,10,18,17,economy,9,15.342,3,True,4,36
8870,6906,10,18,18,VIP,15,5.774,7,True,14,210
9073,6909,10,18,21,standard,9,2.897,3,True,8,72
9559,6910,10,18,22,economy,3,27.468,8,False,4,0
8908,6911,10,18,23,VIP,15,1.295,8,True,14,210
9048,6912,10,19,0,standard,7,23.28,6,True,8,56
9451,6912,10,19,0,economy,5,12.572,5,True,4,20
9279,6912,10,19,0,standard,9,4.921,2,False,8,0
8938,6912,10,19,0,standard,7,8.587,3,True,8,56
8862,6915,10,19,3,VIP,12,3.403,4,True,14,168
9338,6915,10,19,3,standard,9,4.035,3,True,8,72
8865,6916,10,19,4,VIP,12,2.187,8,True,14,168
9443,6917,10,19,5,economy,3,18.783,6,True,4,12
8934,6917,10,19,5,standard,7,10.04,7,True,8,56
8936,6919,10,19,7,standard,9,3.116,6,False,8,0
9530,6920,10,19,8,economy,3,11.667,7,True,4,12
9638,6920,10,19,8,economy,7,50.916,5,False,4,0
9320,6920,10,19,8,standard,9,11.16,7,True,8,72
9709,6921,10,19,9,economy,5,22.611,10,True,4,20
9103,6923,10,19,11,standard,9,5.68,9,False,8,0
9061,6923,10,19,11,standard,9,4.573,7,True,8,72
9594,6924,10,19,12,economy,3,16.875,9,True,4,12
9674,6925,10,19,13,economy,3,7.555,3,True,4,12
9558,6927,10,19,15,economy,7,19.558,4,True,4,28
9619,6928,10,19,16,economy,5,4.997,2,True,4,20
9491,6929,10,19,17,economy,5,11.154,9,False,4,0
9132,6930,10,19,18,standard,5,5.116,5,True,8,40
9051,6931,10,19,19,standard,12,4.814,6,True,8,96
8983,6932,10,19,20,standard,5,6.641,5,True,8,40
9687,6932,10,19,20,economy,3,37.849,8,True,4,12
9668,6932,10,19,20,economy,5,20.925,4,True,4,20
8982,6933,10,19,21,standard,7,11.123,2,True,8,56
9161,6935,10,19,23,standard,12,26.763,7,True,8,96
8947,6935,10,19,23,standard,7,4.028,2,True,8,56
9617,6938,10,20,2,economy,7,29.372,10,True,4,28
9415,6938,10,20,2,economy,5,15.265,8,True,4,20
8857,6938,10,20,2,VIP,12,1.461,4,True,14,168
9122,6940,10,20,4,standard,7,13.472,6,True,8,56
9189,6940,10,20,4,standard,9,10.13,8,False,8,0
8949,6940,10,20,4,standard,7,19.597,8,True,8,56
9431,6941,10,20,5,economy,5,8.478,8,True,4,20
9575,6942,10,20,6,economy,7,32.122,1,True,4,28
8963,6943,10,20,7,standard,12,8.257,9,True,8,96
9506,6943,10,20,7,economy,5,3.424,3,False,4,0
9389,6945,10,20,9,economy,7,7.299,1,True,4,28
9040,6945,10,20,9,standard,5,9.744,8,True,8,40
8997,6945,10,20,9,standard,12,27.888,3,True,8,96
9107,6948,10,20,12,standard,7,6.018,7,True,8,56
9399,6949,10,20,13,economy,3,33.168,5,True,4,12
9645,6950,10,20,14,economy,3,9.028,4,True,4,12
9118,6950,10,20,14,standard,5,1.718,3,True,8,40
9123,6950,10,20,14,standard,7,7.648,3,True,8,56
9740,6951,10,20,15,economy,5,12.374,1,True,4,20
9143,6953,10,20,17,standard,9,3.328,9,True,8,72
9720,6953,10,20,17,economy,5,18.894,1,False,4,0
9288,6954,10,20,18,standard,5,5.423,2,True,8,40
9500,6955,10,20,19,economy,7,44.775,6,True,4,28
9272,6955,10,20,19,standard,7,8.861,2,False,8,0
9541,6958,10,20,22,economy,3,15.681,3,False,4,0
9208,6959,10,20,23,standard,12,4.966,9,False,8,0
8981,6959,10,20,23,standard,7,15.619,1,True,8,56
8907,6960,10,21,0,VIP,18,11.122,8,True,14,252
9240,6960,10,21,0,standard,12,6.051,4,True,8,96
8866,6961,10,21,1,VIP,15,2.938,8,True,14,210
9457,6962,10,21,2,economy,5,19.01,8,False,4,0
8912,6963,10,21,3,VIP,12,1.92,2,True,14,168
9337,6963,10,21,3,standard,5,21.288,2,True,8,40
9716,6964,10,21,4,economy,3,32.691,5,False,4,0
9026,6965,10,21,5,standard,5,13.825,9,True,8,40
9274,6965,10,21,5,standard,7,7.738,10,True,8,56
9573,6966,10,21,6,economy,5,14.46,8,True,4,20
9473,6966,10,21,6,economy,7,25.152,6,True,4,28
9144,6967,10,21,7,standard,12,5.73,10,True,8,96
9142,6970,10,21,10,standard,7,7.892,2,True,8,56
9149,6971,10,21,11,standard,12,11.663,7,True,8,96
9706,6973,10,21,13,economy,3,32.471,10,True,4,12
9404,6975,10,21,15,economy,5,55.228,6,True,4,20
8886,6976,10,21,16,VIP,12,10.784,9,True,14,168
9394,6976,10,21,16,economy,7,26.542,7,True,4,28
9179,6976,10,21,16,standard,7,5.056,7,True,8,56
9436,6977,10,21,17,economy,3,14.688,7,True,4,12
9019,6977,10,21,17,standard,9,4.349,1,True,8,72
9408,6977,10,21,17,economy,5,20.479,6,True,4,20
9210,6978,10,21,18,standard,12,5.405,2,True,8,96
9428,6978,10,21,18,economy,7,5.695,1,True,4,28
9156,6982,10,21,22,standard,7,4.886,10,True,8,56
9705,6984,10,22,0,economy,3,24.917,1,False,4,0
8890,6984,10,22,0,VIP,15,0.794,7,True,14,210
9464,6986,10,22,2,economy,3,18.155,7,True,4,12
9593,6988,10,22,4,economy,3,24.189,1,True,4,12
9409,6989,10,22,5,economy,7,45.916,6,True,4,28
9462,6989,10,22,5,economy,9,32.484,5,True,4,36
9054,6990,10,22,6,standard,12,5.466,3,True,8,96
9424,6990,10,22,6,economy,7,3.858,3,True,4,28
8991,6991,10,22,7,standard,9,7.494,9,True,8,72
9022,6994,10,22,10,standard,5,7.31,4,True,8,40
9297,6995,10,22,11,standard,7,8.631,3,True,8,56
8903,6995,10,22,11,VIP,18,3.379,8,True,14,252
8906,6996,10,22,12,VIP,18,7.324,10,True,14,252
9219,6996,10,22,12,standard,5,1.926,7,False,8,0
9025,6998,10,22,14,standard,7,5.451,8,True,8,56
9023,6998,10,22,14,standard,5,15.365,7,False,8,0
9345,7000,10,22,16,standard,7,7.673,1,True,8,56
9700,7000,10,22,16,economy,3,16.406,9,False,4,0
9275,7000,10,22,16,standard,7,7.56,4,True,8,56
9024,7001,10,22,17,standard,7,9.797,2,True,8,56
9329,7002,10,22,18,standard,9,7.306,10,True,8,72
9296,7003,10,22,19,standard,7,20.74,8,True,8,56
9469,7003,10,22,19,economy,7,17.106,6,True,4,28
9364,7003,10,22,19,economy,7,22.644,4,True,4,28
9678,7006,10,22,22,economy,5,12.157,3,True,4,20
9028,7007,10,22,23,standard,9,9.657,3,True,8,72
9006,7009,10,23,1,standard,9,5.82,3,True,8,72
9214,7009,10,23,1,standard,9,8.262,2,True,8,72
9411,7010,10,23,2,economy,3,29.355,5,False,4,0
8872,7011,10,23,3,VIP,12,1.301,3,True,14,168
9334,7011,10,23,3,standard,9,0.612,5,False,8,0
9515,7012,10,23,4,economy,5,12.751,10,True,4,20
9291,7012,10,23,4,standard,7,4.342,6,True,8,56
9577,7013,10,23,5,economy,5,17.846,4,False,4,0
9255,7015,10,23,7,standard,7,9.523,10,False,8,0
9081,7016,10,23,8,standard,7,9.252,4,True,8,56
9549,7016,10,23,8,economy,3,11.731,2,False,4,0
9281,7016,10,23,8,standard,5,4.279,7,True,8,40
9658,7017,10,23,9,economy,5,18.752,6,True,4,20
9726,7019,10,23,11,economy,7,16.553,6,True,4,28
9670,7020,10,23,12,economy,9,39.5,10,True,4,36
9357,7020,10,23,12,economy,5,13.282,10,False,4,0
9206,7020,10,23,12,standard,7,15.805,7,True,8,56
8961,7021,10,23,13,standard,9,16.827,7,True,8,72
9475,7022,10,23,14,economy,3,26.416,3,True,4,12
9703,7022,10,23,14,economy,5,25.716,5,True,4,20
9551,7023,10,23,15,economy,3,24.074,9,False,4,0
9725,7024,10,23,16,economy,7,12.668,9,True,4,28
8867,7025,10,23,17,VIP,12,4.023,7,True,14,168
9071,7026,10,23,18,standard,5,6.988,2,True,8,40
9084,7026,10,23,18,standard,9,10.009,3,True,8,72
9440,7026,10,23,18,economy,3,4.724,7,True,4,12
9527,7026,10,23,18,economy,3,17.6,6,False,4,0
9502,7026,10,23,18,economy,3,12.371,1,True,4,12
8986,7027,10,23,19,standard,7,12.425,1,True,8,56
9186,7028,10,23,20,standard,12,39.469,7,True,8,96
9533,7029,10,23,21,economy,3,13.427,1,False,4,0
9002,7029,10,23,21,standard,7,4.73,10,True,8,56
8869,7029,10,23,21,VIP,18,1.588,8,True,14,252
9672,7029,10,23,21,economy,7,21.135,9,True,4,28
9445,7030,10,23,22,economy,9,23.767,10,True,4,36
9580,7030,10,23,22,economy,7,20.985,3,False,4,0
9285,7031,10,23,23,standard,9,1.375,10,False,8,0
9077,7033,10,24,1,standard,12,9.573,10,True,8,96
9318,7033,10,24,1,standard,7,13.26,5,False,8,0
9215,7034,10,24,2,standard,9,8.439,10,True,8,72
9435,7035,10,24,3,economy,3,11.656,2,False,4,0
8920,7035,10,24,3,VIP,12,1.281,8,True,14,168
8932,7036,10,24,4,VIP,18,0.642,9,True,14,252
9284,7037,10,24,5,standard,7,7.908,1,True,8,56
9056,7038,10,24,6,standard,5,9.893,10,True,8,40
8969,7039,10,24,7,standard,7,4.283,2,False,8,0
9327,7040,10,24,8,standard,7,4.62,6,False,8,0
9243,7041,10,24,9,standard,7,16.834,7,True,8,56
9387,7042,10,24,10,economy,5,13.35,2,False,4,0
9201,7042,10,24,10,standard,7,8.869,5,True,8,56
9069,7044,10,24,12,standard,9,7.019,1,True,8,72
9403,7044,10,24,12,economy,7,28.505,1,True,4,28
9591,7045,10,24,13,economy,3,26.089,1,True,4,12
9067,7045,10,24,13,standard,9,10.708,5,True,8,72
9637,7047,10,24,15,economy,9,2.746,7,False,4,0
9666,7047,10,24,15,economy,9,14.29,1,True,4,36
8968,7049,10,24,17,standard,7,13.41,1,True,8,56
9482,7051,10,24,19,economy,5,3.78,5,True,4,20
9197,7051,10,24,19,standard,9,12.504,1,False,8,0
9544,7051,10,24,19,economy,3,33.896,4,True,4,12
9187,7055,10,24,23,standard,9,8.237,1,True,8,72
8973,7055,10,24,23,standard,5,5.284,3,False,8,0
8904,7055,10,24,23,VIP,15,9.772,6,True,14,210
9634,7056,10,25,0,economy,7,43.741,4,True,4,28
9382,7056,10,25,0,economy,3,3.522,4,True,4,12
9441,7057,10,25,1,economy,9,25.22,1,True,4,36
9486,7057,10,25,1,economy,9,19.179,10,False,4,0
9512,7057,10,25,1,economy,5,2.104,9,False,4,0
9673,7058,10,25,2,economy,9,18.902,9,False,4,0
9140,7058,10,25,2,standard,9,4.488,9,True,8,72
9711,7059,10,25,3,economy,5,23.225,6,False,4,0
9310,7059,10,25,3,standard,12,3.893,7,True,8,96
9584,7060,10,25,4,economy,7,22.259,8,True,4,28
9293,7062,10,25,6,standard,9,8.377,6,True,8,72
9355,7064,10,25,8,standard,5,5.51,6,True,8,40
9379,7067,10,25,11,economy,9,9.492,9,False,4,0
8928,7068,10,25,12,VIP,18,4.043,10,True,14,252
9086,7070,10,25,14,standard,7,9.183,4,True,8,56
9466,7071,10,25,15,economy,3,7.69,7,True,4,12
9681,7071,10,25,15,economy,7,9.413,5,True,4,28
9164,7071,10,25,15,standard,5,9.335,1,True,8,40
9298,7073,10,25,17,standard,7,4.89,1,True,8,56
9303,7073,10,25,17,standard,9,1.532,5,True,8,72
9583,7073,10,25,17,economy,5,30.119,4,True,4,20
9713,7075,10,25,19,economy,9,23.904,6,True,4,36
9633,7078,10,25,22,economy,7,14.967,10,True,4,28
8935,7078,10,25,22,standard,7,14.649,2,True,8,56
9562,7080,10,26,0,economy,3,8.323,3,True,4,12
9203,7080,10,26,0,standard,12,2.05,10,True,8,96
9497,7080,10,26,0,economy,5,8.512,10,False,4,0
9045,7082,10,26,2,standard,7,4.018,2,True,8,56
9427,7083,10,26,3,economy,3,22.111,4,False,4,0
9384,7084,10,26,4,economy,3,10.086,2,False,4,0
9360,7084,10,26,4,economy,5,12.071,9,False,4,0
8930,7085,10,26,5,VIP,10,0.296,2,True,14,140
9192,7086,10,26,6,standard,7,12.717,9,True,8,56
9605,7086,10,26,6,economy,7,12.649,3,True,4,28
9376,7087,10,26,7,economy,5,16.305,6,True,4,20
9269,7087,10,26,7,standard,9,22.322,8,True,8,72
9592,7089,10,26,9,economy,5,13.953,9,True,4,20
9649,7090,10,26,10,economy,5,5.797,1,True,4,20
9241,7090,10,26,10,standard,5,6.499,8,True,8,40
8887,7090,10,26,10,VIP,12,0.322,8,True,14,168
9388,7091,10,26,11,economy,7,41.747,7,True,4,28
8863,7091,10,26,11,VIP,18,14.541,10,True,14,252
9459,7092,10,26,12,economy,7,6.2,6,True,4,28
9099,7093,10,26,13,standard,9,21.247,9,False,8,0
9030,7094,10,26,14,standard,7,5.35,9,True,8,56
9196,7096,10,26,16,standard,12,2.262,6,True,8,96
9397,7096,10,26,16,economy,3,9.748,4,True,4,12
8917,7097,10,26,17,VIP,10,4.84,3,True,14,140
9392,7097,10,26,17,economy,7,17.377,7,True,4,28
8978,7098,10,26,18,standard,7,2.39,2,True,8,56
8976,7098,10,26,18,standard,5,21.344,1,True,8,40
9418,7099,10,26,19,economy,7,10.65,1,True,4,28
8918,7100,10,26,20,VIP,15,5.928,5,False,14,0
9422,7100,10,26,20,economy,3,29.863,3,True,4,12
9256,7100,10,26,20,standard,9,30.33,6,True,8,72
9193,7101,10,26,21,standard,7,12.727,7,False,8,0
9013,7101,10,26,21,standard,5,4.457,2,False,8,0
9471,7102,10,26,22,economy,5,24.114,10,True,4,20
9116,7102,10,26,22,standard,9,0.391,10,True,8,72
9171,7103,10,26,23,standard,7,3.767,10,True,8,56
9507,7104,10,27,0,economy,7,15.232,7,True,4,28
9669,7104,10,27,0,economy,3,20.243,5,True,4,12
9097,7104,10,27,0,standard,5,34.115,4,True,8,40
9732,7104,10,27,0,economy,3,2.242,2,True,4,12
9659,7106,10,27,2,economy,3,16.42,5,False,4,0
9109,7107,10,27,3,standard,9,13.537,1,True,8,72
9626,7108,10,27,4,economy,5,30.621,2,True,4,20
9220,7108,10,27,4,standard,5,5.093,10,True,8,40
9735,7109,10,27,5,economy,7,12.221,1,True,4,28
9066,7109,10,27,5,standard,12,1.49,5,True,8,96
9353,7110,10,27,6,standard,7,12.912,2,True,8,56
9628,7111,10,27,7,economy,7,17.53,8,False,4,0
9007,7112,10,27,8,standard,9,9.702,9,True,8,72
9742,7112,10,27,8,economy,5,8.039,2,True,4,20
9185,7112,10,27,8,standard,7,18.482,6,True,8,56
9489,7113,10,27,9,economy,9,30.243,7,False,4,0
9083,7113,10,27,9,standard,7,12.757,5,True,8,56
9413,7113,10,27,9,economy,3,22.335,4,True,4,12
9494,7114,10,27,10,economy,7,27.234,6,True,4,28
9242,7114,10,27,10,standard,9,9.641,8,False,8,0
9008,7116,10,27,12,standard,12,9.675,8,True,8,96
9458,7117,10,27,13,economy,9,15.218,3,False,4,0
9631,7118,10,27,14,economy,5,36.544,8,True,4,20
8921,7118,10,27,14,VIP,15,14.728,5,True,14,210
9689,7118,10,27,14,economy,5,1.044,8,True,4,20
9509,7118,10,27,14,economy,7,19.247,7,True,4,28
9383,7119,10,27,15,economy,3,9.827,10,False,4,0
9581,7119,10,27,15,economy,5,14.61,6,False,4,0
9485,7120,10,27,16,economy,7,24.071,1,True,4,28
9437,7120,10,27,16,economy,3,16.163,1,False,4,0
9598,7122,10,27,18,economy,3,11.253,1,False,4,0
9481,7122,10,27,18,economy,9,45.087,10,True,4,36
8941,7122,10,27,18,standard,9,1.35,2,True,8,72
9177,7123,10,27,19,standard,9,10.557,1,True,8,72
9316,7124,10,27,20,standard,5,14.389,1,True,8,40
9667,7124,10,27,20,economy,3,23.767,7,True,4,12
9596,7124,10,27,20,economy,5,23.57,1,False,4,0
9406,7125,10,27,21,economy,5,9.877,10,True,4,20
8970,7126,10,27,22,standard,9,6.322,1,True,8,72
9467,7127,10,27,23,economy,3,22.291,6,True,4,12
8880,7127,10,27,23,VIP,12,7.569,4,True,14,168
9550,7127,10,27,23,economy,5,13.686,6,True,4,20
9209,7128,10,28,0,standard,5,3.602,3,True,8,40
9326,7128,10,28,0,standard,7,6.413,6,True,8,56
9047,7129,10,28,1,standard,7,8.704,5,True,8,56
8855,7129,10,28,1,VIP,15,1.958,6,True,14,210
9537,7130,10,28,2,economy,3,19.491,2,True,4,12
9463,7132,10,28,4,economy,9,18.246,9,True,4,36
9620,7132,10,28,4,economy,3,11.673,5,True,4,12
9244,7133,10,28,5,standard,5,11.955,6,True,8,40
9356,7133,10,28,5,standard,7,9.094,6,True,8,56
9643,7133,10,28,5,economy,7,4.988,6,False,4,0
9033,7134,10,28,6,standard,5,5.403,7,True,8,40
9014,7134,10,28,6,standard,5,4.77,2,True,8,40
9578,7135,10,28,7,economy,3,30.088,5,True,4,12
9461,7136,10,28,8,economy,5,6.457,5,True,4,20
9602,7136,10,28,8,economy,3,35.957,1,True,4,12
9472,7137,10,28,9,economy,3,1.561,5,True,4,12
9348,7138,10,28,10,standard,9,8.828,5,False,8,0
9152,7139,10,28,11,standard,7,22.433,7,True,8,56
9676,7139,10,28,11,economy,5,6.969,9,False,4,0
9419,7139,10,28,11,economy,7,7.308,3,True,4,28
9135,7140,10,28,12,standard,7,12.681,4,False,8,0
8874,7140,10,28,12,VIP,15,3.93,9,True,14,210
9574,7140,10,28,12,economy,5,12.689,10,True,4,20
8896,7140,10,28,12,VIP,12,10.419,6,True,14,168
9641,7141,10,28,13,economy,5,34.54,2,True,4,20
8953,7141,10,28,13,standard,7,25.058,5,True,8,56
9613,7141,10,28,13,economy,7,30.964,6,True,4,28
9222,7141,10,28,13,standard,9,2.709,7,True,8,72
9137,7141,10,28,13,standard,12,12.905,6,True,8,96
9640,7142,10,28,14,economy,7,51.619,1,False,4,0
9307,7143,10,28,15,standard,12,11.232,2,True,8,96
9286,7144,10,28,16,standard,5,2.895,1,True,8,40
8950,7145,10,28,17,standard,7,9.391,2,True,8,56
9260,7145,10,28,17,standard,9,6.985,2,True,8,72
9365,7145,10,28,17,economy,9,11.06,4,True,4,36
8945,7146,10,28,18,standard,12,1.208,3,True,8,96
9743,7147,10,28,19,economy,3,6.168,7,True,4,12
9618,7148,10,28,20,economy,3,20.704,7,True,4,12
9460,7149,10,28,21,economy,5,4.821,2,True,4,20
9657,7149,10,28,21,economy,5,13.773,7,True,4,20
9065,7149,10,28,21,standard,7,6.489,1,True,8,56
9346,7150,10,28,22,standard,7,6.427,6,True,8,56
8989,7150,10,28,22,standard,7,6.067,9,True,8,56
9261,7152,10,29,0,standard,7,6.593,6,True,8,56
9691,7152,10,29,0,economy,5,10.599,2,True,4,20
9381,7152,10,29,0,economy,7,39.588,1,False,4,0
9680,7153,10,29,1,economy,3,17.772,10,True,4,12
9231,7155,10,29,3,standard,9,9.211,6,True,8,72
9490,7157,10,29,5,economy,5,16.761,9,False,4,0
9372,7157,10,29,5,economy,3,8.575,7,True,4,12
9299,7161,10,29,9,standard,9,9.41,3,True,8,72
9340,7162,10,29,10,standard,12,4.15,4,False,8,0
9570,7162,10,29,10,economy,5,37.072,10,True,4,20
9341,7162,10,29,10,standard,7,4.41,2,True,8,56
9542,7162,10,29,10,economy,5,27.414,3,True,4,20
9151,7162,10,29,10,standard,5,22.638,1,True,8,40
8962,7165,10,29,13,standard,7,6.022,5,True,8,56
9734,7166,10,29,14,economy,3,25.564,9,True,4,12
9004,7166,10,29,14,standard,9,3.409,3,False,8,0
9612,7168,10,29,16,economy,5,11.77,10,False,4,0
9330,7169,10,29,17,standard,12,6.169,10,True,8,96
8987,7169,10,29,17,standard,7,33.487,4,False,8,0
9565,7170,10,29,18,economy,9,7.239,10,True,4,36
9449,7171,10,29,19,economy,7,5.37,8,True,4,28
9095,7172,10,29,20,standard,5,15.433,2,True,8,40
9324,7173,10,29,21,standard,12,8.6,7,False,8,0
9112,7175,10,29,23,standard,9,5.135,3,True,8,72
8957,7176,10,30,0,standard,7,17.947,10,False,8,0
9020,7177,10,30,1,standard,9,0.634,1,True,8,72
9697,7177,10,30,1,economy,7,15.032,9,True,4,28
8884,7178,10,30,2,VIP,12,3.897,10,True,14,168
9737,7179,10,30,3,economy,3,5.762,2,True,4,12
8922,7180,10,30,4,VIP,12,3.61,6,True,14,168
9294,7180,10,30,4,standard,5,22.755,3,False,8,0
9499,7181,10,30,5,economy,7,18.874,5,True,4,28
9280,7182,10,30,6,standard,9,12.171,6,True,8,72
9228,7184,10,30,8,standard,9,7.437,8,True,8,72
9684,7184,10,30,8,economy,7,35.823,5,False,4,0
9117,7184,10,30,8,standard,7,11.742,3,True,8,56
9585,7184,10,30,8,economy,7,11.506,9,True,4,28
9172,7185,10,30,9,standard,7,10.779,2,True,8,56
9347,7185,10,30,9,standard,7,2.149,1,True,8,56
9386,7186,10,30,10,economy,5,10.15,6,True,4,20
9205,7186,10,30,10,standard,9,11.411,1,True,8,72
9536,7186,10,30,10,economy,5,2.301,5,True,4,20
9582,7187,10,30,11,economy,5,27.463,7,True,4,20
9529,7188,10,30,12,economy,5,15.102,3,True,4,20
9190,7189,10,30,13,standard,5,1.839,8,True,8,40
9395,7189,10,30,13,economy,3,12.302,2,True,4,12
9525,7189,10,30,13,economy,5,19.009,1,True,4,20
9198,7190,10,30,14,standard,5,9.438,7,True,8,40
9651,7191,10,30,15,economy,5,42.066,1,True,4,20
9688,7191,10,30,15,economy,5,22.521,1,True,4,20
9405,7192,10,30,16,economy,7,7.154,6,True,4,28
9041,7192,10,30,16,standard,7,3.184,6,True,8,56
9391,7193,10,30,17,economy,5,14.313,10,True,4,20
9038,7194,10,30,18,standard,7,10.29,2,True,8,56
9046,7194,10,30,18,standard,9,3.796,5,True,8,72
9005,7198,10,30,22,standard,5,20.334,6,True,8,40
9323,7198,10,30,22,standard,5,5.697,3,True,8,40
9027,7199,10,30,23,standard,9,3.41,5,True,8,72
9108,7199,10,30,23,standard,12,1.875,9,True,8,96
9909,7200,11,1,0,standard,7,3.862,4,True,8,56
9789,7201,11,1,1,VIP,10,3.4,8,True,14,140
10177,7202,11,1,2,standard,9,1.593,8,True,8,72
10685,7202,11,1,2,economy,5,30.24,3,True,4,20
9966,7204,11,1,4,standard,12,9.467,3,True,8,96
10171,7204,11,1,4,standard,9,3.06,7,True,8,72
10607,7205,11,1,5,economy,9,10.674,3,False,4,0
9916,7205,11,1,5,standard,7,4.883,2,False,8,0
10724,7205,11,1,5,economy,3,13.743,5,True,4,12
10798,7206,11,1,6,economy,7,33.035,1,True,4,28
9977,7206,11,1,6,standard,5,7.724,9,True,8,40
10418,7206,11,1,6,economy,7,23.978,10,True,4,28
9838,7207,11,1,7,VIP,12,2.179,3,True,14,168
10370,7208,11,1,8,standard,12,6.614,2,False,8,0
10646,7210,11,1,10,economy,3,83.233,8,True,4,12
9893,7210,11,1,10,standard,12,2.871,3,True,8,96
10806,7212,11,1,12,economy,9,1.885,7,True,4,36
10583,7212,11,1,12,economy,3,7.363,3,True,4,12
10431,7213,11,1,13,economy,7,50.089,5,True,4,28
10772,7214,11,1,14,economy,5,20.887,4,True,4,20
10737,7215,11,1,15,economy,9,29.718,9,True,4,36
10441,7216,11,1,16,economy,9,72.579,3,False,4,0
10633,7216,11,1,16,economy,7,27.374,4,False,4,0
9864,7218,11,1,18,standard,7,10.554,3,True,8,56
10365,7219,11,1,19,standard,7,1.896,3,True,8,56
10744,7220,11,1,20,economy,5,17.583,4,True,4,20
9795,7220,11,1,20,VIP,18,3.318,7,True,14,252
10350,7223,11,1,23,standard,7,19.811,5,True,8,56
9768,7223,11,1,23,VIP,10,1.113,6,True,14,140
10272,7224,11,2,0,standard,7,3.204,9,True,8,56
10444,7225,11,2,1,economy,3,16.738,2,True,4,12
10186,7225,11,2,1,standard,5,3.715,9,True,8,40
10304,7226,11,2,2,standard,9,0.177,2,True,8,72
10216,7226,11,2,2,standard,12,0.925,8,False,8,0
9999,7229,11,2,5,standard,7,11.461,4,True,8,56
10162,7230,11,2,6,standard,7,8.046,6,True,8,56
10307,7231,11,2,7,standard,9,16.528,6,True,8,72
10789,7231,11,2,7,economy,9,24.955,5,True,4,36
10751,7231,11,2,7,economy,7,39.691,1,True,4,28
10359,7233,11,2,9,standard,9,1.784,8,True,8,72
10489,7234,11,2,10,economy,5,9.131,9,True,4,20
10388,7234,11,2,10,standard,7,11.254,1,True,8,56
9851,7235,11,2,11,VIP,15,1.053,8,True,14,210
10660,7235,11,2,11,economy,7,20.933,7,False,4,0
10422,7236,11,2,12,economy,3,27.459,5,True,4,12
10567,7236,11,2,12,economy,5,6.79,4,False,4,0
10175,7237,11,2,13,standard,12,19.128,8,True,8,96
10159,7238,11,2,14,standard,5,1.822,3,True,8,40
10377,7238,11,2,14,standard,9,4.77,3,True,8,72
10137,7238,11,2,14,standard,5,7.819,8,True,8,40
10643,7240,11,2,16,economy,3,3.174,8,True,4,12
10728,7240,11,2,16,economy,7,38.141,2,True,4,28
10024,7241,11,2,17,standard,5,1.889,3,False,8,0
10448,7241,11,2,17,economy,9,7.675,8,True,4,36
10250,7242,11,2,18,standard,9,13.06,7,True,8,72
9858,7242,11,2,18,standard,7,5.592,10,True,8,56
10462,7243,11,2,19,economy,3,11.054,6,True,4,12
10402,7243,11,2,19,standard,5,16.361,10,True,8,40
10815,7244,11,2,20,economy,3,4.897,8,False,4,0
10482,7244,11,2,20,economy,3,25.561,3,True,4,12
10376,7245,11,2,21,standard,7,0.957,7,True,8,56
10107,7246,11,2,22,standard,9,4.584,7,True,8,72
10610,7247,11,2,23,economy,5,14.964,10,False,4,0
10391,7248,11,3,0,standard,7,6.169,4,True,8,56
9929,7249,11,3,1,standard,9,17.154,4,True,8,72
10001,7250,11,3,2,standard,5,8.801,7,False,8,0
10367,7251,11,3,3,standard,5,7.271,2,True,8,40
10702,7251,11,3,3,economy,5,20.476,9,True,4,20
10319,7253,11,3,5,standard,7,5.022,2,True,8,56
10083,7253,11,3,5,standard,9,16.958,2,True,8,72
10533,7253,11,3,5,economy,7,14.676,10,True,4,28
10474,7254,11,3,6,economy,9,31.893,7,True,4,36
9821,7254,11,3,6,VIP,12,5.563,6,True,14,168
10802,7256,11,3,8,economy,3,8.636,3,False,4,0
10099,7256,11,3,8,standard,12,3.764,7,False,8,0
10801,7257,11,3,9,economy,7,34.518,9,True,4,28
10045,7257,11,3,9,standard,12,4.215,10,True,8,96
10557,7258,11,3,10,economy,7,39.388,3,True,4,28
9771,7258,11,3,10,VIP,12,3.551,1,True,14,168
10432,7258,11,3,10,economy,5,30.765,7,True,4,20
10308,7260,11,3,12,standard,5,8.305,3,False,8,0
10687,7260,11,3,12,economy,9,26.248,1,True,4,36
10813,7261,11,3,13,economy,3,11.066,3,True,4,12
10568,7262,11,3,14,economy,9,18.658,10,True,4,36
10407,7262,11,3,14,economy,9,15.121,7,True,4,36
9940,7263,11,3,15,standard,7,15.773,4,False,8,0
10091,7264,11,3,16,standard,7,10.014,10,True,8,56
10626,7267,11,3,19,economy,3,11.568,10,True,4,12
9766,7267,11,3,19,VIP,18,6.173,9,True,14,252
10423,7268,11,3,20,economy,5,16.544,5,True,4,20
10394,7268,11,3,20,standard,12,1.219,3,True,8,96
9825,7269,11,3,21,VIP,12,2.103,5,True,14,168
10111,7270,11,3,22,standard,7,4.028,8,True,8,56
9751,7271,11,3,23,VIP,15,5.105,9,True,14,210
10695,7273,11,4,1,economy,3,8.565,3,True,4,12
10416,7273,11,4,1,economy,7,16.715,10,True,4,28
10486,7273,11,4,1,economy,9,10.782,2,False,4,0
10076,7275,11,4,3,standard,9,13.507,6,True,8,72
9880,7276,11,4,4,standard,9,4.911,2,True,8,72
9861,7276,11,4,4,standard,7,14.736,3,True,8,56
10007,7276,11,4,4,standard,7,3.379,10,True,8,56
10563,7276,11,4,4,economy,7,13.683,7,True,4,28
10398,7277,11,4,5,standard,7,2.961,10,True,8,56
10667,7278,11,4,6,economy,3,27.623,7,True,4,12
10479,7278,11,4,6,economy,5,21.884,7,False,4,0
10460,7278,11,4,6,economy,7,26.256,1,False,4,0
10015,7279,11,4,7,standard,5,11.608,9,True,8,40
10509,7281,11,4,9,economy,3,32.709,10,True,4,12
10337,7282,11,4,10,standard,5,16.95,4,True,8,40
10110,7285,11,4,13,standard,9,3.889,3,True,8,72
10064,7285,11,4,13,standard,7,1.481,5,True,8,56
10746,7287,11,4,15,economy,9,11.283,7,False,4,0
9873,7287,11,4,15,standard,7,12.522,8,True,8,56
10819,7289,11,4,17,economy,5,20.134,10,True,4,20
9898,7290,11,4,18,standard,9,12.867,10,True,8,72
9889,7291,11,4,19,standard,5,9.96,9,True,8,40
10158,7291,11,4,19,standard,12,10.803,10,True,8,96
10816,7292,11,4,20,economy,3,8.438,9,True,4,12
9891,7292,11,4,20,standard,5,6.09,2,True,8,40
10246,7292,11,4,20,standard,9,10.107,2,True,8,72
10805,7293,11,4,21,economy,3,26.81,2,True,4,12
10729,7295,11,4,23,economy,5,22.862,3,True,4,20
10542,7295,11,4,23,economy,5,8.908,4,True,4,20
9840,7295,11,4,23,VIP,18,1.682,10,True,14,252
10284,7295,11,4,23,standard,7,6.953,2,True,8,56
10321,7296,11,5,0,standard,5,12.54,2,True,8,40
10409,7296,11,5,0,economy,3,9.602,2,True,4,12
10185,7296,11,5,0,standard,12,5.279,9,True,8,96
10458,7297,11,5,1,economy,9,11.284,3,True,4,36
10549,7297,11,5,1,economy,7,7.035,6,False,4,0
10238,7298,11,5,2,standard,7,1.572,4,True,8,56
10292,7298,11,5,2,standard,12,5.769,7,True,8,96
10682,7299,11,5,3,economy,5,14.109,4,True,4,20
10705,7299,11,5,3,economy,3,13.56,5,False,4,0
10735,7299,11,5,3,economy,7,18.147,7,True,4,28
10421,7300,11,5,4,economy,3,23.043,8,False,4,0
9912,7301,11,5,5,standard,5,3.147,6,False,8,0
10651,7301,11,5,5,economy,7,52.884,7,False,4,0
9930,7302,11,5,6,standard,7,3.443,9,True,8,56
10003,7302,11,5,6,standard,7,9.894,4,True,8,56
10100,7302,11,5,6,standard,9,7.276,10,True,8,72
10621,7302,11,5,6,economy,3,19.028,3,True,4,12
10008,7303,11,5,7,standard,9,31.848,2,True,8,72
10791,7304,11,5,8,economy,7,25.271,5,True,4,28
9827,7304,11,5,8,VIP,12,5.296,1,True,14,168
10776,7304,11,5,8,economy,3,29.125,4,False,4,0
10399,7308,11,5,12,standard,9,16.273,3,True,8,72
10396,7308,11,5,12,standard,7,2.945,1,True,8,56
10683,7308,11,5,12,economy,3,51.617,6,True,4,12
10639,7309,11,5,13,economy,3,23.631,10,True,4,12
9881,7310,11,5,14,standard,12,17.744,9,False,8,0
10011,7311,11,5,15,standard,12,6.867,10,True,8,96
9816,7312,11,5,16,VIP,15,2.335,5,True,14,210
10692,7312,11,5,16,economy,5,49.189,2,True,4,20
10438,7314,11,5,18,economy,5,17.438,6,True,4,20
10122,7315,11,5,19,standard,7,3.766,7,True,8,56
10522,7317,11,5,21,economy,5,12.413,5,True,4,20
9968,7317,11,5,21,standard,5,5.357,4,True,8,40
10280,7317,11,5,21,standard,5,2.861,3,True,8,40
10464,7319,11,5,23,economy,7,10.173,10,False,4,0
10552,7319,11,5,23,economy,7,13.276,9,True,4,28
10090,7320,11,6,0,standard,5,1.515,1,True,8,40
9926,7321,11,6,1,standard,9,22.775,4,False,8,0
9934,7321,11,6,1,standard,9,2.737,10,True,8,72
9994,7322,11,6,2,standard,5,7.79,9,True,8,40
10309,7323,11,6,3,standard,5,7.533,2,True,8,40
10517,7323,11,6,3,economy,7,24.178,1,True,4,28
10472,7325,11,6,5,economy,5,10.059,10,True,4,20
10345,7325,11,6,5,standard,7,12.108,9,True,8,56
10804,7326,11,6,6,economy,5,11.966,2,True,4,20
9822,7327,11,6,7,VIP,18,3.773,10,True,14,252
10548,7327,11,6,7,economy,5,17.347,3,False,4,0
9913,7328,11,6,8,standard,9,6.142,8,True,8,72
10759,7331,11,6,11,economy,5,84.691,2,True,4,20
9843,7331,11,6,11,VIP,12,5.691,4,True,14,168
10638,7332,11,6,12,economy,9,5.304,3,False,4,0
10617,7332,11,6,12,economy,7,20.445,7,False,4,0
10492,7333,11,6,13,economy,3,8.445,7,True,4,12
10605,7333,11,6,13,economy,9,69.845,5,False,4,0
10026,7333,11,6,13,standard,5,10.72,2,True,8,40
9910,7333,11,6,13,standard,7,8.599,8,True,8,56
10225,7334,11,6,14,standard,9,5.361,4,True,8,72
10510,7334,11,6,14,economy,5,49.14,9,True,4,20
10720,7334,11,6,14,economy,3,5.869,4,True,4,12
10473,7335,11,6,15,economy,7,6.775,6,True,4,28
10341,7335,11,6,15,standard,12,6.943,6,True,8,96
10357,7336,11,6,16,standard,9,7.07,9,True,8,72
10658,7337,11,6,17,economy,9,32.64,8,True,4,36
10136,7338,11,6,18,standard,7,2.126,8,True,8,56
10034,7339,11,6,19,standard,9,5.157,6,True,8,72
10539,7340,11,6,20,economy,9,7.948,2,True,4,36
9854,7340,11,6,20,VIP,12,0.382,6,True,14,168
10282,7340,11,6,20,standard,12,7.906,4,True,8,96
10203,7341,11,6,21,standard,9,20.053,3,True,8,72
9782,7342,11,6,22,VIP,10,4.02,10,True,14,140
10229,7343,11,6,23,standard,7,3.329,1,True,8,56
10352,7344,11,7,0,standard,12,6.338,8,True,8,96
9833,7344,11,7,0,VIP,12,8.789,4,True,14,168
10666,7346,11,7,2,economy,7,45.671,7,True,4,28
10430,7346,11,7,2,economy,9,41.762,5,True,4,36
10754,7348,11,7,4,economy,7,6.551,6,False,4,0
10585,7348,11,7,4,economy,5,17.511,10,True,4,20
10530,7348,11,7,4,economy,5,21.783,3,True,4,20
10062,7351,11,7,7,standard,5,2.057,8,True,8,40
10305,7354,11,7,10,standard,7,4.474,5,True,8,56
10236,7354,11,7,10,standard,9,4.357,7,False,8,0
10160,7354,11,7,10,standard,7,8.095,1,True,8,56
10046,7355,11,7,11,standard,5,3.444,5,True,8,40
10807,7356,11,7,12,economy,7,6.109,1,True,4,28
10298,7356,11,7,12,standard,9,9.534,6,True,8,72
9778,7357,11,7,13,VIP,10,1.588,7,True,14,140
10465,7358,11,7,14,economy,3,4.852,2,True,4,12
10437,7359,11,7,15,economy,5,18.126,1,True,4,20
9993,7360,11,7,16,standard,12,3.692,4,True,8,96
10450,7360,11,7,16,economy,5,4.675,10,True,4,20
10205,7361,11,7,17,standard,7,3.091,2,True,8,56
10467,7362,11,7,18,economy,9,13.628,6,False,4,0
10463,7362,11,7,18,economy,5,6.768,10,False,4,0
10213,7362,11,7,18,standard,9,25.879,8,False,8,0
10056,7362,11,7,18,standard,7,8.56,10,True,8,56
10824,7363,11,7,19,economy,3,18.765,9,True,4,12
10426,7363,11,7,19,economy,7,9.856,1,True,4,28
10041,7364,11,7,20,standard,9,3.265,1,True,8,72
10105,7365,11,7,21,standard,5,8.887,2,True,8,40
10445,7365,11,7,21,economy,7,6.053,3,True,4,28
10240,7366,11,7,22,standard,5,8.702,10,True,8,40
10165,7366,11,7,22,standard,7,6.474,3,True,8,56
9997,7366,11,7,22,standard,12,3.239,10,True,8,96
10648,7366,11,7,22,economy,3,14.493,3,True,4,12
9914,7368,11,8,0,standard,7,10.89,1,True,8,56
10112,7368,11,8,0,standard,12,4.265,9,True,8,96
10191,7368,11,8,0,standard,12,15.336,7,False,8,0
10546,7368,11,8,0,economy,3,13.994,2,True,4,12
10686,7368,11,8,0,economy,5,24.599,5,True,4,20
10540,7369,11,8,1,economy,5,22.411,2,False,4,0
9855,7369,11,8,1,VIP,12,2.657,10,True,14,168
10332,7370,11,8,2,standard,9,2.382,3,True,8,72
10148,7370,11,8,2,standard,7,19.003,5,True,8,56
10134,7370,11,8,2,standard,5,12.939,5,True,8,40
10289,7374,11,8,6,standard,7,10.882,5,True,8,56
10452,7374,11,8,6,economy,3,34.79,10,True,4,12
10211,7374,11,8,6,standard,7,11.336,3,True,8,56
10044,7376,11,8,8,standard,7,7.423,7,True,8,56
9834,7377,11,8,9,VIP,12,1.09,7,True,14,168
10795,7377,11,8,9,economy,3,8.544,7,True,4,12
10234,7380,11,8,12,standard,5,2.54,3,True,8,40
10138,7380,11,8,12,standard,7,6.724,2,True,8,56
9752,7381,11,8,13,VIP,10,9.651,5,True,14,140
10222,7381,11,8,13,standard,12,6.285,10,True,8,96
10176,7384,11,8,16,standard,7,15.915,3,True,8,56
10496,7385,11,8,17,economy,7,4.035,6,True,4,28
10427,7386,11,8,18,economy,3,7.662,5,True,4,12
10283,7386,11,8,18,standard,9,4.43,5,True,8,72
10457,7386,11,8,18,economy,7,11.57,10,False,4,0
10749,7387,11,8,19,economy,5,18.398,10,True,4,20
10740,7387,11,8,19,economy,7,20.397,5,True,4,28
9784,7388,11,8,20,VIP,15,3.551,7,True,14,210
9862,7389,11,8,21,standard,7,11.181,9,True,8,56
10777,7390,11,8,22,economy,5,39.163,9,False,4,0
9764,7390,11,8,22,VIP,15,2.646,8,True,14,210
10385,7390,11,8,22,standard,5,17.053,4,True,8,40
10485,7391,11,8,23,economy,5,9.577,10,True,4,20
10349,7391,11,8,23,standard,5,14.915,10,True,8,40
10190,7392,11,9,0,standard,7,9.965,9,True,8,56
9918,7392,11,9,0,standard,9,2.969,8,True,8,72
10168,7393,11,9,1,standard,7,1.931,8,True,8,56
10535,7394,11,9,2,economy,7,20.162,9,True,4,28
10679,7395,11,9,3,economy,7,2.563,9,True,4,28
10781,7395,11,9,3,economy,5,26.052,2,True,4,20
9876,7396,11,9,4,standard,5,1.427,9,True,8,40
10614,7396,11,9,4,economy,5,12.005,10,True,4,20
10065,7398,11,9,6,standard,5,6.08,6,True,8,40
10466,7400,11,9,8,economy,7,57.859,7,True,4,28
10264,7400,11,9,8,standard,9,7.229,8,True,8,72
10169,7400,11,9,8,standard,12,14.214,9,True,8,96
10505,7401,11,9,9,economy,7,42.347,10,True,4,28
9947,7401,11,9,9,standard,5,10.023,2,True,8,40
9810,7402,11,9,10,VIP,12,2.4,6,True,14,168
10277,7402,11,9,10,standard,9,4.383,8,True,8,72
10173,7402,11,9,10,standard,5,5.184,5,True,8,40
10820,7403,11,9,11,economy,7,18.834,8,False,4,0
10664,7404,11,9,12,economy,5,35.712,1,False,4,0
10562,7404,11,9,12,economy,9,12.235,2,True,4,36
10703,7404,11,9,12,economy,7,7.768,3,True,4,28
9935,7405,11,9,13,standard,7,9.583,2,True,8,56
10525,7405,11,9,13,economy,3,33.144,9,True,4,12
10412,7407,11,9,15,economy,5,7.896,5,False,4,0
10609,7407,11,9,15,economy,5,34.991,7,True,4,20
9754,7407,11,9,15,VIP,12,0.98,2,True,14,168
10722,7408,11,9,16,economy,3,1.19,10,True,4,12
10673,7408,11,9,16,economy,3,12.894,3,True,4,12
9946,7409,11,9,17,standard,12,6.858,9,True,8,96
10414,7409,11,9,17,economy,3,17.369,8,True,4,12
10513,7411,11,9,19,economy,9,5.291,1,True,4,36
10081,7412,11,9,20,standard,7,6.874,2,True,8,56
10218,7412,11,9,20,standard,5,9.486,3,False,8,0
10302,7413,11,9,21,standard,5,18.714,1,True,8,40
10488,7413,11,9,21,economy,3,5.489,6,False,4,0
9951,7414,11,9,22,standard,7,13.316,4,True,8,56
10265,7414,11,9,22,standard,12,13.202,3,True,8,96
10140,7415,11,9,23,standard,5,10.46,5,True,8,40
10698,7415,11,9,23,economy,5,9.179,5,False,4,0
10730,7415,11,9,23,economy,5,13.916,6,True,4,20
10085,7416,11,10,0,standard,9,4.661,1,True,8,72
10653,7417,11,10,1,economy,5,17.226,7,True,4,20
9922,7418,11,10,2,standard,9,1.579,4,True,8,72
10071,7418,11,10,2,standard,5,12.264,4,True,8,40
10454,7418,11,10,2,economy,5,17.787,9,True,4,20
10054,7419,11,10,3,standard,12,8.234,4,True,8,96
10347,7419,11,10,3,standard,5,18.657,8,True,8,40
10526,7419,11,10,3,economy,7,37.663,1,False,4,0
10047,7421,11,10,5,standard,5,5.859,2,True,8,40
10762,7422,11,10,6,economy,5,9.58,4,True,4,20
10589,7423,11,10,7,economy,7,4.581,4,True,4,28
9950,7423,11,10,7,standard,9,5.394,10,True,8,72
10135,7423,11,10,7,standard,7,17.159,3,True,8,56
10344,7424,11,10,8,standard,9,27.258,3,True,8,72
10641,7425,11,10,9,economy,3,37.847,8,True,4,12
10119,7426,11,10,10,standard,9,5.035,8,True,8,72
9837,7426,11,10,10,VIP,12,4.192,4,True,14,168
10059,7426,11,10,10,standard,9,9.061,1,True,8,72
10590,7429,11,10,13,economy,3,7.572,10,False,4,0
9953,7430,11,10,14,standard,9,4.323,9,True,8,72
10227,7430,11,10,14,standard,7,4.637,1,True,8,56
10113,7431,11,10,15,standard,9,13.131,1,True,8,72
10504,7431,11,10,15,economy,5,30.197,1,True,4,20
9875,7432,11,10,16,standard,7,6.514,5,True,8,56
10392,7432,11,10,16,standard,12,7.736,6,True,8,96
10371,7433,11,10,17,standard,5,0.235,5,True,8,40
10129,7433,11,10,17,standard,5,3.839,7,True,8,40
10275,7433,11,10,17,standard,7,2.559,1,True,8,56
9907,7435,11,10,19,standard,5,1.931,2,True,8,40
10406,7435,11,10,19,economy,5,10.171,8,False,4,0
10792,7435,11,10,19,economy,7,62.579,8,True,4,28
10408,7436,11,10,20,economy,7,18.983,5,True,4,28
9971,7436,11,10,20,standard,7,4.085,9,True,8,56
10616,7437,11,10,21,economy,9,40.889,7,True,4,36
10656,7439,11,10,23,economy,9,21.401,6,True,4,36
10694,7440,11,11,0,economy,7,11.749,7,False,4,0
10657,7440,11,11,0,economy,3,16.385,5,True,4,12
10755,7440,11,11,0,economy,5,2.779,10,True,4,20
10115,7440,11,11,0,standard,12,7.127,5,True,8,96
10155,7440,11,11,0,standard,5,9.408,3,True,8,40
10449,7441,11,11,1,economy,5,3.933,8,False,4,0
10650,7441,11,11,1,economy,3,12.455,2,True,4,12
10294,7442,11,11,2,standard,9,0.376,8,False,8,0
10106,7442,11,11,2,standard,7,23.505,2,True,8,56
10208,7442,11,11,2,standard,7,24.685,2,True,8,56
9847,7444,11,11,4,VIP,12,2.908,10,True,14,168
10038,7445,11,11,5,standard,7,8.972,4,True,8,56
10089,7445,11,11,5,standard,5,2.681,5,True,8,40
9812,7445,11,11,5,VIP,18,10.235,9,True,14,252
9774,7447,11,11,7,VIP,15,6.961,10,True,14,210
10317,7447,11,11,7,standard,5,8.557,4,True,8,40
9928,7448,11,11,8,standard,7,12.975,7,True,8,56
10491,7448,11,11,8,economy,9,26.226,2,True,4,36
10497,7449,11,11,9,economy,9,39.292,1,True,4,36
10161,7449,11,11,9,standard,7,11.536,9,True,8,56
9803,7450,11,11,10,VIP,15,5.375,8,True,14,210
9853,7451,11,11,11,VIP,15,2.237,9,True,14,210
10612,7451,11,11,11,economy,7,23.223,2,True,4,28
10039,7452,11,11,12,standard,7,12.878,9,True,8,56
10490,7453,11,11,13,economy,5,6.067,2,True,4,20
10627,7454,11,11,14,economy,5,25.57,3,True,4,20
10108,7456,11,11,16,standard,5,6.697,5,True,8,40
9965,7457,11,11,17,standard,9,7.0,7,True,8,72
10029,7458,11,11,18,standard,7,5.371,1,True,8,56
10478,7459,11,11,19,economy,7,38.862,10,False,4,0
10183,7460,11,11,20,standard,9,2.789,5,True,8,72
9900,7460,11,11,20,standard,7,9.826,1,True,8,56
9865,7461,11,11,21,standard,7,18.372,10,False,8,0
9857,7462,11,11,22,VIP,12,3.128,8,True,14,168
10255,7462,11,11,22,standard,7,17.875,1,True,8,56
9991,7463,11,11,23,standard,5,8.829,1,True,8,40
9896,7465,11,12,1,standard,7,9.639,1,True,8,56
9949,7467,11,12,3,standard,9,12.859,3,True,8,72
10178,7468,11,12,4,standard,7,5.127,2,True,8,56
10232,7468,11,12,4,standard,9,11.516,7,True,8,72
10266,7470,11,12,6,standard,7,12.382,8,True,8,56
9938,7472,11,12,8,standard,12,10.455,5,True,8,96
10511,7472,11,12,8,economy,3,5.992,3,True,4,12
10348,7473,11,12,9,standard,5,9.993,5,True,8,40
9937,7474,11,12,10,standard,7,8.813,2,True,8,56
9830,7474,11,12,10,VIP,18,4.04,10,True,14,252
10821,7476,11,12,12,economy,3,33.049,4,False,4,0
9974,7476,11,12,12,standard,5,6.533,4,True,8,40
10677,7476,11,12,12,economy,5,5.018,1,True,4,20
9990,7477,11,12,13,standard,9,16.376,10,True,8,72
10380,7478,11,12,14,standard,9,14.223,9,True,8,72
9923,7478,11,12,14,standard,5,6.919,10,True,8,40
10172,7478,11,12,14,standard,5,9.072,3,True,8,40
10481,7478,11,12,14,economy,3,28.541,10,False,4,0
10147,7479,11,12,15,standard,5,4.534,8,True,8,40
10253,7479,11,12,15,standard,9,7.151,4,True,8,72
10326,7479,11,12,15,standard,7,10.739,5,True,8,56
10223,7479,11,12,15,standard,9,4.95,7,True,8,72
10516,7480,11,12,16,economy,7,8.424,3,False,4,0
10647,7480,11,12,16,economy,3,9.561,3,False,4,0
10316,7480,11,12,16,standard,7,2.87,1,True,8,56
10116,7481,11,12,17,standard,9,6.853,10,True,8,72
10360,7483,11,12,19,standard,9,10.42,6,True,8,72
9895,7484,11,12,20,standard,7,13.16,1,True,8,56
9750,7485,11,12,21,VIP,10,4.881,1,True,14,140
10799,7485,11,12,21,economy,9,13.544,9,True,4,36
9939,7485,11,12,21,standard,9,8.935,9,True,8,72
10480,7487,11,12,23,economy,5,12.799,2,True,4,20
10201,7487,11,12,23,standard,5,2.794,9,True,8,40
10745,7488,11,13,0,economy,9,8.98,5,True,4,36
9770,7488,11,13,0,VIP,12,2.203,10,True,14,168
10141,7488,11,13,0,standard,12,8.71,8,True,8,96
10037,7488,11,13,0,standard,12,1.301,4,True,8,96
10096,7489,11,13,1,standard,5,2.333,7,True,8,40
9772,7490,11,13,2,VIP,12,6.066,4,True,14,168
10670,7490,11,13,2,economy,5,23.964,5,True,4,20
10118,7490,11,13,2,standard,12,9.797,6,True,8,96
9813,7491,11,13,3,VIP,12,2.468,9,True,14,168
10243,7491,11,13,3,standard,5,13.572,9,True,8,40
9799,7491,11,13,3,VIP,12,3.055,9,True,14,168
10221,7492,11,13,4,standard,9,4.581,8,True,8,72
10109,7493,11,13,5,standard,5,4.274,6,True,8,40
10726,7493,11,13,5,economy,7,0.79,6,True,4,28
10690,7494,11,13,6,economy,5,49.746,10,True,4,20
10150,7494,11,13,6,standard,7,13.712,1,False,8,0
10257,7494,11,13,6,standard,7,4.897,5,True,8,56
10244,7495,11,13,7,standard,5,10.787,4,False,8,0
9852,7496,11,13,8,VIP,18,3.983,7,True,14,252
10424,7497,11,13,9,economy,5,44.821,9,False,4,0
10288,7498,11,13,10,standard,12,0.757,6,True,8,96
10771,7499,11,13,11,economy,5,13.066,2,False,4,0
9925,7499,11,13,11,standard,12,1.036,10,False,8,0
10291,7499,11,13,11,standard,9,5.278,10,True,8,72
10273,7499,11,13,11,standard,7,12.711,2,True,8,56
10068,7499,11,13,11,standard,7,29.247,4,True,8,56
10018,7499,11,13,11,standard,7,4.068,7,True,8,56
10541,7502,11,13,14,economy,5,9.823,9,True,4,20
9848,7503,11,13,15,VIP,12,4.656,3,True,14,168
10624,7504,11,13,16,economy,5,30.432,5,False,4,0
10721,7505,11,13,17,economy,5,38.97,4,True,4,20
9992,7505,11,13,17,standard,5,10.926,6,True,8,40
10230,7507,11,13,19,standard,7,12.289,5,True,8,56
10126,7507,11,13,19,standard,9,2.827,7,True,8,72
10689,7508,11,13,20,economy,7,11.87,3,False,4,0
9874,7509,11,13,21,standard,12,5.84,4,False,8,0
10373,7509,11,13,21,standard,5,3.483,10,True,8,40
9814,7509,11,13,21,VIP,15,5.287,9,True,14,210
10784,7509,11,13,21,economy,5,15.224,8,True,4,20
10425,7509,11,13,21,economy,3,8.985,3,False,4,0
10278,7509,11,13,21,standard,5,3.221,7,True,8,40
10814,7510,11,13,22,economy,7,9.1,5,False,4,0
10715,7512,11,14,0,economy,7,19.461,10,True,4,28
10333,7512,11,14,0,standard,5,9.14,9,True,8,40
9902,7515,11,14,3,standard,7,2.979,9,True,8,56
10139,7516,11,14,4,standard,9,10.243,2,True,8,72
10043,7516,11,14,4,standard,7,1.163,7,True,8,56
10561,7517,11,14,5,economy,5,18.943,7,True,4,20
10042,7517,11,14,5,standard,5,15.652,5,True,8,40
10197,7518,11,14,6,standard,9,4.532,2,True,8,72
10774,7519,11,14,7,economy,7,2.733,1,True,4,28
9826,7519,11,14,7,VIP,12,1.849,10,True,14,168
10156,7519,11,14,7,standard,9,7.786,9,True,8,72
10181,7520,11,14,8,standard,5,8.205,9,False,8,0
10198,7520,11,14,8,standard,7,13.09,6,True,8,56
10787,7520,11,14,8,economy,5,4.357,7,True,4,20
10258,7521,11,14,9,standard,5,7.222,2,True,8,40
10149,7522,11,14,10,standard,5,5.911,5,True,8,40
10455,7522,11,14,10,economy,5,30.924,3,True,4,20
9908,7523,11,14,11,standard,7,7.218,1,True,8,56
10322,7523,11,14,11,standard,9,6.771,10,True,8,72
10413,7523,11,14,11,economy,5,19.774,7,True,4,20
10810,7528,11,14,16,economy,5,8.003,10,True,4,20
10276,7528,11,14,16,standard,7,14.212,4,True,8,56
10700,7529,11,14,17,economy,7,2.946,3,True,4,28
10581,7529,11,14,17,economy,5,53.006,7,True,4,20
9759,7531,11,14,19,VIP,12,1.671,3,True,14,168
10027,7531,11,14,19,standard,9,8.709,10,True,8,72
9872,7532,11,14,20,standard,12,16.889,9,True,8,96
9972,7532,11,14,20,standard,7,22.771,8,True,8,56
9757,7532,11,14,20,VIP,12,8.212,10,True,14,168
10693,7532,11,14,20,economy,5,11.101,9,True,4,20
10074,7534,11,14,22,standard,9,9.817,9,True,8,72
10803,7534,11,14,22,economy,7,18.304,7,True,4,28
9817,7534,11,14,22,VIP,15,12.749,10,True,14,210
10030,7535,11,14,23,standard,9,15.842,1,True,8,72
9962,7538,11,15,2,standard,7,9.798,5,True,8,56
10120,7538,11,15,2,standard,5,3.6,2,True,8,40
10599,7538,11,15,2,economy,5,19.519,2,True,4,20
9794,7538,11,15,2,VIP,12,0.87,9,True,14,168
10551,7538,11,15,2,economy,3,22.871,4,True,4,12
10615,7539,11,15,3,economy,5,31.437,5,False,4,0
10268,7539,11,15,3,standard,7,16.882,5,True,8,56
10239,7539,11,15,3,standard,5,6.198,2,True,8,40
9777,7540,11,15,4,VIP,12,3.726,7,False,14,0
9897,7545,11,15,9,standard,12,4.091,8,True,8,96
9797,7546,11,15,10,VIP,18,5.457,10,True,14,252
10188,7546,11,15,10,standard,9,6.023,9,True,8,72
10558,7546,11,15,10,economy,5,25.506,3,False,4,0
10471,7547,11,15,11,economy,7,32.223,10,False,4,0
9805,7548,11,15,12,VIP,12,1.835,4,True,14,168
10325,7550,11,15,14,standard,5,17.395,6,False,8,0
10659,7551,11,15,15,economy,5,19.974,7,True,4,20
10192,7551,11,15,15,standard,7,1.281,1,True,8,56
10262,7551,11,15,15,standard,5,2.007,9,True,8,40
10405,7551,11,15,15,economy,3,52.904,3,True,4,12
9769,7551,11,15,15,VIP,15,4.51,5,True,14,210
10274,7552,11,15,16,standard,7,13.473,7,True,8,56
9868,7552,11,15,16,standard,7,10.847,10,False,8,0
9761,7552,11,15,16,VIP,15,2.097,8,True,14,210
10442,7552,11,15,16,economy,7,3.039,9,True,4,28
10382,7554,11,15,18,standard,12,1.568,7,True,8,96
10286,7554,11,15,18,standard,7,2.286,5,True,8,56
10523,7555,11,15,19,economy,7,36.389,6,True,4,28
10734,7557,11,15,21,economy,5,26.164,2,True,4,20
9829,7557,11,15,21,VIP,10,8.125,4,True,14,140
10401,7558,11,15,22,standard,7,7.99,5,True,8,56
10124,7558,11,15,22,standard,7,2.154,8,True,8,56
10537,7558,11,15,22,economy,3,11.156,3,True,4,12
10069,7558,11,15,22,standard,7,24.789,4,True,8,56
10501,7558,11,15,22,economy,5,53.505,3,True,4,20
10701,7559,11,15,23,economy,3,17.391,6,True,4,12
10358,7559,11,15,23,standard,5,3.993,4,True,8,40
9809,7559,11,15,23,VIP,12,0.477,4,True,14,168
10263,7560,11,16,0,standard,7,15.979,2,True,8,56
9883,7560,11,16,0,standard,7,14.018,4,True,8,56
10080,7561,11,16,1,standard,5,5.692,10,False,8,0
10374,7562,11,16,2,standard,12,10.421,8,True,8,96
10640,7563,11,16,3,economy,7,10.969,1,True,4,28
9877,7563,11,16,3,standard,7,15.07,3,False,8,0
10393,7565,11,16,5,standard,5,4.937,5,True,8,40
10411,7566,11,16,6,economy,5,11.894,1,True,4,20
10383,7566,11,16,6,standard,7,8.352,9,True,8,56
10415,7567,11,16,7,economy,5,33.994,4,True,4,20
10016,7568,11,16,8,standard,12,15.108,9,True,8,96
10285,7569,11,16,9,standard,12,15.658,6,True,8,96
10767,7569,11,16,9,economy,9,3.683,5,True,4,36
9775,7570,11,16,10,VIP,12,12.643,10,True,14,168
10290,7570,11,16,10,standard,9,1.652,4,True,8,72
10739,7571,11,16,11,economy,3,39.352,1,False,4,0
10468,7573,11,16,13,economy,3,40.749,6,False,4,0
10577,7573,11,16,13,economy,5,13.507,4,False,4,0
10153,7574,11,16,14,standard,7,6.605,2,True,8,56
10320,7575,11,16,15,standard,7,8.709,8,True,8,56
9801,7577,11,16,17,VIP,12,5.453,4,True,14,168
9886,7578,11,16,18,standard,7,6.303,9,True,8,56
9785,7579,11,16,19,VIP,15,4.176,10,True,14,210
10645,7579,11,16,19,economy,3,24.622,2,False,4,0
10574,7579,11,16,19,economy,7,5.678,5,True,4,28
10226,7581,11,16,21,standard,9,28.953,6,False,8,0
10753,7582,11,16,22,economy,7,4.515,2,False,4,0
10719,7583,11,16,23,economy,5,10.234,3,False,4,0
9832,7585,11,17,1,VIP,10,1.266,10,True,14,140
10822,7586,11,17,2,economy,5,38.46,6,True,4,20
10618,7587,11,17,3,economy,7,14.057,9,False,4,0
9786,7588,11,17,4,VIP,18,10.218,10,True,14,252
10151,7588,11,17,4,standard,7,2.666,5,True,8,56
10584,7588,11,17,4,economy,5,28.03,9,True,4,20
10547,7589,11,17,5,economy,3,22.531,9,True,4,12
10055,7590,11,17,6,standard,5,0.816,9,True,8,40
10417,7590,11,17,6,economy,5,40.156,2,True,4,20
10524,7590,11,17,6,economy,5,28.057,3,True,4,20
10576,7591,11,17,7,economy,5,26.739,4,True,4,20
9765,7591,11,17,7,VIP,12,2.039,9,True,14,168
10654,7592,11,17,8,economy,7,25.228,7,False,4,0
10566,7592,11,17,8,economy,7,41.69,3,True,4,28
10400,7592,11,17,8,standard,7,5.631,10,True,8,56
10748,7592,11,17,8,economy,9,50.313,4,True,4,36
9867,7592,11,17,8,standard,7,11.829,6,True,8,56
10301,7593,11,17,9,standard,9,14.956,1,True,8,72
10506,7594,11,17,10,economy,9,13.517,6,False,4,0
10545,7594,11,17,10,economy,7,30.628,1,True,4,28
10164,7594,11,17,10,standard,5,4.872,10,True,8,40
9924,7596,11,17,12,standard,7,9.705,5,True,8,56
10672,7597,11,17,13,economy,3,3.367,2,True,4,12
10778,7598,11,17,14,economy,3,5.868,8,True,4,12
10775,7598,11,17,14,economy,7,20.849,9,True,4,28
10389,7600,11,17,16,standard,9,4.897,3,True,8,72
10768,7602,11,17,18,economy,3,8.92,2,True,4,12
10010,7605,11,17,21,standard,7,21.76,8,True,8,56
10630,7605,11,17,21,economy,9,18.214,4,True,4,36
10335,7606,11,17,22,standard,5,11.809,3,True,8,40
9824,7606,11,17,22,VIP,12,10.551,8,True,14,168
10706,7606,11,17,22,economy,7,20.978,2,False,4,0
10299,7607,11,17,23,standard,12,20.779,6,True,8,96
9976,7607,11,17,23,standard,9,6.209,9,True,8,72
10087,7609,11,18,1,standard,7,20.073,9,True,8,56
9987,7611,11,18,3,standard,7,4.816,2,True,8,56
10765,7611,11,18,3,economy,5,39.691,2,False,4,0
9758,7612,11,18,4,VIP,15,3.51,7,True,14,210
10733,7613,11,18,5,economy,9,11.406,3,True,4,36
10436,7614,11,18,6,economy,7,14.223,6,True,4,28
10644,7615,11,18,7,economy,7,15.849,1,True,4,28
9849,7616,11,18,8,VIP,12,3.487,7,True,14,168
9983,7616,11,18,8,standard,7,2.569,4,True,8,56
10785,7619,11,18,11,economy,7,10.504,7,False,4,0
10529,7619,11,18,11,economy,3,13.049,4,False,4,0
10794,7619,11,18,11,economy,5,10.063,1,True,4,20
10375,7620,11,18,12,standard,7,17.016,4,True,8,56
9763,7620,11,18,12,VIP,12,2.312,6,True,14,168
9860,7621,11,18,13,standard,12,10.421,4,True,8,96
10569,7622,11,18,14,economy,3,24.071,3,False,4,0
10013,7623,11,18,15,standard,7,9.577,4,True,8,56
10261,7624,11,18,16,standard,5,6.922,6,True,8,40
10809,7625,11,18,17,economy,3,5.5,8,True,4,12
10718,7626,11,18,18,economy,5,1.82,1,False,4,0
9915,7626,11,18,18,standard,7,22.361,3,True,8,56
9995,7626,11,18,18,standard,9,2.129,4,True,8,72
10296,7626,11,18,18,standard,5,13.743,1,True,8,40
10397,7627,11,18,19,standard,7,9.029,8,True,8,56
10267,7627,11,18,19,standard,12,11.74,8,True,8,96
10031,7630,11,18,22,standard,5,10.447,1,True,8,40
10369,7632,11,19,0,standard,5,13.13,7,True,8,40
9948,7632,11,19,0,standard,9,3.472,1,True,8,72
10564,7633,11,19,1,economy,3,39.614,2,True,4,12
10534,7633,11,19,1,economy,3,10.433,5,True,4,12
9828,7633,11,19,1,VIP,18,2.061,10,True,14,252
10199,7636,11,19,4,standard,5,20.115,10,True,8,40
9988,7636,11,19,4,standard,7,12.187,3,True,8,56
10121,7636,11,19,4,standard,9,10.086,4,True,8,72
10361,7637,11,19,5,standard,12,17.905,3,True,8,96
10613,7637,11,19,5,economy,7,16.01,2,True,4,28
10560,7637,11,19,5,economy,3,23.369,9,True,4,12
10428,7641,11,19,9,economy,7,17.295,5,True,4,28
10390,7642,11,19,10,standard,9,3.017,1,True,8,72
10476,7642,11,19,10,economy,3,29.518,5,False,4,0
9788,7642,11,19,10,VIP,18,1.904,7,True,14,252
9845,7643,11,19,11,VIP,12,5.157,9,True,14,168
10145,7643,11,19,11,standard,7,10.017,8,True,8,56
10384,7644,11,19,12,standard,9,13.841,8,False,8,0
10631,7644,11,19,12,economy,3,20.958,4,False,4,0
10531,7645,11,19,13,economy,7,11.128,7,False,4,0
10101,7645,11,19,13,standard,9,7.511,6,True,8,72
10580,7646,11,19,14,economy,3,20.168,1,False,4,0
9760,7648,11,19,16,VIP,10,6.658,1,True,14,140
9887,7648,11,19,16,standard,7,3.248,6,True,8,56
10036,7648,11,19,16,standard,7,3.515,10,True,8,56
10356,7649,11,19,17,standard,5,4.95,8,True,8,40
9800,7650,11,19,18,VIP,12,3.23,2,True,14,168
10565,7650,11,19,18,economy,5,7.845,9,True,4,20
10131,7651,11,19,19,standard,5,0.836,9,True,8,40
10817,7652,11,19,20,economy,7,17.883,1,False,4,0
10144,7654,11,19,22,standard,5,13.64,7,True,8,40
10241,7655,11,19,23,standard,9,6.248,10,True,8,72
10608,7655,11,19,23,economy,9,30.2,4,True,4,36
10593,7656,11,20,0,economy,5,55.302,7,True,4,20
10189,7656,11,20,0,standard,7,20.873,7,False,8,0
10235,7656,11,20,0,standard,7,5.709,4,True,8,56
10070,7657,11,20,1,standard,7,7.017,10,True,8,56
9975,7657,11,20,1,standard,7,1.722,5,True,8,56
10372,7660,11,20,4,standard,12,17.599,8,True,8,96
10773,7660,11,20,4,economy,5,31.885,8,True,4,20
10665,7661,11,20,5,economy,5,5.379,1,True,4,20
9920,7661,11,20,5,standard,7,11.171,4,True,8,56
10270,7661,11,20,5,standard,7,7.893,6,True,8,56
10362,7661,11,20,5,standard,7,14.423,6,True,8,56
10048,7663,11,20,7,standard,5,16.05,3,True,8,40
10769,7664,11,20,8,economy,5,22.484,2,True,4,20
10691,7664,11,20,8,economy,9,6.577,3,True,4,36
10311,7664,11,20,8,standard,5,3.29,2,True,8,40
9804,7666,11,20,10,VIP,15,6.522,8,True,14,210
9901,7666,11,20,10,standard,7,4.508,2,True,8,56
10152,7667,11,20,11,standard,9,9.281,2,False,8,0
10625,7667,11,20,11,economy,7,6.924,4,True,4,28
10204,7668,11,20,12,standard,12,22.112,10,True,8,96
10005,7668,11,20,12,standard,5,7.627,6,True,8,40
10077,7668,11,20,12,standard,9,2.138,3,True,8,72
10000,7668,11,20,12,standard,7,5.043,2,True,8,56
10378,7668,11,20,12,standard,12,12.851,10,True,8,96
10655,7668,11,20,12,economy,5,4.801,5,True,4,20
9835,7670,11,20,14,VIP,15,8.781,10,True,14,210
10130,7671,11,20,15,standard,7,15.332,9,True,8,56
9952,7671,11,20,15,standard,9,11.147,7,True,8,72
9933,7671,11,20,15,standard,5,6.176,1,True,8,40
9815,7672,11,20,16,VIP,15,7.541,5,True,14,210
10713,7672,11,20,16,economy,5,16.727,8,True,4,20
10543,7674,11,20,18,economy,9,18.21,7,True,4,36
10602,7674,11,20,18,economy,5,29.551,4,True,4,20
10484,7674,11,20,18,economy,3,11.675,3,False,4,0
10611,7674,11,20,18,economy,7,8.507,1,True,4,28
9850,7675,11,20,19,VIP,12,6.728,7,True,14,168
10061,7675,11,20,19,standard,7,8.571,6,True,8,56
10676,7676,11,20,20,economy,5,12.536,9,True,4,20
10498,7677,11,20,21,economy,5,47.0,9,False,4,0
9944,7677,11,20,21,standard,7,1.659,1,True,8,56
9748,7677,11,20,21,VIP,15,5.632,7,True,14,210
9945,7677,11,20,21,standard,12,2.562,3,True,8,96
10014,7679,11,20,23,standard,7,5.622,3,True,8,56
9892,7679,11,20,23,standard,7,23.068,5,True,8,56
10712,7681,11,21,1,economy,5,35.899,2,True,4,20
10035,7682,11,21,2,standard,7,3.835,3,False,8,0
9820,7682,11,21,2,VIP,15,5.711,10,True,14,210
9894,7682,11,21,2,standard,12,4.157,1,True,8,96
10757,7683,11,21,3,economy,3,13.351,10,True,4,12
9762,7683,11,21,3,VIP,15,5.872,10,True,14,210
9844,7684,11,21,4,VIP,15,0.993,5,True,14,210
10353,7684,11,21,4,standard,7,7.031,10,True,8,56
10520,7685,11,21,5,economy,3,16.037,3,False,4,0
10195,7686,11,21,6,standard,12,13.84,3,True,8,96
10797,7687,11,21,7,economy,3,49.353,4,False,4,0
10684,7687,11,21,7,economy,7,25.113,9,True,4,28
10033,7687,11,21,7,standard,5,2.534,7,True,8,40
9767,7687,11,21,7,VIP,12,3.122,3,True,14,168
10681,7688,11,21,8,economy,3,25.795,3,True,4,12
9963,7689,11,21,9,standard,9,17.037,5,True,8,72
10780,7689,11,21,9,economy,5,12.122,5,False,4,0
10752,7689,11,21,9,economy,7,16.598,5,True,4,28
10009,7689,11,21,9,standard,5,5.48,10,True,8,40
10811,7690,11,21,10,economy,3,7.001,4,True,4,12
10663,7690,11,21,10,economy,7,58.446,10,False,4,0
10556,7691,11,21,11,economy,7,6.505,9,True,4,28
10395,7691,11,21,11,standard,5,13.896,3,True,8,40
10143,7691,11,21,11,standard,9,12.653,8,False,8,0
9783,7691,11,21,11,VIP,12,6.359,9,True,14,168
10707,7692,11,21,12,economy,3,43.626,5,True,4,12
9823,7692,11,21,12,VIP,10,1.008,10,True,14,140
9841,7693,11,21,13,VIP,18,1.115,9,True,14,252
10582,7693,11,21,13,economy,5,4.203,2,True,4,20
9932,7695,11,21,15,standard,7,19.864,2,False,8,0
10057,7696,11,21,16,standard,5,3.13,1,True,8,40
10079,7697,11,21,17,standard,5,4.394,4,True,8,40
9888,7697,11,21,17,standard,5,8.912,7,False,8,0
9958,7698,11,21,18,standard,5,2.05,10,False,8,0
10725,7699,11,21,19,economy,9,29.583,8,False,4,0
10256,7699,11,21,19,standard,12,4.877,1,True,8,96
10339,7700,11,21,20,standard,9,12.448,4,True,8,72
10343,7701,11,21,21,standard,5,27.003,6,True,8,40
10303,7701,11,21,21,standard,12,9.99,3,True,8,96
10174,7701,11,21,21,standard,7,11.974,9,True,8,56
10823,7702,11,21,22,economy,3,4.498,4,True,4,12
10351,7704,11,22,0,standard,7,8.078,3,True,8,56
9884,7705,11,22,1,standard,9,6.893,9,False,8,0
10714,7706,11,22,2,economy,3,21.525,2,True,4,12
10114,7706,11,22,2,standard,12,4.329,6,True,8,96
10313,7706,11,22,2,standard,12,10.493,2,True,8,96
10340,7707,11,22,3,standard,7,12.983,5,True,8,56
10756,7707,11,22,3,economy,5,13.42,4,True,4,20
10572,7708,11,22,4,economy,5,8.032,2,True,4,20
9836,7708,11,22,4,VIP,15,6.845,6,True,14,210
9890,7709,11,22,5,standard,9,4.377,4,True,8,72
10554,7710,11,22,6,economy,5,4.892,4,True,4,20
9787,7710,11,22,6,VIP,10,3.526,8,True,14,140
10597,7711,11,22,7,economy,3,26.406,3,True,4,12
10600,7711,11,22,7,economy,3,24.84,6,True,4,12
10434,7712,11,22,8,economy,5,17.604,3,False,4,0
9859,7713,11,22,9,standard,7,9.943,2,True,8,56
9831,7713,11,22,9,VIP,12,6.362,7,True,14,168
10782,7713,11,22,9,economy,3,13.875,5,True,4,12
10363,7713,11,22,9,standard,5,2.139,2,True,8,40
10620,7714,11,22,10,economy,5,14.962,10,False,4,0
9967,7714,11,22,10,standard,7,1.739,1,True,8,56
10252,7714,11,22,10,standard,5,3.158,3,True,8,40
10595,7714,11,22,10,economy,5,14.525,10,True,4,20
10066,7715,11,22,11,standard,5,16.727,7,True,8,40
10661,7716,11,22,12,economy,3,8.098,10,False,4,0
10758,7717,11,22,13,economy,3,22.228,2,True,4,12
9936,7719,11,22,15,standard,7,2.266,9,True,8,56
10446,7719,11,22,15,economy,3,11.247,6,True,4,12
10507,7719,11,22,15,economy,3,50.59,10,True,4,12
9856,7719,11,22,15,VIP,15,4.305,6,True,14,210
10053,7721,11,22,17,standard,5,10.263,9,False,8,0
10451,7721,11,22,17,economy,7,13.09,2,True,4,28
10338,7721,11,22,17,standard,7,16.265,3,True,8,56
10163,7722,11,22,18,standard,7,4.182,6,True,8,56
10196,7722,11,22,18,standard,12,14.141,4,True,8,96
10634,7723,11,22,19,economy,3,8.852,10,True,4,12
10346,7725,11,22,21,standard,9,8.31,10,True,8,72
10312,7725,11,22,21,standard,5,24.963,9,True,8,40
9996,7726,11,22,22,standard,7,1.092,2,True,8,56
10440,7726,11,22,22,economy,5,15.639,3,True,4,20
10366,7726,11,22,22,standard,5,12.011,4,True,8,40
10058,7727,11,22,23,standard,12,5.612,1,True,8,96
9956,7730,11,23,2,standard,12,7.406,1,True,8,96
10128,7731,11,23,3,standard,9,13.436,10,True,8,72
10051,7731,11,23,3,standard,5,3.001,2,True,8,40
10483,7731,11,23,3,economy,7,14.226,9,True,4,28
10209,7731,11,23,3,standard,7,8.333,3,True,8,56
10323,7731,11,23,3,standard,5,1.325,4,False,8,0
10469,7732,11,23,4,economy,3,33.19,9,False,4,0
9959,7732,11,23,4,standard,7,5.272,10,True,8,56
10668,7732,11,23,4,economy,3,1.586,2,False,4,0
9749,7732,11,23,4,VIP,15,11.131,8,True,14,210
10588,7732,11,23,4,economy,5,38.839,10,False,4,0
10420,7733,11,23,5,economy,5,44.129,10,True,4,20
10575,7735,11,23,7,economy,7,10.619,9,True,4,28
10502,7736,11,23,8,economy,9,14.577,5,True,4,36
10355,7736,11,23,8,standard,5,2.746,8,True,8,40
9798,7736,11,23,8,VIP,15,2.646,8,True,14,210
10760,7737,11,23,9,economy,7,51.91,8,True,4,28
9955,7738,11,23,10,standard,12,3.454,7,True,8,96
9871,7739,11,23,11,standard,7,9.037,10,True,8,56
10170,7740,11,23,12,standard,5,13.402,10,True,8,40
10093,7740,11,23,12,standard,7,8.824,2,True,8,56
10499,7740,11,23,12,economy,5,12.017,8,True,4,20
9879,7741,11,23,13,standard,9,16.468,8,True,8,72
10635,7743,11,23,15,economy,5,37.861,4,True,4,20
9869,7744,11,23,16,standard,9,19.867,5,True,8,72
9842,7744,11,23,16,VIP,12,6.446,4,True,14,168
10477,7746,11,23,18,economy,5,59.686,7,True,4,20
9980,7747,11,23,19,standard,9,11.403,10,True,8,72
9961,7747,11,23,19,standard,7,5.024,8,True,8,56
10123,7747,11,23,19,standard,5,17.526,4,True,8,40
10327,7748,11,23,20,standard,5,8.391,7,True,8,40
10072,7748,11,23,20,standard,12,31.193,6,True,8,96
10652,7749,11,23,21,economy,7,14.351,3,True,4,28
10049,7750,11,23,22,standard,12,1.725,2,True,8,96
10167,7750,11,23,22,standard,12,12.971,3,True,8,96
10592,7750,11,23,22,economy,5,10.868,8,True,4,20
10187,7751,11,23,23,standard,9,3.069,5,True,8,72
10591,7751,11,23,23,economy,3,32.783,2,False,4,0
10021,7752,11,24,0,standard,9,2.962,4,True,8,72
10766,7752,11,24,0,economy,5,2.264,3,True,4,20
10125,7752,11,24,0,standard,7,6.47,8,True,8,56
10248,7753,11,24,1,standard,5,10.553,9,True,8,40
9982,7753,11,24,1,standard,9,0.726,9,True,8,72
9806,7753,11,24,1,VIP,18,1.618,8,True,14,252
10812,7754,11,24,2,economy,5,17.196,5,False,4,0
10808,7754,11,24,2,economy,5,15.123,7,True,4,20
9773,7755,11,24,3,VIP,18,8.723,10,True,14,252
10793,7755,11,24,3,economy,3,21.958,7,True,4,12
10217,7755,11,24,3,standard,12,0.908,10,True,8,96
10247,7757,11,24,5,standard,7,4.685,8,True,8,56
10103,7757,11,24,5,standard,12,12.466,1,True,8,96
10786,7758,11,24,6,economy,7,6.613,10,True,4,28
10738,7759,11,24,7,economy,5,30.702,4,True,4,20
10470,7759,11,24,7,economy,5,4.923,2,True,4,20
9906,7759,11,24,7,standard,12,16.621,2,False,8,0
10220,7759,11,24,7,standard,7,4.066,1,True,8,56
9998,7760,11,24,8,standard,12,5.731,4,True,8,96
10642,7760,11,24,8,economy,3,48.058,10,True,4,12
10324,7760,11,24,8,standard,9,10.413,7,True,8,72
10527,7761,11,24,9,economy,7,11.359,10,False,4,0
9796,7761,11,24,9,VIP,12,4.158,5,True,14,168
10040,7762,11,24,10,standard,7,10.619,3,True,8,56
10315,7762,11,24,10,standard,7,4.457,7,True,8,56
10515,7764,11,24,12,economy,7,10.721,8,True,4,28
10742,7765,11,24,13,economy,3,17.253,10,False,4,0
10017,7766,11,24,14,standard,7,11.529,7,True,8,56
10098,7767,11,24,15,standard,12,13.978,1,True,8,96
10493,7767,11,24,15,economy,3,17.777,6,True,4,12
10206,7767,11,24,15,standard,12,14.1,6,False,8,0
10073,7768,11,24,16,standard,5,9.926,8,True,8,40
10487,7768,11,24,16,economy,5,13.504,6,True,4,20
10779,7768,11,24,16,economy,5,15.885,5,True,4,20
10603,7769,11,24,17,economy,9,11.393,3,False,4,0
10443,7770,11,24,18,economy,3,50.577,4,True,4,12
9753,7771,11,24,19,VIP,18,8.718,8,True,14,252
10146,7771,11,24,19,standard,7,13.415,9,True,8,56
10314,7773,11,24,21,standard,9,5.092,3,True,8,72
9870,7773,11,24,21,standard,7,5.498,6,True,8,56
10224,7773,11,24,21,standard,7,10.197,6,True,8,56
10708,7774,11,24,22,economy,7,30.397,3,True,4,28
10736,7774,11,24,22,economy,5,12.612,10,True,4,20
9807,7774,11,24,22,VIP,10,3.144,8,True,14,140
9899,7774,11,24,22,standard,5,6.477,10,True,8,40
10242,7775,11,24,23,standard,5,14.609,4,False,8,0
9756,7776,11,25,0,VIP,12,4.147,7,True,14,168
10254,7776,11,25,0,standard,12,18.481,10,True,8,96
10228,7777,11,25,1,standard,12,12.456,5,True,8,96
10297,7779,11,25,3,standard,7,14.755,7,True,8,56
9979,7779,11,25,3,standard,9,17.961,7,True,8,72
10237,7779,11,25,3,standard,7,8.674,1,False,8,0
9921,7780,11,25,4,standard,7,13.355,1,True,8,56
10419,7780,11,25,4,economy,7,25.191,10,True,4,28
10709,7781,11,25,5,economy,5,38.459,5,True,4,20
9885,7782,11,25,6,standard,12,4.415,2,True,8,96
10219,7782,11,25,6,standard,7,13.841,10,True,8,56
10669,7782,11,25,6,economy,3,17.838,6,False,4,0
10598,7782,11,25,6,economy,5,27.959,3,True,4,20
10078,7783,11,25,7,standard,9,3.632,5,True,8,72
10727,7783,11,25,7,economy,9,9.03,1,True,4,36
9978,7784,11,25,8,standard,9,16.529,2,True,8,72
10281,7785,11,25,9,standard,7,7.009,7,True,8,56
10453,7786,11,25,10,economy,3,30.834,3,False,4,0
10245,7787,11,25,11,standard,12,12.223,8,True,8,96
9866,7788,11,25,12,standard,9,7.007,6,True,8,72
10097,7788,11,25,12,standard,7,6.605,8,True,8,56
10544,7789,11,25,13,economy,7,28.156,8,True,4,28
10747,7791,11,25,15,economy,7,7.061,6,True,4,28
10329,7791,11,25,15,standard,12,10.859,9,True,8,96
9779,7792,11,25,16,VIP,12,1.838,9,True,14,168
10212,7792,11,25,16,standard,5,10.795,2,True,8,40
10306,7793,11,25,17,standard,7,2.752,9,True,8,56
9917,7793,11,25,17,standard,12,6.011,2,True,8,96
10331,7793,11,25,17,standard,9,5.4,5,True,8,72
10386,7794,11,25,18,standard,5,4.117,3,True,8,40
10587,7794,11,25,18,economy,7,61.536,5,True,4,28
9954,7795,11,25,19,standard,5,11.408,5,True,8,40
10519,7795,11,25,19,economy,5,15.217,7,True,4,20
10550,7795,11,25,19,economy,3,6.675,3,True,4,12
10214,7796,11,25,20,standard,9,2.563,1,True,8,72
10632,7797,11,25,21,economy,3,20.809,2,False,4,0
9905,7797,11,25,21,standard,5,5.571,3,True,8,40
9964,7797,11,25,21,standard,9,5.821,10,False,8,0
10800,7798,11,25,22,economy,5,27.315,9,True,4,20
9780,7799,11,25,23,VIP,10,5.119,10,True,14,140
10354,7800,11,26,0,standard,7,8.709,3,True,8,56
10060,7801,11,26,1,standard,7,7.671,6,True,8,56
10381,7802,11,26,2,standard,7,2.703,7,True,8,56
10716,7802,11,26,2,economy,7,4.848,8,True,4,28
10084,7803,11,26,3,standard,7,11.142,9,True,8,56
10495,7804,11,26,4,economy,5,14.596,6,True,4,20
10279,7804,11,26,4,standard,9,3.842,2,True,8,72
10023,7805,11,26,5,standard,12,3.835,3,True,8,96
10429,7807,11,26,7,economy,9,28.947,1,True,4,36
10184,7809,11,26,9,standard,12,12.795,4,True,8,96
10193,7809,11,26,9,standard,5,14.149,9,True,8,40
10433,7810,11,26,10,economy,9,23.295,3,True,4,36
10783,7810,11,26,10,economy,5,34.17,8,True,4,20
9985,7811,11,26,11,standard,7,7.36,4,True,8,56
9973,7812,11,26,12,standard,5,17.119,3,True,8,40
10088,7812,11,26,12,standard,7,5.91,4,True,8,56
10410,7813,11,26,13,economy,9,2.18,5,True,4,36
10732,7813,11,26,13,economy,7,12.491,7,True,4,28
9878,7814,11,26,14,standard,5,3.04,1,True,8,40
10512,7814,11,26,14,economy,5,14.841,9,True,4,20
10368,7814,11,26,14,standard,5,1.996,8,False,8,0
9811,7816,11,26,16,VIP,12,2.166,2,True,14,168
10586,7816,11,26,16,economy,9,8.475,6,True,4,36
9919,7816,11,26,16,standard,7,2.459,7,False,8,0
10699,7818,11,26,18,economy,3,42.514,4,True,4,12
10619,7818,11,26,18,economy,7,50.36,7,True,4,28
9986,7818,11,26,18,standard,12,15.895,4,False,8,0
9802,7818,11,26,18,VIP,12,2.217,10,False,14,0
10249,7819,11,26,19,standard,12,7.891,1,True,8,96
10067,7819,11,26,19,standard,5,9.515,6,True,8,40
10521,7820,11,26,20,economy,9,2.69,9,True,4,36
9808,7820,11,26,20,VIP,18,8.834,8,True,14,252
10604,7820,11,26,20,economy,5,9.78,3,True,4,20
9791,7821,11,26,21,VIP,12,4.176,3,True,14,168
10334,7822,11,26,22,standard,5,3.426,10,True,8,40
10788,7823,11,26,23,economy,5,20.096,7,True,4,20
10628,7824,11,27,0,economy,3,9.042,3,False,4,0
10723,7824,11,27,0,economy,7,18.371,2,False,4,0
10750,7825,11,27,1,economy,3,11.632,6,True,4,12
10435,7825,11,27,1,economy,7,18.986,6,True,4,28
10092,7826,11,27,2,standard,5,9.609,3,True,8,40
10004,7826,11,27,2,standard,12,11.91,4,True,8,96
10528,7826,11,27,2,economy,7,20.945,4,True,4,28
9970,7828,11,27,4,standard,9,9.516,10,True,8,72
10154,7828,11,27,4,standard,9,13.867,7,True,8,72
10133,7829,11,27,5,standard,9,3.513,4,True,8,72
10104,7829,11,27,5,standard,12,10.035,3,True,8,96
10578,7829,11,27,5,economy,7,16.573,5,True,4,28
10052,7832,11,27,8,standard,12,8.518,6,True,8,96
9755,7833,11,27,9,VIP,15,7.17,5,True,14,210
10310,7835,11,27,11,standard,9,3.495,7,True,8,72
10028,7837,11,27,13,standard,9,11.461,6,True,8,72
10579,7838,11,27,14,economy,7,55.36,10,True,4,28
10166,7839,11,27,15,standard,9,8.404,7,False,8,0
10456,7839,11,27,15,economy,7,38.756,4,True,4,28
10637,7839,11,27,15,economy,7,28.254,3,True,4,28
10459,7842,11,27,18,economy,3,13.928,9,True,4,12
10132,7842,11,27,18,standard,5,5.412,7,True,8,40
9818,7843,11,27,19,VIP,12,9.47,8,True,14,168
9942,7844,11,27,20,standard,9,8.855,2,False,8,0
10269,7846,11,27,22,standard,12,23.37,5,False,8,0
10012,7847,11,27,23,standard,9,3.801,2,True,8,72
10678,7847,11,27,23,economy,5,33.873,6,True,4,20
10447,7848,11,28,0,economy,7,19.555,7,True,4,28
10594,7850,11,28,2,economy,7,7.097,1,True,4,28
10032,7851,11,28,3,standard,7,3.08,10,True,8,56
9776,7852,11,28,4,VIP,18,4.592,10,True,14,252
10538,7852,11,28,4,economy,5,11.085,1,True,4,20
10022,7853,11,28,5,standard,7,32.576,1,True,8,56
9882,7853,11,28,5,standard,7,2.995,1,True,8,56
10336,7854,11,28,6,standard,9,14.085,7,True,8,72
10559,7854,11,28,6,economy,5,16.556,2,True,4,20
10741,7855,11,28,7,economy,5,18.398,8,True,4,20
9781,7855,11,28,7,VIP,12,3.865,8,True,14,168
10200,7855,11,28,7,standard,12,9.196,7,True,8,96
10102,7856,11,28,8,standard,12,3.712,8,True,8,96
10260,7856,11,28,8,standard,9,3.46,10,True,8,72
10002,7857,11,28,9,standard,7,8.322,4,True,8,56
10743,7857,11,28,9,economy,5,10.201,7,True,4,20
10006,7858,11,28,10,standard,9,12.578,9,True,8,72
10207,7858,11,28,10,standard,5,6.571,6,True,8,40
10179,7860,11,28,12,standard,9,22.535,7,True,8,72
10019,7861,11,28,13,standard,7,28.024,8,True,8,56
10503,7861,11,28,13,economy,7,21.854,8,True,4,28
9981,7861,11,28,13,standard,7,15.899,4,False,8,0
10086,7861,11,28,13,standard,9,10.405,4,True,8,72
10082,7862,11,28,14,standard,12,8.86,3,True,8,96
10697,7862,11,28,14,economy,9,8.535,5,False,4,0
10475,7863,11,28,15,economy,9,35.755,2,True,4,36
10063,7864,11,28,16,standard,5,12.638,4,True,8,40
10202,7866,11,28,18,standard,5,20.349,1,True,8,40
10180,7866,11,28,18,standard,9,10.54,2,True,8,72
10387,7867,11,28,19,standard,5,4.843,9,True,8,40
10606,7867,11,28,19,economy,7,12.899,10,True,4,28
10770,7867,11,28,19,economy,5,24.764,1,False,4,0
10674,7868,11,28,20,economy,5,8.459,9,True,4,20
10500,7868,11,28,20,economy,5,15.112,6,True,4,20
10671,7868,11,28,20,economy,5,15.464,1,True,4,20
10555,7868,11,28,20,economy,5,18.077,8,False,4,0
10231,7869,11,28,21,standard,5,12.037,4,False,8,0
9793,7870,11,28,22,VIP,15,2.576,10,True,14,210
10711,7870,11,28,22,economy,5,16.063,2,True,4,20
10518,7871,11,28,23,economy,9,9.12,9,False,4,0
10761,7871,11,28,23,economy,3,11.398,6,True,4,12
10536,7871,11,28,23,economy,5,17.36,2,True,4,20
9931,7871,11,28,23,standard,5,11.1,10,True,8,40
10364,7871,11,28,23,standard,9,7.558,3,True,8,72
10025,7872,11,29,0,standard,9,4.898,4,True,8,72
9957,7873,11,29,1,standard,5,5.744,10,True,8,40
10404,7873,11,29,1,economy,7,20.51,4,True,4,28
10251,7874,11,29,2,standard,7,2.234,5,False,8,0
10210,7874,11,29,2,standard,9,7.42,6,True,8,72
10731,7875,11,29,3,economy,7,41.797,6,False,4,0
10328,7876,11,29,4,standard,7,12.896,8,True,8,56
9790,7876,11,29,4,VIP,12,5.437,8,True,14,168
9960,7877,11,29,5,standard,7,14.189,1,True,8,56
10142,7877,11,29,5,standard,9,11.325,10,False,8,0
10075,7877,11,29,5,standard,9,3.177,10,True,8,72
9792,7877,11,29,5,VIP,12,3.034,10,True,14,168
10818,7877,11,29,5,economy,3,14.331,5,True,4,12
10271,7878,11,29,6,standard,7,16.742,5,True,8,56
9846,7879,11,29,7,VIP,15,8.166,7,True,14,210
10330,7879,11,29,7,standard,7,4.386,10,True,8,56
10688,7880,11,29,8,economy,7,2.172,9,True,4,28
10295,7880,11,29,8,standard,9,12.416,1,True,8,72
9943,7880,11,29,8,standard,7,8.424,8,True,8,56
10439,7881,11,29,9,economy,5,8.627,8,True,4,20
10182,7881,11,29,9,standard,9,8.586,3,True,8,72
10623,7881,11,29,9,economy,7,16.086,7,True,4,28
10553,7882,11,29,10,economy,5,13.83,4,True,4,20
10020,7883,11,29,11,standard,9,17.217,7,True,8,72
10194,7883,11,29,11,standard,12,2.207,3,True,8,96
10573,7884,11,29,12,economy,9,5.778,9,True,4,36
10680,7885,11,29,13,economy,5,8.138,7,True,4,20
10293,7885,11,29,13,standard,9,10.802,3,False,8,0
10696,7885,11,29,13,economy,3,15.908,2,True,4,12
9989,7886,11,29,14,standard,9,7.625,1,True,8,72
10514,7886,11,29,14,economy,3,2.807,2,True,4,12
9863,7888,11,29,16,standard,9,0.377,6,True,8,72
10704,7888,11,29,16,economy,5,5.063,4,True,4,20
10571,7889,11,29,17,economy,3,17.543,9,True,4,12
10094,7890,11,29,18,standard,5,3.847,6,True,8,40
10318,7891,11,29,19,standard,9,2.24,1,True,8,72
10117,7891,11,29,19,standard,5,24.315,10,True,8,40
10662,7892,11,29,20,economy,7,3.601,5,True,4,28
10233,7892,11,29,20,standard,12,18.796,2,True,8,96
9904,7894,11,29,22,standard,5,4.061,6,True,8,40
10508,7894,11,29,22,economy,5,4.502,1,True,4,20
10300,7895,11,29,23,standard,5,1.984,6,True,8,40
9927,7895,11,29,23,standard,7,0.792,9,True,8,56
10403,7897,11,30,1,economy,3,19.732,1,True,4,12
10379,7897,11,30,1,standard,7,12.745,2,True,8,56
10636,7897,11,30,1,economy,7,7.88,4,True,4,28
9839,7898,11,30,2,VIP,18,0.075,7,True,14,252
9903,7899,11,30,3,standard,9,3.118,6,True,8,72
10675,7900,11,30,4,economy,7,18.599,1,False,4,0
9911,7902,11,30,6,standard,9,16.989,8,True,8,72
9941,7902,11,30,6,standard,9,18.781,1,True,8,72
10259,7902,11,30,6,standard,7,12.263,4,True,8,56
10570,7904,11,30,8,economy,3,30.875,10,False,4,0
10287,7904,11,30,8,standard,7,2.835,8,True,8,56
10796,7905,11,30,9,economy,7,11.698,4,True,4,28
10157,7906,11,30,10,standard,5,8.083,5,True,8,40
10596,7907,11,30,11,economy,3,4.835,6,True,4,12
9969,7908,11,30,12,standard,5,3.386,2,True,8,40
10717,7908,11,30,12,economy,7,24.044,5,True,4,28
9819,7908,11,30,12,VIP,12,2.581,8,True,14,168
10095,7908,11,30,12,standard,7,10.421,3,False,8,0
10710,7909,11,30,13,economy,5,13.105,1,False,4,0
10215,7910,11,30,14,standard,9,1.617,6,True,8,72
10342,7910,11,30,14,standard,12,7.657,9,True,8,96
10494,7910,11,30,14,economy,7,18.368,2,True,4,28
10461,7911,11,30,15,economy,5,20.922,4,False,4,0
10629,7911,11,30,15,economy,3,9.445,2,False,4,0
10622,7912,11,30,16,economy,3,10.095,9,False,4,0
10790,7912,11,30,16,economy,7,17.842,6,False,4,0
10601,7915,11,30,19,economy,3,3.543,5,False,4,0
10532,7916,11,30,20,economy,3,23.054,1,False,4,0
10764,7916,11,30,20,economy,7,15.095,3,True,4,28
9984,7917,11,30,21,standard,9,9.213,9,True,8,72
10050,7917,11,30,21,standard,7,7.189,6,True,8,56
10649,7917,11,30,21,economy,7,4.991,5,True,4,28
10127,7918,11,30,22,standard,7,7.181,10,True,8,56
10763,7919,11,30,23,economy,3,16.763,4,True,4,12
11980,7920,12,1,0,economy,5,25.702,1,True,4,20
11251,7921,12,1,1,standard,7,13.305,5,True,8,56
11781,7922,12,1,2,economy,3,41.942,7,True,4,12
11597,7922,12,1,2,economy,5,15.604,7,True,4,20
11478,7925,12,1,5,standard,12,4.749,1,False,8,0
11820,7925,12,1,5,economy,3,19.016,7,True,4,12
11371,7925,12,1,5,standard,7,20.329,7,True,8,56
10835,7926,12,1,6,VIP,15,10.153,9,True,14,210
11872,7928,12,1,8,economy,7,15.789,8,True,4,28
10837,7928,12,1,8,VIP,12,1.331,10,True,14,168
11972,7928,12,1,8,economy,5,14.837,2,False,4,0
11706,7928,12,1,8,economy,3,16.974,9,True,4,12
11297,7928,12,1,8,standard,7,5.52,9,True,8,56
11785,7929,12,1,9,economy,5,34.909,3,True,4,20
11433,7930,12,1,10,standard,12,1.781,6,True,8,96
12019,7931,12,1,11,economy,7,19.371,8,True,4,28
11143,7931,12,1,11,standard,7,14.971,4,True,8,56
11954,7932,12,1,12,economy,3,3.71,2,False,4,0
11474,7932,12,1,12,standard,9,10.5,10,True,8,72
10950,7933,12,1,13,VIP,12,4.29,2,True,14,168
11314,7933,12,1,13,standard,5,31.871,8,False,8,0
11824,7933,12,1,13,economy,5,10.659,6,True,4,20
10900,7935,12,1,15,VIP,15,5.266,8,False,14,0
11778,7936,12,1,16,economy,3,15.089,6,True,4,12
11246,7937,12,1,17,standard,12,7.707,8,True,8,96
11658,7938,12,1,18,economy,3,30.984,3,True,4,12
11015,7938,12,1,18,standard,7,2.706,5,True,8,56
11536,7938,12,1,18,standard,7,2.906,7,True,8,56
11699,7938,12,1,18,economy,9,21.849,7,True,4,36
11797,7939,12,1,19,economy,3,2.63,3,True,4,12
11244,7940,12,1,20,standard,7,1.055,9,True,8,56
10853,7940,12,1,20,VIP,12,2.123,1,True,14,168
11031,7940,12,1,20,standard,9,23.53,5,True,8,72
11018,7941,12,1,21,standard,5,23.836,2,True,8,40
11007,7941,12,1,21,standard,7,10.286,7,True,8,56
11663,7942,12,1,22,economy,5,1.645,1,True,4,20
11008,7944,12,2,0,standard,12,3.37,7,True,8,96
11149,7944,12,2,0,standard,5,16.525,5,True,8,40
11550,7945,12,2,1,standard,9,9.941,4,True,8,72
11929,7946,12,2,2,economy,7,10.408,2,True,4,28
11907,7947,12,2,3,economy,7,17.448,4,True,4,28
11324,7947,12,2,3,standard,12,5.193,6,True,8,96
11107,7947,12,2,3,standard,5,6.755,5,False,8,0
11292,7947,12,2,3,standard,7,1.566,9,False,8,0
11718,7947,12,2,3,economy,7,6.041,8,True,4,28
11274,7948,12,2,4,standard,12,6.039,5,True,8,96
11640,7948,12,2,4,economy,5,9.017,7,True,4,20
10831,7948,12,2,4,VIP,12,2.339,4,True,14,168
11621,7949,12,2,5,economy,9,9.737,3,True,4,36
11756,7949,12,2,5,economy,7,12.424,1,True,4,28
12036,7949,12,2,5,economy,3,10.037,5,True,4,12
11025,7954,12,2,10,standard,5,1.775,1,True,8,40
11289,7955,12,2,11,standard,9,4.928,6,True,8,72
11349,7955,12,2,11,standard,5,4.391,3,False,8,0
11177,7956,12,2,12,standard,5,12.91,9,True,8,40
10965,7956,12,2,12,VIP,15,10.107,10,True,14,210
11455,7956,12,2,12,standard,7,13.694,5,True,8,56
11279,7956,12,2,12,standard,7,8.48,2,False,8,0
12015,7956,12,2,12,economy,9,6.65,1,True,4,36
12013,7956,12,2,12,economy,9,14.304,2,True,4,36
11883,7957,12,2,13,economy,3,7.624,9,True,4,12
10844,7958,12,2,14,VIP,12,10.306,9,True,14,168
11488,7959,12,2,15,standard,12,3.946,6,True,8,96
10863,7959,12,2,15,VIP,18,8.388,10,False,14,0
11350,7959,12,2,15,standard,12,21.23,5,False,8,0
10832,7960,12,2,16,VIP,18,1.423,10,True,14,252
11475,7960,12,2,16,standard,5,2.373,4,True,8,40
11595,7962,12,2,18,economy,3,17.838,5,False,4,0
11454,7962,12,2,18,standard,9,12.898,3,True,8,72
11631,7962,12,2,18,economy,5,19.888,9,True,4,20
11961,7962,12,2,18,economy,5,9.302,7,True,4,20
11302,7962,12,2,18,standard,5,25.59,8,True,8,40
11085,7963,12,2,19,standard,5,6.039,3,True,8,40
11136,7963,12,2,19,standard,7,5.551,2,True,8,56
11668,7963,12,2,19,economy,5,8.886,1,False,4,0
11940,7964,12,2,20,economy,5,33.318,9,True,4,20
10972,7964,12,2,20,VIP,15,2.673,8,True,14,210
11958,7964,12,2,20,economy,3,11.439,10,True,4,12
10911,7964,12,2,20,VIP,15,11.102,10,True,14,210
11217,7966,12,2,22,standard,9,13.563,8,True,8,72
11890,7967,12,2,23,economy,7,2.657,5,False,4,0
11747,7967,12,2,23,economy,3,3.457,5,True,4,12
11973,7968,12,3,0,economy,5,12.504,9,True,4,20
12041,7968,12,3,0,economy,3,30.863,6,False,4,0
11249,7969,12,3,1,standard,7,2.404,5,True,8,56
11788,7969,12,3,1,economy,5,45.969,1,True,4,20
11304,7970,12,3,2,standard,7,3.059,2,True,8,56
11992,7971,12,3,3,economy,5,18.213,7,False,4,0
11185,7971,12,3,3,standard,12,7.314,1,True,8,96
11854,7972,12,3,4,economy,5,33.916,2,True,4,20
11871,7972,12,3,4,economy,5,30.942,4,True,4,20
11754,7972,12,3,4,economy,5,13.021,10,True,4,20
11235,7973,12,3,5,standard,5,6.34,5,True,8,40
11198,7973,12,3,5,standard,9,14.53,6,True,8,72
11794,7973,12,3,5,economy,3,40.084,4,True,4,12
11727,7974,12,3,6,economy,3,8.131,2,True,4,12
10906,7974,12,3,6,VIP,18,0.63,9,True,14,252
11578,7974,12,3,6,economy,3,6.239,1,True,4,12
11412,7974,12,3,6,standard,7,13.385,5,True,8,56
11271,7974,12,3,6,standard,9,27.541,6,True,8,72
11647,7975,12,3,7,economy,9,3.188,9,False,4,0
11956,7975,12,3,7,economy,3,45.099,1,False,4,0
11543,7976,12,3,8,standard,7,2.621,3,True,8,56
11766,7976,12,3,8,economy,7,13.146,10,True,4,28
11496,7977,12,3,9,standard,5,3.216,10,True,8,40
11406,7977,12,3,9,standard,7,2.277,6,True,8,56
11933,7978,12,3,10,economy,5,7.844,2,True,4,20
11079,7978,12,3,10,standard,5,5.798,7,True,8,40
11444,7980,12,3,12,standard,9,5.695,1,True,8,72
11446,7982,12,3,14,standard,9,5.204,8,True,8,72
11212,7983,12,3,15,standard,7,11.894,1,True,8,56
11026,7984,12,3,16,standard,9,6.439,1,True,8,72
11275,7986,12,3,18,standard,12,4.868,3,True,8,96
11674,7986,12,3,18,economy,3,16.492,2,True,4,12
11813,7987,12,3,19,economy,3,48.279,7,False,4,0
11798,7987,12,3,19,economy,3,40.116,9,True,4,12
10901,7988,12,3,20,VIP,10,1.078,3,True,14,140
11583,7989,12,3,21,economy,3,22.153,10,True,4,12
11293,7989,12,3,21,standard,7,2.105,8,True,8,56
11151,7990,12,3,22,standard,7,7.805,10,True,8,56
11162,7990,12,3,22,standard,5,14.993,1,True,8,40
11039,7990,12,3,22,standard,12,14.129,2,True,8,96
11867,7991,12,3,23,economy,5,9.713,2,False,4,0
10891,7992,12,4,0,VIP,12,7.022,10,True,14,168
11179,7992,12,4,0,standard,9,7.404,5,False,8,0
10825,7993,12,4,1,VIP,12,7.087,9,True,14,168
11377,7993,12,4,1,standard,7,19.418,3,True,8,56
11029,7993,12,4,1,standard,7,9.543,8,True,8,56
11299,7994,12,4,2,standard,7,9.454,1,True,8,56
11902,7994,12,4,2,economy,7,22.134,4,False,4,0
10964,7995,12,4,3,VIP,12,3.649,3,True,14,168
11509,7995,12,4,3,standard,5,10.809,4,True,8,40
11522,7995,12,4,3,standard,7,1.944,2,True,8,56
11369,7996,12,4,4,standard,9,9.021,1,True,8,72
10842,7996,12,4,4,VIP,12,7.236,2,True,14,168
11728,7996,12,4,4,economy,7,45.285,10,True,4,28
10894,7997,12,4,5,VIP,18,4.851,8,True,14,252
11032,7997,12,4,5,standard,5,5.977,6,True,8,40
11981,7998,12,4,6,economy,3,38.425,8,True,4,12
11163,7998,12,4,6,standard,9,6.638,7,True,8,72
11264,8001,12,4,9,standard,5,18.373,2,False,8,0
11361,8001,12,4,9,standard,7,7.12,1,True,8,56
11076,8002,12,4,10,standard,7,8.384,10,True,8,56
11889,8002,12,4,10,economy,5,4.831,10,True,4,20
11515,8003,12,4,11,standard,7,22.156,9,True,8,56
10971,8003,12,4,11,VIP,12,1.799,4,True,14,168
10880,8004,12,4,12,VIP,18,0.381,7,False,14,0
11603,8004,12,4,12,economy,3,35.357,9,False,4,0
11425,8005,12,4,13,standard,5,18.792,9,True,8,40
11208,8005,12,4,13,standard,9,6.114,8,True,8,72
10974,8007,12,4,15,VIP,18,4.619,7,True,14,252
10981,8007,12,4,15,VIP,15,6.321,10,True,14,210
11256,8007,12,4,15,standard,9,8.1,2,True,8,72
11932,8008,12,4,16,economy,3,78.093,2,True,4,12
10875,8008,12,4,16,VIP,15,1.27,9,True,14,210
10951,8009,12,4,17,VIP,18,9.298,9,True,14,252
11368,8009,12,4,17,standard,7,5.472,8,True,8,56
12040,8010,12,4,18,economy,7,9.152,7,True,4,28
12005,8010,12,4,18,economy,7,28.508,3,True,4,28
11341,8011,12,4,19,standard,5,12.525,6,False,8,0
10931,8011,12,4,19,VIP,18,10.479,9,True,14,252
11222,8012,12,4,20,standard,9,2.747,7,True,8,72
11479,8012,12,4,20,standard,7,5.942,9,True,8,56
10962,8013,12,4,21,VIP,18,13.717,9,True,14,252
11252,8013,12,4,21,standard,7,8.22,6,False,8,0
11340,8014,12,4,22,standard,9,3.168,9,True,8,72
11435,8014,12,4,22,standard,5,8.621,5,True,8,40
11254,8015,12,4,23,standard,5,2.496,5,True,8,40
11040,8015,12,4,23,standard,7,17.602,3,True,8,56
11862,8015,12,4,23,economy,3,3.485,2,True,4,12
11347,8016,12,5,0,standard,12,24.338,2,True,8,96
11815,8016,12,5,0,economy,5,65.007,5,True,4,20
11202,8017,12,5,1,standard,7,4.784,1,True,8,56
11751,8019,12,5,3,economy,3,30.379,5,False,4,0
11557,8019,12,5,3,standard,9,7.22,7,True,8,72
10920,8019,12,5,3,VIP,10,8.49,9,True,14,140
11084,8019,12,5,3,standard,9,3.841,2,True,8,72
11043,8020,12,5,4,standard,7,10.411,5,True,8,56
11002,8020,12,5,4,standard,7,18.685,7,False,8,0
11590,8021,12,5,5,economy,3,26.232,6,False,4,0
11968,8021,12,5,5,economy,5,22.724,5,False,4,0
11570,8022,12,5,6,standard,5,10.8,9,True,8,40
11057,8022,12,5,6,standard,12,7.495,10,True,8,96
11086,8022,12,5,6,standard,12,4.011,8,True,8,96
12045,8023,12,5,7,economy,5,27.11,10,False,4,0
11752,8023,12,5,7,economy,5,4.603,4,False,4,0
12006,8024,12,5,8,economy,7,15.912,9,True,4,28
11495,8024,12,5,8,standard,5,6.468,5,True,8,40
11975,8025,12,5,9,economy,3,40.766,8,False,4,0
11220,8026,12,5,10,standard,7,12.245,7,True,8,56
11502,8027,12,5,11,standard,7,10.241,7,True,8,56
11365,8027,12,5,11,standard,12,9.942,3,True,8,96
11829,8027,12,5,11,economy,5,32.358,6,True,4,20
10922,8029,12,5,13,VIP,18,5.294,7,True,14,252
10976,8029,12,5,13,VIP,12,5.209,7,True,14,168
12037,8029,12,5,13,economy,3,9.027,4,True,4,12
11114,8029,12,5,13,standard,9,1.959,7,True,8,72
11095,8030,12,5,14,standard,9,14.278,8,True,8,72
10921,8030,12,5,14,VIP,15,7.231,6,True,14,210
11879,8030,12,5,14,economy,5,20.084,3,True,4,20
11693,8032,12,5,16,economy,5,7.506,2,True,4,20
11793,8033,12,5,17,economy,5,7.346,1,True,4,20
11102,8033,12,5,17,standard,12,10.027,3,True,8,96
11431,8034,12,5,18,standard,12,17.04,4,True,8,96
11967,8034,12,5,18,economy,3,5.223,8,False,4,0
11184,8034,12,5,18,standard,5,8.629,5,True,8,40
11241,8034,12,5,18,standard,7,10.767,3,True,8,56
11128,8035,12,5,19,standard,7,14.986,2,True,8,56
11362,8035,12,5,19,standard,12,1.344,3,True,8,96
11357,8036,12,5,20,standard,9,6.77,5,True,8,72
11870,8037,12,5,21,economy,5,8.854,7,True,4,20
10987,8037,12,5,21,standard,7,9.223,10,False,8,0
11605,8037,12,5,21,economy,5,47.651,5,False,4,0
10909,8038,12,5,22,VIP,18,4.312,7,True,14,252
11917,8040,12,6,0,economy,5,12.392,4,True,4,20
11120,8040,12,6,0,standard,5,3.423,4,True,8,40
11442,8043,12,6,3,standard,7,8.676,5,True,8,56
10997,8044,12,6,4,standard,7,7.341,5,True,8,56
11190,8044,12,6,4,standard,7,2.215,7,True,8,56
11410,8045,12,6,5,standard,7,4.785,3,True,8,56
11556,8045,12,6,5,standard,12,24.349,3,True,8,96
10996,8047,12,6,7,standard,5,2.822,4,True,8,40
10915,8047,12,6,7,VIP,18,6.462,10,True,14,252
11225,8048,12,6,8,standard,9,5.864,8,False,8,0
11355,8048,12,6,8,standard,7,10.529,3,True,8,56
11803,8049,12,6,9,economy,3,9.211,10,True,4,12
11615,8049,12,6,9,economy,3,10.331,5,False,4,0
11530,8051,12,6,11,standard,7,14.702,8,True,8,56
11078,8053,12,6,13,standard,12,12.463,7,True,8,96
11228,8054,12,6,14,standard,9,3.426,2,True,8,72
10826,8054,12,6,14,VIP,18,3.002,9,True,14,252
10847,8054,12,6,14,VIP,10,4.158,7,True,14,140
11800,8055,12,6,15,economy,7,35.487,7,True,4,28
11602,8056,12,6,16,economy,7,17.998,8,False,4,0
11935,8057,12,6,17,economy,7,33.511,3,True,4,28
12011,8057,12,6,17,economy,9,35.403,5,True,4,36
11586,8059,12,6,19,economy,5,10.058,1,True,4,20
11911,8059,12,6,19,economy,3,1.53,6,True,4,12
11533,8060,12,6,20,standard,12,14.896,8,True,8,96
11418,8060,12,6,20,standard,12,4.194,10,True,8,96
11082,8061,12,6,21,standard,7,5.791,8,True,8,56
11490,8062,12,6,22,standard,5,6.806,1,True,8,40
11395,8062,12,6,22,standard,5,9.067,7,True,8,40
11088,8063,12,6,23,standard,9,9.786,2,True,8,72
11842,8063,12,6,23,economy,5,9.065,4,True,4,20
12018,8063,12,6,23,economy,5,20.284,9,True,4,20
11123,8064,12,7,0,standard,5,3.307,5,True,8,40
11065,8065,12,7,1,standard,12,4.289,6,True,8,96
10953,8066,12,7,2,VIP,18,2.211,9,True,14,252
11594,8068,12,7,4,economy,9,43.278,10,True,4,36
11884,8070,12,7,6,economy,3,34.901,5,True,4,12
11504,8070,12,7,6,standard,12,13.775,4,True,8,96
11801,8071,12,7,7,economy,7,28.221,6,True,4,28
11055,8071,12,7,7,standard,5,22.132,1,True,8,40
11203,8071,12,7,7,standard,5,12.299,7,True,8,40
11633,8072,12,7,8,economy,5,47.679,3,True,4,20
11232,8072,12,7,8,standard,7,13.911,8,True,8,56
11323,8073,12,7,9,standard,7,8.373,6,True,8,56
11023,8073,12,7,9,standard,12,25.991,10,True,8,96
11915,8073,12,7,9,economy,7,36.899,5,True,4,28
11878,8073,12,7,9,economy,7,7.376,10,True,4,28
11170,8075,12,7,11,standard,9,6.668,6,True,8,72
11161,8075,12,7,11,standard,7,6.042,1,True,8,56
12010,8076,12,7,12,economy,5,20.16,10,True,4,20
11363,8076,12,7,12,standard,7,6.433,9,False,8,0
11030,8076,12,7,12,standard,5,11.797,9,True,8,40
11493,8076,12,7,12,standard,7,8.061,6,True,8,56
11006,8077,12,7,13,standard,9,13.516,10,True,8,72
11893,8078,12,7,14,economy,3,22.757,4,True,4,12
11003,8080,12,7,16,standard,7,4.882,5,True,8,56
10983,8080,12,7,16,VIP,18,5.487,10,True,14,252
11338,8081,12,7,17,standard,7,4.285,9,True,8,56
11997,8082,12,7,18,economy,5,20.038,8,True,4,20
11817,8082,12,7,18,economy,5,42.38,8,True,4,20
11939,8082,12,7,18,economy,5,2.757,2,False,4,0
11089,8083,12,7,19,standard,7,14.007,4,True,8,56
11201,8084,12,7,20,standard,9,11.681,10,True,8,72
11927,8084,12,7,20,economy,5,16.433,2,True,4,20
11450,8084,12,7,20,standard,7,7.54,7,True,8,56
12009,8086,12,7,22,economy,3,28.776,2,True,4,12
11497,8088,12,8,0,standard,7,3.692,2,False,8,0
11925,8089,12,8,1,economy,9,20.097,10,True,4,36
11159,8090,12,8,2,standard,7,6.283,2,True,8,56
11833,8090,12,8,2,economy,7,12.139,1,True,4,28
10881,8090,12,8,2,VIP,15,11.647,6,True,14,210
10944,8090,12,8,2,VIP,12,1.905,3,True,14,168
11580,8091,12,8,3,economy,5,34.44,9,True,4,20
11345,8091,12,8,3,standard,7,6.488,3,True,8,56
11544,8091,12,8,3,standard,7,4.731,10,True,8,56
11233,8092,12,8,4,standard,7,8.66,6,True,8,56
11734,8092,12,8,4,economy,5,13.802,1,False,4,0
11965,8093,12,8,5,economy,9,21.144,3,True,4,36
12023,8093,12,8,5,economy,3,34.113,7,True,4,12
11834,8093,12,8,5,economy,7,9.359,2,False,4,0
10979,8095,12,8,7,VIP,18,5.427,8,True,14,252
12008,8096,12,8,8,economy,3,30.95,2,False,4,0
11575,8096,12,8,8,standard,9,4.696,1,False,8,0
11322,8097,12,8,9,standard,9,19.302,5,True,8,72
11516,8097,12,8,9,standard,5,6.644,7,True,8,40
11321,8097,12,8,9,standard,7,12.629,5,True,8,56
11581,8098,12,8,10,economy,7,19.471,7,True,4,28
11419,8099,12,8,11,standard,7,3.875,3,False,8,0
11118,8099,12,8,11,standard,9,14.428,1,False,8,0
11059,8099,12,8,11,standard,12,10.071,9,True,8,96
11868,8099,12,8,11,economy,7,30.339,2,True,4,28
11562,8100,12,8,12,standard,9,10.12,10,False,8,0
11701,8100,12,8,12,economy,7,34.073,7,True,4,28
11657,8100,12,8,12,economy,7,15.817,1,True,4,28
11189,8101,12,8,13,standard,7,7.107,7,True,8,56
11565,8102,12,8,14,standard,12,31.997,5,True,8,96
11812,8102,12,8,14,economy,5,38.77,5,False,4,0
11005,8102,12,8,14,standard,12,12.924,6,True,8,96
11937,8104,12,8,16,economy,3,13.182,1,True,4,12
11013,8104,12,8,16,standard,9,0.948,10,True,8,72
11731,8105,12,8,17,economy,7,5.68,5,True,4,28
11508,8105,12,8,17,standard,7,6.609,10,True,8,56
11910,8107,12,8,19,economy,7,3.978,2,True,4,28
11312,8108,12,8,20,standard,9,20.015,2,True,8,72
11749,8108,12,8,20,economy,7,22.349,7,True,4,28
11860,8109,12,8,21,economy,5,25.809,2,True,4,20
11238,8110,12,8,22,standard,7,23.995,1,True,8,56
11739,8110,12,8,22,economy,3,28.041,4,True,4,12
11683,8111,12,8,23,economy,3,11.6,9,True,4,12
11100,8111,12,8,23,standard,7,3.99,9,True,8,56
10852,8111,12,8,23,VIP,15,4.253,9,True,14,210
11021,8113,12,9,1,standard,5,10.922,8,True,8,40
11651,8113,12,9,1,economy,3,1.292,4,False,4,0
11317,8113,12,9,1,standard,7,17.717,2,True,8,56
11564,8113,12,9,1,standard,5,12.754,1,True,8,40
10917,8114,12,9,2,VIP,10,7.202,7,True,14,140
11301,8114,12,9,2,standard,5,6.062,4,True,8,40
10868,8115,12,9,3,VIP,15,6.598,8,True,14,210
11284,8115,12,9,3,standard,12,3.783,5,True,8,96
11062,8116,12,9,4,standard,7,3.309,1,True,8,56
11046,8117,12,9,5,standard,5,7.145,8,True,8,40
10942,8117,12,9,5,VIP,12,3.47,2,True,14,168
11061,8118,12,9,6,standard,5,6.884,2,False,8,0
10876,8118,12,9,6,VIP,15,1.061,6,True,14,210
11370,8118,12,9,6,standard,7,7.838,1,True,8,56
11843,8119,12,9,7,economy,3,42.527,10,True,4,12
11779,8119,12,9,7,economy,3,6.987,4,True,4,12
12038,8119,12,9,7,economy,3,17.42,8,True,4,12
12042,8120,12,9,8,economy,7,13.844,5,True,4,28
11688,8120,12,9,8,economy,9,4.562,2,False,4,0
11908,8121,12,9,9,economy,3,1.459,10,True,4,12
10980,8123,12,9,11,VIP,10,4.079,1,True,14,140
11713,8125,12,9,13,economy,9,19.401,3,False,4,0
11750,8125,12,9,13,economy,5,17.475,5,True,4,20
10848,8125,12,9,13,VIP,12,1.962,2,True,14,168
11467,8125,12,9,13,standard,7,5.258,4,True,8,56
11104,8125,12,9,13,standard,9,4.369,4,True,8,72
11960,8126,12,9,14,economy,3,5.945,6,True,4,12
11891,8127,12,9,15,economy,7,8.661,4,False,4,0
11659,8128,12,9,16,economy,5,8.876,9,True,4,20
11535,8128,12,9,16,standard,7,10.014,8,True,8,56
11577,8129,12,9,17,standard,7,6.054,3,True,8,56
11282,8129,12,9,17,standard,5,1.295,2,True,8,40
10833,8130,12,9,18,VIP,12,1.297,5,True,14,168
10949,8130,12,9,18,VIP,15,10.392,5,True,14,210
10973,8131,12,9,19,VIP,10,4.327,5,True,14,140
10864,8131,12,9,19,VIP,12,6.065,1,True,14,168
10866,8132,12,9,20,VIP,18,5.756,7,True,14,252
10877,8132,12,9,20,VIP,15,11.203,6,True,14,210
11456,8133,12,9,21,standard,9,15.703,2,True,8,72
11288,8134,12,9,22,standard,9,15.682,4,True,8,72
11511,8135,12,9,23,standard,12,0.786,9,True,8,96
11816,8135,12,9,23,economy,9,3.078,5,True,4,36
11090,8136,12,10,0,standard,9,1.324,8,True,8,72
10887,8136,12,10,0,VIP,12,3.538,8,True,14,168
11609,8137,12,10,1,economy,9,7.966,8,True,4,36
11823,8138,12,10,2,economy,5,30.468,5,True,4,20
11545,8138,12,10,2,standard,5,12.5,8,True,8,40
11636,8139,12,10,3,economy,3,5.96,2,False,4,0
11652,8140,12,10,4,economy,7,15.406,10,True,4,28
11358,8140,12,10,4,standard,9,10.256,2,True,8,72
11936,8140,12,10,4,economy,3,26.204,6,True,4,12
11353,8140,12,10,4,standard,7,6.394,1,True,8,56
11064,8141,12,10,5,standard,7,5.443,5,True,8,56
11294,8141,12,10,5,standard,7,22.345,9,True,8,56
11681,8141,12,10,5,economy,3,9.877,3,True,4,12
11527,8142,12,10,6,standard,7,10.855,3,True,8,56
11914,8144,12,10,8,economy,3,13.71,1,True,4,12
12014,8144,12,10,8,economy,5,5.583,3,True,4,20
11716,8145,12,10,9,economy,9,26.847,3,True,4,36
11947,8146,12,10,10,economy,5,34.411,4,True,4,20
11666,8146,12,10,10,economy,5,18.225,2,False,4,0
11045,8146,12,10,10,standard,12,4.543,10,True,8,96
11320,8146,12,10,10,standard,12,1.448,8,True,8,96
11649,8147,12,10,11,economy,5,22.899,9,True,4,20
11423,8148,12,10,12,standard,5,9.877,1,True,8,40
11598,8149,12,10,13,economy,5,8.149,7,False,4,0
11859,8149,12,10,13,economy,5,15.057,4,True,4,20
11740,8149,12,10,13,economy,7,6.543,1,True,4,28
11825,8150,12,10,14,economy,7,5.667,2,False,4,0
11166,8150,12,10,14,standard,9,7.496,4,True,8,72
11109,8150,12,10,14,standard,9,4.251,2,True,8,72
10930,8151,12,10,15,VIP,15,5.609,9,True,14,210
11075,8151,12,10,15,standard,9,11.581,3,True,8,72
10956,8152,12,10,16,VIP,15,12.228,10,True,14,210
11182,8153,12,10,17,standard,9,14.055,6,True,8,72
11331,8153,12,10,17,standard,9,5.616,10,True,8,72
11608,8153,12,10,17,economy,5,15.352,2,True,4,20
11698,8153,12,10,17,economy,9,13.299,6,True,4,36
10840,8153,12,10,17,VIP,12,1.961,10,False,14,0
11974,8153,12,10,17,economy,5,33.876,5,False,4,0
10845,8154,12,10,18,VIP,12,2.735,2,True,14,168
10839,8154,12,10,18,VIP,15,0.683,9,True,14,210
11327,8154,12,10,18,standard,9,26.31,2,True,8,72
11487,8155,12,10,19,standard,5,5.866,10,True,8,40
11132,8156,12,10,20,standard,9,4.306,8,True,8,72
11857,8156,12,10,20,economy,3,20.229,2,True,4,12
10910,8156,12,10,20,VIP,15,4.805,9,True,14,210
11051,8157,12,10,21,standard,12,8.344,7,True,8,96
11976,8157,12,10,21,economy,3,15.049,3,False,4,0
11116,8158,12,10,22,standard,5,21.926,2,False,8,0
11432,8159,12,10,23,standard,12,5.466,7,True,8,96
11343,8159,12,10,23,standard,9,9.965,10,True,8,72
11623,8160,12,11,0,economy,7,4.913,6,False,4,0
11667,8161,12,11,1,economy,5,52.614,2,True,4,20
11898,8161,12,11,1,economy,3,1.064,3,True,4,12
11210,8161,12,11,1,standard,5,2.36,8,True,8,40
11035,8162,12,11,2,standard,12,16.237,1,True,8,96
10893,8163,12,11,3,VIP,15,2.423,7,True,14,210
11390,8164,12,11,4,standard,7,6.571,5,True,8,56
11503,8165,12,11,5,standard,5,7.217,6,True,8,40
11675,8165,12,11,5,economy,7,4.489,7,True,4,28
11280,8168,12,11,8,standard,9,10.076,8,True,8,72
11561,8168,12,11,8,standard,5,5.707,8,True,8,40
11028,8168,12,11,8,standard,9,7.491,7,True,8,72
11310,8168,12,11,8,standard,9,16.13,10,True,8,72
10883,8168,12,11,8,VIP,18,4.543,7,True,14,252
10936,8169,12,11,9,VIP,15,3.606,7,True,14,210
11278,8169,12,11,9,standard,9,14.533,1,True,8,72
11851,8171,12,11,11,economy,3,16.809,4,True,4,12
11138,8172,12,11,12,standard,12,4.381,7,True,8,96
11221,8173,12,11,13,standard,9,1.503,2,True,8,72
10992,8174,12,11,14,standard,7,11.7,7,True,8,56
11791,8174,12,11,14,economy,7,2.597,6,True,4,28
11853,8174,12,11,14,economy,3,18.656,10,True,4,12
11204,8174,12,11,14,standard,5,11.192,8,True,8,40
11634,8175,12,11,15,economy,5,5.313,7,False,4,0
11573,8175,12,11,15,standard,9,5.984,4,True,8,72
11195,8176,12,11,16,standard,7,18.239,3,True,8,56
11924,8176,12,11,16,economy,3,28.624,10,False,4,0
10908,8177,12,11,17,VIP,10,11.184,2,True,14,140
11760,8177,12,11,17,economy,5,9.797,4,True,4,20
11719,8178,12,11,18,economy,7,18.867,10,True,4,28
11909,8179,12,11,19,economy,5,17.62,2,False,4,0
11403,8179,12,11,19,standard,9,6.434,3,True,8,72
11732,8179,12,11,19,economy,5,19.148,2,False,4,0
11269,8180,12,11,20,standard,7,12.751,1,True,8,56
11048,8180,12,11,20,standard,7,19.113,2,True,8,56
11218,8180,12,11,20,standard,7,6.234,7,True,8,56
11863,8181,12,11,21,economy,9,21.282,5,True,4,36
11946,8181,12,11,21,economy,5,18.468,7,False,4,0
11691,8181,12,11,21,economy,3,24.432,7,True,4,12
11375,8182,12,11,22,standard,7,1.574,6,True,8,56
10978,8182,12,11,22,VIP,15,1.03,10,True,14,210
11700,8183,12,11,23,economy,7,30.356,3,True,4,28
11945,8183,12,11,23,economy,3,56.717,8,False,4,0
11245,8184,12,12,0,standard,12,31.872,6,True,8,96
11685,8185,12,12,1,economy,7,19.229,7,True,4,28
11921,8186,12,12,2,economy,3,13.651,1,False,4,0
11738,8187,12,12,3,economy,5,11.0,2,True,4,20
11205,8188,12,12,4,standard,12,11.233,1,True,8,96
12028,8188,12,12,4,economy,9,27.943,1,True,4,36
10928,8188,12,12,4,VIP,12,1.493,6,True,14,168
11049,8189,12,12,5,standard,9,4.375,4,False,8,0
11705,8190,12,12,6,economy,5,10.385,3,True,4,20
11305,8190,12,12,6,standard,7,3.2,2,True,8,56
11584,8190,12,12,6,economy,3,8.714,8,False,4,0
11525,8190,12,12,6,standard,9,5.73,3,True,8,72
11501,8190,12,12,6,standard,9,0.111,6,True,8,72
11849,8191,12,12,7,economy,5,14.584,5,True,4,20
11571,8191,12,12,7,standard,7,5.137,7,True,8,56
10897,8192,12,12,8,VIP,12,15.771,6,True,14,168
11167,8193,12,12,9,standard,9,8.368,10,True,8,72
11746,8193,12,12,9,economy,7,13.162,7,False,4,0
11416,8193,12,12,9,standard,9,1.437,6,True,8,72
10856,8194,12,12,10,VIP,12,5.852,9,True,14,168
11207,8194,12,12,10,standard,7,7.517,2,True,8,56
11285,8194,12,12,10,standard,7,1.19,8,True,8,56
11054,8194,12,12,10,standard,5,15.953,2,False,8,0
11678,8195,12,12,11,economy,3,2.957,10,False,4,0
11359,8196,12,12,12,standard,7,27.379,8,True,8,56
11296,8196,12,12,12,standard,7,6.023,7,True,8,56
11955,8197,12,12,13,economy,5,4.603,6,True,4,20
11694,8198,12,12,14,economy,5,6.105,7,True,4,20
10927,8198,12,12,14,VIP,12,3.981,10,True,14,168
11542,8198,12,12,14,standard,9,8.66,2,False,8,0
10998,8199,12,12,15,standard,12,5.415,6,True,8,96
11826,8199,12,12,15,economy,5,8.112,5,True,4,20
10966,8200,12,12,16,VIP,15,0.611,6,True,14,210
11613,8201,12,12,17,economy,9,2.771,7,True,4,36
11572,8202,12,12,18,standard,9,5.278,6,True,8,72
10961,8202,12,12,18,VIP,12,6.846,9,True,14,168
11112,8202,12,12,18,standard,9,8.503,2,True,8,72
11009,8204,12,12,20,standard,5,8.456,1,True,8,40
11864,8205,12,12,21,economy,3,41.874,5,True,4,12
10967,8205,12,12,21,VIP,15,2.196,10,True,14,210
11982,8205,12,12,21,economy,5,28.701,10,False,4,0
11313,8206,12,12,22,standard,7,6.982,3,True,8,56
10916,8206,12,12,22,VIP,12,4.613,9,True,14,168
11710,8206,12,12,22,economy,3,23.608,7,True,4,12
11809,8207,12,12,23,economy,3,14.254,1,True,4,12
11223,8207,12,12,23,standard,5,12.794,1,False,8,0
11995,8207,12,12,23,economy,5,15.761,3,False,4,0
11178,8208,12,13,0,standard,9,9.151,3,True,8,72
11764,8208,12,13,0,economy,5,12.168,9,False,4,0
11548,8208,12,13,0,standard,9,25.365,8,True,8,72
11262,8209,12,13,1,standard,12,3.49,10,True,8,96
10940,8210,12,13,2,VIP,12,2.073,4,True,14,168
11206,8211,12,13,3,standard,9,5.362,9,True,8,72
11811,8212,12,13,4,economy,5,28.293,2,True,4,20
11721,8213,12,13,5,economy,7,6.487,1,True,4,28
11643,8214,12,13,6,economy,5,36.407,1,True,4,20
11142,8215,12,13,7,standard,5,8.881,3,True,8,40
11773,8215,12,13,7,economy,5,8.905,2,False,4,0
11686,8215,12,13,7,economy,7,27.94,8,True,4,28
11173,8215,12,13,7,standard,12,2.191,10,True,8,96
10851,8218,12,13,10,VIP,18,5.547,8,True,14,252
11558,8221,12,13,13,standard,9,5.476,9,True,8,72
11836,8222,12,13,14,economy,5,17.8,4,False,4,0
11722,8222,12,13,14,economy,7,30.615,10,True,4,28
11494,8222,12,13,14,standard,5,7.453,8,True,8,40
11489,8222,12,13,14,standard,7,6.734,3,False,8,0
10898,8223,12,13,15,VIP,12,6.962,3,True,14,168
11737,8224,12,13,16,economy,7,19.171,5,True,4,28
11846,8224,12,13,16,economy,5,15.63,3,True,4,20
10955,8224,12,13,16,VIP,10,2.389,10,True,14,140
11720,8224,12,13,16,economy,5,35.413,3,True,4,20
11243,8225,12,13,17,standard,9,3.865,5,True,8,72
10948,8225,12,13,17,VIP,10,0.54,4,True,14,140
11776,8226,12,13,18,economy,5,2.448,9,True,4,20
10968,8227,12,13,19,VIP,12,8.116,4,True,14,168
10994,8228,12,13,20,standard,7,3.199,4,True,8,56
11744,8229,12,13,21,economy,5,56.135,1,True,4,20
11366,8229,12,13,21,standard,7,5.632,4,True,8,56
11521,8229,12,13,21,standard,7,13.293,7,True,8,56
11875,8230,12,13,22,economy,3,63.65,8,True,4,12
10860,8230,12,13,22,VIP,12,5.429,8,True,14,168
11226,8230,12,13,22,standard,7,5.271,9,True,8,56
11253,8231,12,13,23,standard,5,11.419,8,True,8,40
10861,8232,12,14,0,VIP,15,2.378,8,True,14,210
11656,8232,12,14,0,economy,5,7.531,9,True,4,20
10986,8233,12,14,1,standard,9,17.621,3,True,8,72
11140,8235,12,14,3,standard,7,11.071,3,False,8,0
11106,8236,12,14,4,standard,5,9.43,6,False,8,0
11865,8236,12,14,4,economy,5,20.932,4,True,4,20
11916,8237,12,14,5,economy,3,39.698,9,True,4,12
11337,8237,12,14,5,standard,7,9.908,9,True,8,56
12016,8238,12,14,6,economy,5,20.287,1,True,4,20
11396,8238,12,14,6,standard,9,2.364,7,True,8,72
11315,8239,12,14,7,standard,7,4.224,10,True,8,56
11399,8239,12,14,7,standard,5,5.113,6,True,8,40
11551,8239,12,14,7,standard,5,12.053,3,True,8,40
11579,8239,12,14,7,economy,5,14.766,8,False,4,0
11569,8239,12,14,7,standard,7,0.958,6,True,8,56
11661,8240,12,14,8,economy,3,4.214,3,True,4,12
11765,8241,12,14,9,economy,7,25.238,3,False,4,0
11892,8241,12,14,9,economy,3,28.614,8,True,4,12
11122,8241,12,14,9,standard,9,28.576,7,True,8,72
11644,8241,12,14,9,economy,5,7.563,2,True,4,20
11188,8241,12,14,9,standard,7,8.993,9,True,8,56
11673,8243,12,14,11,economy,7,22.238,7,True,4,28
11969,8244,12,14,12,economy,3,12.83,9,False,4,0
11596,8245,12,14,13,economy,9,11.876,3,False,4,0
11799,8245,12,14,13,economy,9,94.838,5,False,4,0
11748,8245,12,14,13,economy,3,13.601,4,True,4,12
11730,8246,12,14,14,economy,7,0.133,6,False,4,0
10988,8246,12,14,14,standard,12,3.104,9,True,8,96
11309,8246,12,14,14,standard,7,9.299,3,True,8,56
11648,8247,12,14,15,economy,5,10.664,6,False,4,0
11617,8247,12,14,15,economy,7,33.0,7,True,4,28
11451,8247,12,14,15,standard,9,5.886,4,True,8,72
10924,8248,12,14,16,VIP,12,3.608,3,True,14,168
11133,8249,12,14,17,standard,7,28.288,2,True,8,56
11772,8249,12,14,17,economy,3,14.641,4,True,4,12
11677,8250,12,14,18,economy,5,29.137,4,True,4,20
11392,8250,12,14,18,standard,5,5.916,7,True,8,40
11897,8250,12,14,18,economy,9,8.271,6,True,4,36
11066,8252,12,14,20,standard,12,5.432,4,False,8,0
11899,8253,12,14,21,economy,3,24.501,7,True,4,12
12026,8253,12,14,21,economy,5,37.19,7,False,4,0
11470,8255,12,14,23,standard,7,8.977,4,False,8,0
11464,8255,12,14,23,standard,5,2.278,6,True,8,40
11012,8255,12,14,23,standard,12,13.028,4,True,8,96
11306,8256,12,15,0,standard,7,11.296,4,True,8,56
11257,8257,12,15,1,standard,7,5.532,5,False,8,0
11770,8258,12,15,2,economy,3,9.238,10,True,4,12
11600,8258,12,15,2,economy,9,19.392,4,True,4,36
11796,8260,12,15,4,economy,5,5.23,6,True,4,20
12024,8260,12,15,4,economy,5,29.747,7,True,4,20
11941,8261,12,15,5,economy,7,24.084,2,True,4,28
11453,8261,12,15,5,standard,7,4.014,10,True,8,56
11830,8261,12,15,5,economy,9,6.617,6,True,4,36
11895,8261,12,15,5,economy,5,12.717,6,False,4,0
11270,8262,12,15,6,standard,7,4.662,2,True,8,56
11948,8262,12,15,6,economy,9,33.545,8,True,4,36
11409,8264,12,15,8,standard,5,3.351,4,True,8,40
11979,8264,12,15,8,economy,9,10.448,7,True,4,36
11103,8266,12,15,10,standard,7,7.209,10,False,8,0
11130,8266,12,15,10,standard,9,12.151,3,True,8,72
11237,8266,12,15,10,standard,12,4.433,4,False,8,0
11053,8266,12,15,10,standard,9,9.141,9,True,8,72
11227,8269,12,15,13,standard,5,30.863,7,True,8,40
11447,8269,12,15,13,standard,7,8.368,7,True,8,56
11415,8269,12,15,13,standard,9,1.738,3,True,8,72
11468,8269,12,15,13,standard,12,3.883,10,True,8,96
11336,8270,12,15,14,standard,9,2.659,7,True,8,72
11101,8271,12,15,15,standard,12,12.674,4,True,8,96
11017,8271,12,15,15,standard,7,19.386,6,True,8,56
11452,8271,12,15,15,standard,5,19.015,2,True,8,40
11480,8272,12,15,16,standard,9,5.198,7,True,8,72
11277,8273,12,15,17,standard,5,5.14,6,True,8,40
10960,8273,12,15,17,VIP,18,3.792,10,True,14,252
11900,8273,12,15,17,economy,5,49.668,1,True,4,20
11619,8273,12,15,17,economy,9,31.647,3,True,4,36
11248,8275,12,15,19,standard,9,0.65,3,True,8,72
11385,8275,12,15,19,standard,5,3.421,1,True,8,40
10834,8276,12,15,20,VIP,12,3.822,4,True,14,168
10889,8276,12,15,20,VIP,12,3.871,7,True,14,168
11618,8276,12,15,20,economy,3,11.615,2,True,4,12
12003,8277,12,15,21,economy,7,16.452,4,False,4,0
11951,8277,12,15,21,economy,5,38.885,1,False,4,0
11499,8279,12,15,23,standard,5,13.115,6,True,8,40
11787,8279,12,15,23,economy,9,27.534,7,True,4,36
11717,8279,12,15,23,economy,5,6.894,4,True,4,20
11881,8279,12,15,23,economy,9,28.477,7,True,4,36
11330,8281,12,16,1,standard,7,4.249,8,True,8,56
11171,8281,12,16,1,standard,7,12.943,4,True,8,56
11498,8281,12,16,1,standard,9,12.385,9,True,8,72
11554,8282,12,16,2,standard,5,7.122,6,True,8,40
11381,8283,12,16,3,standard,7,17.009,7,True,8,56
11670,8283,12,16,3,economy,9,3.941,9,False,4,0
11476,8284,12,16,4,standard,7,2.754,1,True,8,56
11071,8284,12,16,4,standard,5,2.838,3,True,8,40
12007,8285,12,16,5,economy,3,25.721,4,True,4,12
11761,8285,12,16,5,economy,3,37.969,10,True,4,12
11768,8286,12,16,6,economy,5,29.521,6,False,4,0
11092,8288,12,16,8,standard,9,6.748,1,True,8,72
11994,8289,12,16,9,economy,3,4.396,4,False,4,0
11449,8290,12,16,10,standard,7,22.255,9,True,8,56
11060,8291,12,16,11,standard,9,11.202,5,False,8,0
11507,8291,12,16,11,standard,9,11.381,4,True,8,72
11514,8292,12,16,12,standard,12,16.539,7,True,8,96
11070,8292,12,16,12,standard,9,2.447,6,True,8,72
11339,8293,12,16,13,standard,7,6.578,2,True,8,56
10993,8293,12,16,13,standard,12,3.789,7,True,8,96
11601,8294,12,16,14,economy,5,10.822,4,True,4,20
11335,8295,12,16,15,standard,7,12.422,8,True,8,56
11380,8297,12,16,17,standard,7,12.874,9,True,8,56
11229,8299,12,16,19,standard,5,8.095,6,True,8,40
11200,8299,12,16,19,standard,12,4.139,1,False,8,0
11733,8300,12,16,20,economy,7,16.147,3,False,4,0
11144,8300,12,16,20,standard,9,1.519,5,True,8,72
10859,8300,12,16,20,VIP,15,3.825,8,True,14,210
11466,8301,12,16,21,standard,9,12.029,4,True,8,72
11010,8301,12,16,21,standard,9,11.593,5,True,8,72
11263,8302,12,16,22,standard,7,7.222,10,True,8,56
12044,8302,12,16,22,economy,3,19.177,10,True,4,12
11463,8303,12,16,23,standard,9,3.34,2,True,8,72
12017,8303,12,16,23,economy,3,2.157,3,True,4,12
11729,8303,12,16,23,economy,3,3.233,5,True,4,12
11011,8304,12,17,0,standard,7,22.053,2,True,8,56
11081,8305,12,17,1,standard,5,9.324,6,True,8,40
11087,8305,12,17,1,standard,9,8.099,7,True,8,72
11642,8306,12,17,2,economy,9,33.714,2,False,4,0
11091,8306,12,17,2,standard,9,11.494,7,True,8,72
11351,8306,12,17,2,standard,9,3.717,8,True,8,72
11382,8307,12,17,3,standard,9,1.682,8,True,8,72
11129,8308,12,17,4,standard,9,10.06,7,True,8,72
11784,8308,12,17,4,economy,7,14.565,8,False,4,0
11949,8308,12,17,4,economy,3,36.91,9,True,4,12
10941,8309,12,17,5,VIP,15,4.199,7,True,14,210
11926,8309,12,17,5,economy,5,40.036,10,False,4,0
11714,8310,12,17,6,economy,5,5.363,2,True,4,20
11876,8311,12,17,7,economy,9,11.875,1,True,4,36
11342,8311,12,17,7,standard,12,9.406,7,True,8,96
11300,8312,12,17,8,standard,7,24.771,1,True,8,56
10857,8313,12,17,9,VIP,12,4.576,8,True,14,168
11386,8314,12,17,10,standard,7,6.866,9,True,8,56
11050,8314,12,17,10,standard,9,8.291,6,True,8,72
11805,8314,12,17,10,economy,3,20.359,8,True,4,12
11360,8314,12,17,10,standard,12,11.759,2,True,8,96
11978,8314,12,17,10,economy,7,22.015,10,True,4,28
12043,8315,12,17,11,economy,5,46.984,9,False,4,0
11790,8316,12,17,12,economy,3,51.33,7,False,4,0
11611,8316,12,17,12,economy,5,22.232,6,False,4,0
11094,8317,12,17,13,standard,12,8.767,7,True,8,96
10850,8318,12,17,14,VIP,12,0.832,4,True,14,168
11808,8318,12,17,14,economy,7,30.791,6,True,4,28
11697,8319,12,17,15,economy,7,32.397,5,True,4,28
11388,8320,12,17,16,standard,7,9.067,9,True,8,56
10862,8320,12,17,16,VIP,18,6.168,10,True,14,252
11845,8320,12,17,16,economy,3,7.242,7,True,4,12
11319,8321,12,17,17,standard,5,18.619,9,False,8,0
11840,8322,12,17,18,economy,3,5.378,9,False,4,0
11684,8322,12,17,18,economy,9,18.897,2,True,4,36
10984,8323,12,17,19,VIP,12,2.409,4,True,14,168
11034,8324,12,17,20,standard,7,8.185,1,True,8,56
11682,8325,12,17,21,economy,3,16.873,9,True,4,12
11483,8325,12,17,21,standard,5,9.511,7,True,8,40
11641,8325,12,17,21,economy,3,16.886,6,True,4,12
11024,8326,12,17,22,standard,7,18.566,5,True,8,56
11629,8326,12,17,22,economy,3,36.177,1,True,4,12
11928,8328,12,18,0,economy,7,29.361,2,True,4,28
11438,8328,12,18,0,standard,9,28.483,8,True,8,72
11242,8329,12,18,1,standard,5,1.811,5,True,8,40
11886,8329,12,18,1,economy,3,23.594,4,True,4,12
11541,8331,12,18,3,standard,7,6.529,7,True,8,56
11680,8331,12,18,3,economy,5,17.766,2,False,4,0
10827,8331,12,18,3,VIP,15,8.747,10,True,14,210
11708,8331,12,18,3,economy,5,12.097,9,False,4,0
11528,8333,12,18,5,standard,7,4.132,10,True,8,56
11134,8333,12,18,5,standard,7,19.696,6,True,8,56
11148,8333,12,18,5,standard,12,26.29,10,True,8,96
11372,8336,12,18,8,standard,12,15.046,4,True,8,96
11518,8337,12,18,9,standard,7,4.591,10,True,8,56
10892,8339,12,18,11,VIP,15,4.551,8,True,14,210
11427,8339,12,18,11,standard,7,5.984,10,True,8,56
11255,8340,12,18,12,standard,12,2.5,2,True,8,96
11538,8341,12,18,13,standard,5,0.63,7,True,8,40
11847,8341,12,18,13,economy,3,13.319,8,True,4,12
10830,8341,12,18,13,VIP,12,8.804,2,True,14,168
11272,8341,12,18,13,standard,9,10.542,10,True,8,72
10867,8342,12,18,14,VIP,15,7.283,6,True,14,210
11477,8342,12,18,14,standard,9,15.364,2,True,8,72
11108,8342,12,18,14,standard,5,5.871,3,True,8,40
11224,8342,12,18,14,standard,7,8.28,10,True,8,56
11534,8342,12,18,14,standard,7,19.509,3,True,8,56
11777,8343,12,18,15,economy,3,22.134,1,True,4,12
10874,8343,12,18,15,VIP,18,10.67,8,True,14,252
11135,8344,12,18,16,standard,9,14.911,10,True,8,72
11627,8344,12,18,16,economy,3,56.986,3,True,4,12
11555,8345,12,18,17,standard,7,9.039,1,True,8,56
11789,8345,12,18,17,economy,7,3.688,3,True,4,28
11378,8346,12,18,18,standard,7,5.835,4,False,8,0
11852,8346,12,18,18,economy,3,36.278,6,True,4,12
11588,8347,12,18,19,economy,5,8.465,6,True,4,20
11022,8347,12,18,19,standard,7,3.735,5,True,8,56
11966,8349,12,18,21,economy,5,0.53,10,True,4,20
11635,8349,12,18,21,economy,5,11.212,7,True,4,20
10896,8351,12,18,23,VIP,18,2.482,10,True,14,252
10913,8351,12,18,23,VIP,18,4.22,8,True,14,252
11574,8352,12,19,0,standard,5,8.199,7,True,8,40
11905,8352,12,19,0,economy,3,12.124,3,False,4,0
11712,8353,12,19,1,economy,5,76.094,5,True,4,20
11844,8355,12,19,3,economy,5,55.619,5,True,4,20
12025,8355,12,19,3,economy,5,29.783,5,False,4,0
11158,8355,12,19,3,standard,12,3.446,7,True,8,96
11417,8355,12,19,3,standard,5,1.975,2,True,8,40
11215,8357,12,19,5,standard,12,16.474,2,True,8,96
11804,8359,12,19,7,economy,5,9.424,8,False,4,0
11517,8360,12,19,8,standard,7,2.464,2,True,8,56
11286,8360,12,19,8,standard,12,5.017,9,False,8,0
11792,8360,12,19,8,economy,9,38.636,8,True,4,36
11920,8363,12,19,11,economy,5,28.372,2,True,4,20
10878,8363,12,19,11,VIP,12,9.748,7,True,14,168
11512,8363,12,19,11,standard,9,11.109,3,True,8,72
11016,8364,12,19,12,standard,5,12.766,4,True,8,40
11098,8364,12,19,12,standard,5,6.069,4,True,8,40
11923,8365,12,19,13,economy,3,29.108,5,True,4,12
11420,8366,12,19,14,standard,5,17.9,1,True,8,40
11903,8367,12,19,15,economy,3,19.858,3,False,4,0
10828,8367,12,19,15,VIP,10,0.974,10,True,14,140
11448,8368,12,19,16,standard,9,6.89,3,True,8,72
11827,8368,12,19,16,economy,5,17.894,4,True,4,20
11258,8369,12,19,17,standard,9,4.605,3,True,8,72
11690,8369,12,19,17,economy,3,25.05,4,False,4,0
11036,8371,12,19,19,standard,9,9.636,5,True,8,72
11265,8371,12,19,19,standard,5,9.987,5,False,8,0
11715,8371,12,19,19,economy,3,10.185,8,False,4,0
11780,8371,12,19,19,economy,3,18.856,9,True,4,12
11458,8371,12,19,19,standard,7,13.934,1,True,8,56
11485,8372,12,19,20,standard,5,5.021,6,True,8,40
11672,8373,12,19,21,economy,7,14.022,5,True,4,28
10995,8375,12,19,23,standard,5,2.294,10,True,8,40
11837,8375,12,19,23,economy,5,22.849,4,True,4,20
11044,8376,12,20,0,standard,9,4.52,7,True,8,72
11168,8376,12,20,0,standard,7,3.825,4,True,8,56
11725,8377,12,20,1,economy,7,18.278,3,False,4,0
10943,8377,12,20,1,VIP,12,2.875,8,True,14,168
10846,8378,12,20,2,VIP,18,4.939,9,True,14,252
11762,8379,12,20,3,economy,3,68.089,5,False,4,0
11655,8380,12,20,4,economy,7,19.931,1,True,4,28
11568,8380,12,20,4,standard,12,11.289,2,True,8,96
11441,8380,12,20,4,standard,7,2.224,5,True,8,56
11069,8381,12,20,5,standard,7,2.306,1,True,8,56
11687,8381,12,20,5,economy,7,13.661,5,True,4,28
11157,8382,12,20,6,standard,7,8.287,2,True,8,56
11401,8382,12,20,6,standard,5,10.109,3,True,8,40
11074,8382,12,20,6,standard,5,4.079,4,True,8,40
11874,8383,12,20,7,economy,9,15.597,1,True,4,36
11689,8383,12,20,7,economy,3,1.869,1,True,4,12
11888,8383,12,20,7,economy,7,44.675,9,True,4,28
11807,8386,12,20,10,economy,3,8.538,5,True,4,12
11610,8386,12,20,10,economy,5,54.887,6,True,4,20
11735,8386,12,20,10,economy,7,5.286,2,True,4,28
11014,8386,12,20,10,standard,7,2.504,5,True,8,56
11987,8387,12,20,11,economy,3,20.24,10,True,4,12
11127,8387,12,20,11,standard,7,7.178,8,True,8,56
11566,8387,12,20,11,standard,12,9.074,2,True,8,96
11019,8388,12,20,12,standard,7,39.642,4,True,8,56
11393,8389,12,20,13,standard,9,4.26,5,True,8,72
11099,8389,12,20,13,standard,9,7.007,2,True,8,72
11943,8390,12,20,14,economy,3,12.284,3,True,4,12
10946,8391,12,20,15,VIP,15,15.567,7,True,14,210
11183,8392,12,20,16,standard,7,7.536,5,True,8,56
11311,8392,12,20,16,standard,7,29.241,8,True,8,56
11559,8392,12,20,16,standard,12,0.975,5,True,8,96
11959,8392,12,20,16,economy,9,14.268,4,True,4,36
11058,8392,12,20,16,standard,5,21.053,3,True,8,40
10926,8393,12,20,17,VIP,15,7.391,5,True,14,210
11405,8393,12,20,17,standard,12,6.363,4,False,8,0
11970,8394,12,20,18,economy,7,29.97,6,True,4,28
11367,8394,12,20,18,standard,9,7.734,8,True,8,72
11234,8395,12,20,19,standard,7,3.231,2,True,8,56
11298,8395,12,20,19,standard,7,25.715,3,True,8,56
11919,8398,12,20,22,economy,3,16.49,3,False,4,0
11346,8398,12,20,22,standard,5,16.647,9,True,8,40
10918,8399,12,20,23,VIP,15,3.971,9,False,14,0
11113,8399,12,20,23,standard,7,3.766,3,True,8,56
11110,8399,12,20,23,standard,9,8.411,1,True,8,72
11880,8400,12,21,0,economy,9,29.636,5,False,4,0
10947,8400,12,21,0,VIP,12,2.534,3,True,14,168
11741,8401,12,21,1,economy,3,26.475,2,False,4,0
11421,8401,12,21,1,standard,7,12.281,3,True,8,56
11426,8401,12,21,1,standard,12,24.364,6,True,8,96
11604,8401,12,21,1,economy,5,22.167,2,True,4,20
11877,8401,12,21,1,economy,9,3.399,7,False,4,0
11707,8401,12,21,1,economy,9,44.976,7,True,4,36
10882,8402,12,21,2,VIP,18,11.947,8,True,14,252
11430,8402,12,21,2,standard,7,6.283,2,True,8,56
11523,8402,12,21,2,standard,7,11.584,2,True,8,56
11665,8402,12,21,2,economy,5,10.191,2,False,4,0
11250,8403,12,21,3,standard,12,6.11,7,True,8,96
11020,8404,12,21,4,standard,7,6.291,4,True,8,56
11169,8404,12,21,4,standard,9,1.684,8,True,8,72
11056,8405,12,21,5,standard,7,4.667,5,True,8,56
11885,8405,12,21,5,economy,5,5.946,6,False,4,0
11052,8405,12,21,5,standard,9,5.693,4,True,8,72
11461,8406,12,21,6,standard,12,6.662,4,True,8,96
11587,8407,12,21,7,economy,5,37.628,10,True,4,20
11786,8408,12,21,8,economy,9,4.437,4,True,4,36
11000,8409,12,21,9,standard,7,2.683,9,True,8,56
11097,8409,12,21,9,standard,7,35.638,8,False,8,0
11953,8409,12,21,9,economy,7,6.586,10,True,4,28
11660,8409,12,21,9,economy,3,16.135,3,False,4,0
11645,8410,12,21,10,economy,7,36.711,2,True,4,28
12031,8410,12,21,10,economy,3,23.36,9,True,4,12
11599,8411,12,21,11,economy,7,12.639,7,True,4,28
11664,8411,12,21,11,economy,7,37.964,10,True,4,28
10929,8411,12,21,11,VIP,12,3.906,5,True,14,168
11964,8413,12,21,13,economy,5,1.342,5,True,4,20
11632,8413,12,21,13,economy,5,17.493,2,True,4,20
11047,8413,12,21,13,standard,12,14.277,5,True,8,96
11398,8413,12,21,13,standard,5,11.603,10,True,8,40
11125,8414,12,21,14,standard,12,4.438,5,True,8,96
11473,8414,12,21,14,standard,12,20.791,8,True,8,96
10923,8414,12,21,14,VIP,12,0.406,5,True,14,168
12032,8414,12,21,14,economy,5,22.946,8,True,4,20
11904,8414,12,21,14,economy,7,28.509,2,True,4,28
11211,8415,12,21,15,standard,9,14.285,10,False,8,0
11404,8415,12,21,15,standard,9,11.793,10,True,8,72
11567,8416,12,21,16,standard,7,11.382,10,False,8,0
11942,8416,12,21,16,economy,5,8.938,1,True,4,20
11290,8417,12,21,17,standard,5,25.249,9,False,8,0
11810,8417,12,21,17,economy,7,20.416,8,True,4,28
11356,8417,12,21,17,standard,7,4.059,1,True,8,56
11944,8418,12,21,18,economy,7,13.302,8,True,4,28
11540,8420,12,21,20,standard,7,3.926,6,True,8,56
12004,8420,12,21,20,economy,9,14.156,6,True,4,36
12002,8420,12,21,20,economy,5,43.046,6,True,4,20
10865,8420,12,21,20,VIP,12,1.626,1,True,14,168
11411,8421,12,21,21,standard,7,3.403,4,True,8,56
11145,8421,12,21,21,standard,9,9.581,9,True,8,72
11532,8421,12,21,21,standard,12,26.008,4,True,8,96
11775,8421,12,21,21,economy,7,19.892,3,True,4,28
10985,8422,12,21,22,VIP,15,7.624,5,True,14,210
11679,8423,12,21,23,economy,5,53.272,8,True,4,20
10895,8424,12,22,0,VIP,12,2.873,6,True,14,168
11814,8425,12,22,1,economy,3,31.267,7,True,4,12
11408,8426,12,22,2,standard,9,6.519,9,True,8,72
12033,8427,12,22,3,economy,3,11.755,10,True,4,12
11855,8427,12,22,3,economy,3,22.07,6,False,4,0
10963,8428,12,22,4,VIP,15,3.307,6,True,14,210
10888,8429,12,22,5,VIP,15,1.309,10,True,14,210
11147,8430,12,22,6,standard,12,4.923,7,True,8,96
11606,8430,12,22,6,economy,3,9.274,6,True,4,12
11736,8430,12,22,6,economy,3,23.861,8,False,4,0
10854,8431,12,22,7,VIP,10,12.074,7,True,14,140
11303,8431,12,22,7,standard,7,5.049,2,True,8,56
11822,8432,12,22,8,economy,3,32.516,6,True,4,12
11526,8433,12,22,9,standard,7,4.68,1,True,8,56
12021,8433,12,22,9,economy,9,29.593,1,True,4,36
11439,8434,12,22,10,standard,7,1.73,2,True,8,56
12012,8434,12,22,10,economy,7,37.056,1,True,4,28
11434,8434,12,22,10,standard,5,0.545,3,True,8,40
12000,8435,12,22,11,economy,5,41.894,4,False,4,0
11180,8435,12,22,11,standard,5,7.671,10,True,8,40
11653,8435,12,22,11,economy,9,21.779,3,False,4,0
11384,8437,12,22,13,standard,12,17.507,4,True,8,96
11329,8438,12,22,14,standard,7,9.374,2,True,8,56
11901,8439,12,22,15,economy,9,11.662,10,True,4,36
11153,8439,12,22,15,standard,5,10.019,4,True,8,40
11782,8440,12,22,16,economy,3,33.982,5,True,4,12
11662,8440,12,22,16,economy,5,36.526,7,True,4,20
11077,8440,12,22,16,standard,7,29.359,9,True,8,56
11896,8440,12,22,16,economy,3,29.153,6,True,4,12
11391,8441,12,22,17,standard,12,7.875,1,True,8,96
11743,8441,12,22,17,economy,5,3.766,8,True,4,20
10938,8442,12,22,18,VIP,12,3.068,5,True,14,168
11131,8442,12,22,18,standard,12,24.735,1,True,8,96
10872,8442,12,22,18,VIP,12,1.949,4,True,14,168
11985,8443,12,22,19,economy,3,6.814,1,True,4,12
11576,8443,12,22,19,standard,5,6.591,9,False,8,0
11742,8444,12,22,20,economy,3,6.479,7,False,4,0
11612,8444,12,22,20,economy,3,21.25,3,True,4,12
11216,8445,12,22,21,standard,5,5.467,3,True,8,40
11481,8445,12,22,21,standard,9,9.952,3,False,8,0
11963,8445,12,22,21,economy,3,15.345,10,True,4,12
12039,8447,12,22,23,economy,5,44.677,10,True,4,20
11861,8447,12,22,23,economy,7,45.837,9,True,4,28
10885,8447,12,22,23,VIP,18,1.327,7,True,14,252
11546,8448,12,23,0,standard,7,1.622,6,True,8,56
11887,8448,12,23,0,economy,5,15.693,9,True,4,20
11379,8449,12,23,1,standard,5,9.67,2,True,8,40
11520,8449,12,23,1,standard,7,12.959,2,True,8,56
11033,8450,12,23,2,standard,9,2.382,9,True,8,72
11209,8450,12,23,2,standard,7,0.937,9,True,8,56
11240,8452,12,23,4,standard,7,13.034,1,True,8,56
11197,8453,12,23,5,standard,12,4.613,3,True,8,96
11971,8453,12,23,5,economy,3,1.924,6,True,4,12
11999,8456,12,23,8,economy,5,4.129,1,True,4,20
11328,8456,12,23,8,standard,7,10.274,6,True,8,56
11614,8457,12,23,9,economy,7,38.317,7,True,4,28
11671,8457,12,23,9,economy,5,18.324,1,False,4,0
11547,8457,12,23,9,standard,5,11.394,7,True,8,40
11172,8457,12,23,9,standard,12,2.943,9,True,8,96
11894,8458,12,23,10,economy,9,13.32,8,True,4,36
11531,8458,12,23,10,standard,7,18.46,10,True,8,56
11471,8458,12,23,10,standard,9,12.485,5,True,8,72
11513,8458,12,23,10,standard,12,7.665,9,True,8,96
11484,8459,12,23,11,standard,5,15.133,5,True,8,40
11424,8459,12,23,11,standard,12,18.356,1,True,8,96
10933,8459,12,23,11,VIP,10,6.954,10,True,14,140
11869,8459,12,23,11,economy,3,14.997,8,False,4,0
11105,8460,12,23,12,standard,5,13.086,3,True,8,40
10855,8461,12,23,13,VIP,12,4.419,1,True,14,168
10899,8462,12,23,14,VIP,12,8.425,5,True,14,168
11848,8462,12,23,14,economy,3,30.854,6,False,4,0
11389,8463,12,23,15,standard,7,4.979,4,True,8,56
11918,8464,12,23,16,economy,3,18.965,9,True,4,12
11839,8465,12,23,17,economy,7,12.107,8,True,4,28
11930,8465,12,23,17,economy,9,9.389,1,True,4,36
11873,8465,12,23,17,economy,5,9.048,1,True,4,20
11866,8466,12,23,18,economy,7,8.434,7,True,4,28
10991,8466,12,23,18,standard,7,3.666,6,True,8,56
11181,8467,12,23,19,standard,7,7.803,4,True,8,56
11696,8468,12,23,20,economy,5,25.574,2,True,4,20
11802,8470,12,23,22,economy,7,18.205,3,True,4,28
11440,8470,12,23,22,standard,5,5.932,7,True,8,40
11745,8471,12,23,23,economy,3,10.676,1,True,4,12
11993,8471,12,23,23,economy,9,23.267,8,True,4,36
10841,8471,12,23,23,VIP,15,17.334,8,True,14,210
11505,8471,12,23,23,standard,5,12.236,10,True,8,40
11624,8471,12,23,23,economy,3,25.337,6,True,4,12
11934,8471,12,23,23,economy,5,1.697,4,True,4,20
11593,8472,12,24,0,economy,7,10.025,7,True,4,28
11585,8472,12,24,0,economy,7,10.17,3,True,4,28
11004,8472,12,24,0,standard,5,27.2,2,True,8,40
11373,8474,12,24,2,standard,9,26.634,6,True,8,72
11702,8474,12,24,2,economy,5,41.645,5,True,4,20
10959,8474,12,24,2,VIP,18,2.501,9,True,14,252
11414,8475,12,24,3,standard,9,6.624,10,True,8,72
11187,8475,12,24,3,standard,7,10.383,10,True,8,56
11247,8476,12,24,4,standard,7,1.341,1,False,8,0
11654,8477,12,24,5,economy,7,12.896,10,True,4,28
10886,8477,12,24,5,VIP,15,12.364,6,True,14,210
11083,8477,12,24,5,standard,12,3.893,5,True,8,96
11996,8477,12,24,5,economy,7,2.477,8,False,4,0
12030,8478,12,24,6,economy,3,11.621,3,True,4,12
11491,8479,12,24,7,standard,5,20.967,6,True,8,40
11821,8479,12,24,7,economy,5,29.082,1,True,4,20
11998,8480,12,24,8,economy,5,5.355,2,True,4,20
11376,8480,12,24,8,standard,7,5.074,7,True,8,56
11459,8481,12,24,9,standard,12,6.083,6,True,8,96
11630,8481,12,24,9,economy,3,7.799,3,False,4,0
11832,8485,12,24,13,economy,3,2.594,7,True,4,12
11462,8485,12,24,13,standard,7,7.34,6,True,8,56
10954,8485,12,24,13,VIP,10,14.124,3,True,14,140
11988,8486,12,24,14,economy,5,5.991,10,True,4,20
11126,8487,12,24,15,standard,9,12.263,2,True,8,72
11539,8489,12,24,17,standard,12,2.803,10,True,8,96
11268,8489,12,24,17,standard,12,11.966,5,True,8,96
10999,8489,12,24,17,standard,9,8.024,9,False,8,0
11607,8489,12,24,17,economy,7,16.735,10,True,4,28
11913,8490,12,24,18,economy,9,8.407,6,True,4,36
11160,8491,12,24,19,standard,5,7.87,6,True,8,40
10912,8491,12,24,19,VIP,15,4.556,7,True,14,210
10871,8491,12,24,19,VIP,10,3.248,4,True,14,140
11669,8491,12,24,19,economy,9,28.767,9,True,4,36
11196,8492,12,24,20,standard,7,11.071,6,True,8,56
11428,8493,12,24,21,standard,7,8.544,9,True,8,56
11622,8494,12,24,22,economy,7,37.899,10,True,4,28
11352,8495,12,24,23,standard,9,3.781,9,True,8,72
11332,8495,12,24,23,standard,7,1.438,9,True,8,56
11858,8495,12,24,23,economy,9,24.018,6,False,4,0
11194,8497,12,25,1,standard,9,6.968,8,True,8,72
12034,8497,12,25,1,economy,7,22.638,4,True,4,28
11193,8498,12,25,2,standard,5,4.416,1,True,8,40
11325,8498,12,25,2,standard,9,8.575,10,True,8,72
11413,8499,12,25,3,standard,9,5.159,9,True,8,72
11037,8500,12,25,4,standard,5,3.389,7,True,8,40
11472,8500,12,25,4,standard,9,12.625,2,False,8,0
11124,8501,12,25,5,standard,9,4.128,2,True,8,72
11759,8501,12,25,5,economy,3,28.123,9,False,4,0
11259,8504,12,25,8,standard,9,7.742,10,True,8,72
10879,8504,12,25,8,VIP,15,9.281,6,True,14,210
10838,8505,12,25,9,VIP,15,4.852,10,True,14,210
11374,8508,12,25,12,standard,7,15.868,4,True,8,56
10952,8509,12,25,13,VIP,15,3.902,10,False,14,0
10873,8510,12,25,14,VIP,12,1.97,2,True,14,168
10957,8510,12,25,14,VIP,15,5.689,8,True,14,210
11850,8511,12,25,15,economy,3,22.003,6,True,4,12
11818,8511,12,25,15,economy,3,5.872,8,True,4,12
11318,8511,12,25,15,standard,12,10.206,3,True,8,96
12020,8511,12,25,15,economy,7,11.633,9,False,4,0
11989,8511,12,25,15,economy,5,11.101,1,True,4,20
11984,8512,12,25,16,economy,5,12.238,1,True,4,20
11344,8512,12,25,16,standard,7,20.348,2,True,8,56
10905,8513,12,25,17,VIP,18,1.913,7,True,14,252
10939,8513,12,25,17,VIP,15,4.029,5,True,14,210
11119,8514,12,25,18,standard,7,16.55,5,True,8,56
11639,8514,12,25,18,economy,3,31.976,6,True,4,12
11771,8515,12,25,19,economy,5,6.145,2,False,4,0
11589,8516,12,25,20,economy,5,35.617,4,False,4,0
11219,8516,12,25,20,standard,9,11.34,9,True,8,72
11068,8517,12,25,21,standard,9,8.09,1,True,8,72
10977,8518,12,25,22,VIP,15,6.733,9,True,14,210
12035,8519,12,25,23,economy,3,10.862,10,True,4,12
10849,8520,12,26,0,VIP,12,7.088,8,True,14,168
11592,8521,12,26,1,economy,3,16.164,6,True,4,12
11175,8521,12,26,1,standard,12,8.287,1,False,8,0
11096,8521,12,26,1,standard,5,5.644,9,True,8,40
11560,8521,12,26,1,standard,12,2.875,8,True,8,96
11063,8521,12,26,1,standard,7,4.558,6,True,8,56
11709,8522,12,26,2,economy,3,3.849,6,True,4,12
11990,8522,12,26,2,economy,7,27.323,9,True,4,28
11703,8522,12,26,2,economy,5,16.304,1,False,4,0
11038,8523,12,26,3,standard,9,0.676,1,True,8,72
10934,8523,12,26,3,VIP,18,4.055,9,True,14,252
11156,8524,12,26,4,standard,7,11.816,7,True,8,56
11582,8524,12,26,4,economy,3,35.646,9,True,4,12
11073,8525,12,26,5,standard,12,7.335,7,True,8,96
11236,8525,12,26,5,standard,12,6.787,4,True,8,96
11938,8526,12,26,6,economy,5,18.732,7,True,4,20
11407,8527,12,26,7,standard,7,10.228,9,False,8,0
11524,8527,12,26,7,standard,9,6.648,2,False,8,0
11819,8527,12,26,7,economy,5,18.962,4,True,4,20
11695,8527,12,26,7,economy,3,26.559,5,False,4,0
11402,8527,12,26,7,standard,9,6.159,5,True,8,72
11628,8529,12,26,9,economy,3,12.881,6,False,4,0
11260,8531,12,26,11,standard,12,6.32,8,True,8,96
11422,8531,12,26,11,standard,7,3.613,7,True,8,56
11400,8532,12,26,12,standard,9,4.807,9,True,8,72
10890,8532,12,26,12,VIP,12,7.642,9,True,14,168
11950,8532,12,26,12,economy,5,29.281,10,False,4,0
11983,8532,12,26,12,economy,7,18.854,1,False,4,0
11626,8532,12,26,12,economy,3,15.56,4,True,4,12
11460,8535,12,26,15,standard,9,22.597,10,True,8,72
11267,8536,12,26,16,standard,7,4.958,4,True,8,56
11711,8536,12,26,16,economy,5,40.475,1,False,4,0
11563,8538,12,26,18,standard,7,13.292,7,True,8,56
11141,8539,12,26,19,standard,7,16.526,2,False,8,0
11469,8539,12,26,19,standard,12,3.016,10,True,8,96
11295,8540,12,26,20,standard,5,8.196,8,True,8,40
11806,8540,12,26,20,economy,5,9.394,9,False,4,0
11991,8540,12,26,20,economy,7,58.793,8,True,4,28
11620,8541,12,26,21,economy,9,11.545,6,True,4,36
10870,8542,12,26,22,VIP,15,7.971,5,True,14,210
11519,8543,12,26,23,standard,5,17.96,2,True,8,40
11638,8544,12,27,0,economy,3,63.355,5,True,4,12
11333,8545,12,27,1,standard,12,4.095,7,True,8,96
11835,8545,12,27,1,economy,5,6.8,4,True,4,20
11549,8546,12,27,2,standard,7,3.745,6,True,8,56
10975,8546,12,27,2,VIP,18,5.084,9,True,14,252
11121,8547,12,27,3,standard,7,2.456,8,False,8,0
11753,8548,12,27,4,economy,5,1.844,1,True,4,20
12029,8550,12,27,6,economy,9,16.931,7,False,4,0
11882,8550,12,27,6,economy,3,21.133,8,True,4,12
10884,8550,12,27,6,VIP,12,1.255,5,True,14,168
10904,8550,12,27,6,VIP,15,5.272,10,True,14,210
11957,8552,12,27,8,economy,3,10.831,5,False,4,0
11239,8552,12,27,8,standard,7,3.939,2,True,8,56
11281,8552,12,27,8,standard,12,11.612,10,True,8,96
11326,8553,12,27,9,standard,5,37.536,4,True,8,40
12022,8553,12,27,9,economy,3,27.031,3,True,4,12
11553,8553,12,27,9,standard,5,4.786,4,True,8,40
11316,8554,12,27,10,standard,12,7.066,8,False,8,0
11795,8555,12,27,11,economy,9,42.861,5,True,4,36
10836,8556,12,27,12,VIP,12,2.908,10,True,14,168
10969,8556,12,27,12,VIP,12,4.268,10,True,14,168
11186,8557,12,27,13,standard,5,1.504,9,True,8,40
11692,8557,12,27,13,economy,5,4.457,9,True,4,20
11763,8557,12,27,13,economy,5,28.599,7,False,4,0
11287,8557,12,27,13,standard,7,2.942,10,True,8,56
11283,8558,12,27,14,standard,9,2.036,6,True,8,72
11199,8559,12,27,15,standard,7,3.649,8,True,8,56
11977,8560,12,27,16,economy,7,13.233,10,True,4,28
11383,8560,12,27,16,standard,7,7.908,4,True,8,56
11492,8561,12,27,17,standard,9,3.812,3,True,8,72
11552,8561,12,27,17,standard,5,36.386,9,True,8,40
11486,8562,12,27,18,standard,7,3.309,10,True,8,56
11041,8563,12,27,19,standard,7,6.283,3,True,8,56
11150,8563,12,27,19,standard,12,9.123,4,True,8,96
10843,8564,12,27,20,VIP,12,5.311,9,True,14,168
11137,8566,12,27,22,standard,7,8.907,7,True,8,56
11080,8567,12,27,23,standard,7,25.093,9,True,8,56
11856,8567,12,27,23,economy,9,11.153,9,True,4,36
11922,8568,12,28,0,economy,7,35.246,6,True,4,28
11067,8569,12,28,1,standard,9,2.105,7,True,8,72
11757,8570,12,28,2,economy,3,3.969,10,True,4,12
12027,8571,12,28,3,economy,3,14.478,1,False,4,0
10902,8572,12,28,4,VIP,18,5.802,9,True,14,252
11767,8573,12,28,5,economy,3,23.973,2,True,4,12
11500,8574,12,28,6,standard,9,7.519,1,True,8,72
10903,8574,12,28,6,VIP,15,7.038,5,True,14,210
11838,8574,12,28,6,economy,3,31.747,4,True,4,12
10932,8574,12,28,6,VIP,10,4.447,1,True,14,140
11912,8576,12,28,8,economy,3,19.175,1,True,4,12
11506,8577,12,28,9,standard,12,4.966,6,False,8,0
11154,8578,12,28,10,standard,7,3.62,1,True,8,56
10989,8578,12,28,10,standard,7,0.812,2,True,8,56
11537,8578,12,28,10,standard,7,17.918,9,True,8,56
11176,8579,12,28,11,standard,9,8.812,8,True,8,72
11397,8579,12,28,11,standard,7,13.176,5,True,8,56
11230,8579,12,28,11,standard,9,26.062,6,True,8,72
11139,8580,12,28,12,standard,12,7.255,4,True,8,96
11387,8580,12,28,12,standard,9,25.717,8,True,8,72
11726,8581,12,28,13,economy,7,51.279,4,False,4,0
10914,8581,12,28,13,VIP,15,2.97,7,True,14,210
11072,8582,12,28,14,standard,9,0.809,6,True,8,72
10982,8584,12,28,16,VIP,18,5.483,8,True,14,252
10958,8585,12,28,17,VIP,15,0.516,6,True,14,210
11465,8586,12,28,18,standard,5,6.888,9,True,8,40
10990,8587,12,28,19,standard,9,10.67,8,True,8,72
11027,8587,12,28,19,standard,12,2.454,10,True,8,96
11436,8588,12,28,20,standard,12,12.05,1,True,8,96
11191,8589,12,28,21,standard,5,3.59,7,True,8,40
11704,8591,12,28,23,economy,5,11.346,10,True,4,20
11308,8591,12,28,23,standard,9,4.627,1,True,8,72
11637,8592,12,29,0,economy,3,5.946,7,False,4,0
11931,8595,12,29,3,economy,3,9.658,10,True,4,12
11952,8595,12,29,3,economy,3,10.472,2,False,4,0
11529,8596,12,29,4,standard,5,3.758,7,True,8,40
11165,8597,12,29,5,standard,9,2.845,8,False,8,0
11429,8598,12,29,6,standard,7,9.738,10,True,8,56
11348,8598,12,29,6,standard,7,6.169,3,False,8,0
11334,8598,12,29,6,standard,9,11.865,1,True,8,72
11986,8598,12,29,6,economy,5,9.036,9,True,4,20
11042,8599,12,29,7,standard,7,12.716,7,True,8,56
10858,8600,12,29,8,VIP,10,10.406,4,True,14,140
11646,8600,12,29,8,economy,5,19.285,5,False,4,0
10937,8600,12,29,8,VIP,12,4.421,3,True,14,168
11115,8600,12,29,8,standard,5,5.903,3,True,8,40
11724,8601,12,29,9,economy,5,42.27,5,True,4,20
11307,8601,12,29,9,standard,9,11.798,6,True,8,72
11510,8602,12,29,10,standard,7,0.978,2,True,8,56
10829,8602,12,29,10,VIP,15,1.45,9,True,14,210
10970,8603,12,29,11,VIP,15,2.853,9,True,14,210
11723,8603,12,29,11,economy,3,16.555,1,True,4,12
11457,8604,12,29,12,standard,7,3.577,1,False,8,0
11650,8604,12,29,12,economy,5,25.382,10,True,4,20
11146,8605,12,29,13,standard,7,3.003,2,True,8,56
10945,8605,12,29,13,VIP,18,3.628,7,True,14,252
11591,8608,12,29,16,economy,5,15.466,9,False,4,0
11676,8608,12,29,16,economy,3,64.884,1,True,4,12
11164,8608,12,29,16,standard,12,7.716,2,True,8,96
11783,8608,12,29,16,economy,7,30.563,10,True,4,28
11152,8611,12,29,19,standard,7,11.874,1,True,8,56
11443,8611,12,29,19,standard,9,9.859,3,True,8,72
11774,8612,12,29,20,economy,5,41.149,10,True,4,20
11266,8613,12,29,21,standard,9,3.315,2,True,8,72
10907,8613,12,29,21,VIP,12,4.824,4,True,14,168
10935,8614,12,29,22,VIP,12,2.745,2,True,14,168
10925,8615,12,29,23,VIP,18,3.865,10,True,14,252
11769,8615,12,29,23,economy,9,18.531,6,True,4,36
11273,8615,12,29,23,standard,12,5.937,2,True,8,96
11755,8615,12,29,23,economy,5,6.628,10,True,4,20
11482,8615,12,29,23,standard,9,11.97,7,True,8,72
11214,8617,12,30,1,standard,5,3.123,8,True,8,40
10919,8618,12,30,2,VIP,15,3.911,7,True,14,210
11831,8619,12,30,3,economy,9,5.51,7,True,4,36
11445,8619,12,30,3,standard,9,21.864,4,True,8,72
11962,8620,12,30,4,economy,5,15.368,7,True,4,20
11192,8620,12,30,4,standard,7,2.513,10,True,8,56
11354,8620,12,30,4,standard,5,10.553,2,True,8,40
11625,8620,12,30,4,economy,5,38.426,10,True,4,20
11261,8620,12,30,4,standard,7,2.65,3,True,8,56
11117,8621,12,30,5,standard,5,21.739,4,False,8,0
11213,8621,12,30,5,standard,9,1.524,4,True,8,72
11155,8622,12,30,6,standard,12,5.338,3,False,8,0
11231,8622,12,30,6,standard,12,18.603,7,True,8,96
11841,8623,12,30,7,economy,3,12.782,7,False,4,0
11828,8623,12,30,7,economy,3,28.1,3,True,4,12
11758,8623,12,30,7,economy,3,12.808,10,False,4,0
11291,8625,12,30,9,standard,12,6.9,7,False,8,0
11111,8626,12,30,10,standard,12,4.204,1,True,8,96
11174,8627,12,30,11,standard,7,4.345,1,True,8,56
11001,8627,12,30,11,standard,7,5.731,5,True,8,56
11394,8630,12,30,14,standard,5,10.881,8,False,8,0
11437,8631,12,30,15,standard,5,25.989,7,True,8,40
10869,8633,12,30,17,VIP,12,6.21,1,True,14,168
11093,8634,12,30,18,standard,7,5.643,6,True,8,56
11276,8635,12,30,19,standard,5,2.944,10,True,8,40
11364,8637,12,30,21,standard,12,6.095,10,True,8,96
12001,8637,12,30,21,economy,7,59.398,10,True,4,28
11616,8637,12,30,21,economy,5,0.334,2,True,4,20
11906,8639,12,30,23,economy,3,22.654,9,True,4,12
